id,valor,peso,volumen,categoria
1,65.75,2.23,11.73,food
2,18.26,6.02,29.89,clothing
3,13.26,21.67,2.16,food
4,27.1,30.5,22.89,clothing
5,44.85,23.01,11.85,tools
6,77.09,8.82,17.48,electronics
7,19.77,47.9,14.13,tools
8,41.09,18.59,14.41,electronics
9,81.68,36.76,21.91,medical
10,12.49,15.37,25.52,electronics
11,59.85,35.52,2.79,food
12,78.44,49.28,34.36,tools
13,41.11,23.22,33.53,food
14,40.17,11.27,11.41,tools
15,62.87,9.39,29.44,food
16,48.91,14.23,37.09,clothing
17,25.86,16.89,30.96,tools
18,26.76,2.57,13.3,electronics
19,11.29,45.74,23.12,electronics
20,25.2,25.46,35.5,medical
21,18.57,7.84,30.05,clothing
22,29.96,29.64,36.02,medical
23,39.39,49.87,6.39,medical
24,13.64,3.31,5.28,food
25,80.25,21.69,3.48,medical
26,61.61,23.93,10.81,clothing
27,86.77,1.56,29.11,clothing
28,76.33,38.66,14.27,electronics
29,46.3,23.23,38.2,electronics
30,97.33,38.34,20.8,tools
31,87.7,15.62,25.92,clothing
32,23.9,19.32,7.3,clothing
33,92.26,30.35,20.06,tools
34,93.26,44.06,33.43,electronics
35,27.75,12.8,23.13,tools
36,13.14,24.81,3.7,clothing
37,77.75,7.29,19.54,clothing
38,20.69,26.86,24.66,food
39,93.25,38.01,27.9,electronics
40,42.9,33.91,15.56,clothing
41,47.89,13.15,3.5,tools
42,60.89,12.28,9.59,tools
43,72.24,3.88,3.63,tools
44,86.67,4.47,10.28,medical
45,25.35,7.48,37.49,clothing
46,59.74,12.91,19.45,medical
47,23.09,5.75,17.81,medical
48,44.05,43.33,3.11,tools
49,10.76,36.68,32.22,tools
50,28.62,10.32,18.5,medical
51,22.43,23.67,35.1,tools
52,47.1,43.21,22.46,tools
53,66.95,27.49,1.58,tools
54,93.0,42.59,7.49,medical
55,50.73,43.37,36.2,food
56,41.0,49.28,11.34,medical
57,32.1,35.13,29.49,clothing
58,67.88,24.85,8.41,food
59,97.03,29.38,22.15,electronics
60,10.43,29.62,20.61,clothing
61,19.96,48.08,4.12,food
62,11.51,4.33,34.61,medical
63,16.39,44.62,10.6,clothing
64,8.78,5.02,26.64,clothing
65,54.66,46.8,8.97,electronics
66,27.68,20.39,27.2,electronics
67,48.44,46.52,37.49,tools
68,48.54,49.92,39.85,tools
69,56.08,25.79,6.17,electronics
70,88.68,44.08,15.41,food
71,46.63,27.62,12.8,clothing
72,5.74,41.04,12.68,tools
73,94.2,7.58,5.5,tools
74,75.53,8.62,11.99,food
75,73.17,10.98,25.74,electronics
76,53.01,13.3,36.42,tools
77,13.77,21.76,11.79,tools
78,36.69,7.41,39.21,food
79,75.42,28.03,17.68,tools
80,15.63,47.31,27.95,food
81,56.83,41.9,23.72,food
82,45.83,3.05,15.22,tools
83,90.4,11.29,10.73,tools
84,38.6,28.43,35.11,clothing
85,76.2,46.36,10.23,food
86,97.74,40.73,35.38,tools
87,22.04,46.3,31.51,medical
88,81.21,43.34,32.62,electronics
89,20.12,35.36,15.92,tools
90,86.57,11.9,32.85,medical
91,38.22,41.21,34.98,food
92,7.25,10.46,13.8,tools
93,96.85,14.68,26.02,medical
94,69.55,42.34,13.91,tools
95,15.96,48.55,7.96,electronics
96,8.63,30.23,14.48,electronics
97,46.46,49.23,5.51,clothing
98,23.06,3.17,18.01,clothing
99,92.93,27.38,29.06,food
100,39.6,4.43,26.91,electronics
101,64.2,33.51,5.86,electronics
102,53.18,33.68,13.72,electronics
103,57.67,10.4,26.93,medical
104,69.35,45.24,25.01,electronics
105,43.58,41.85,12.85,food
106,45.84,29.42,26.53,medical
107,46.97,34.11,20.94,food
108,67.59,14.91,26.89,clothing
109,36.84,41.1,30.29,electronics
110,26.34,10.76,1.95,food
111,98.47,30.95,30.97,medical
112,44.37,31.86,8.58,medical
113,51.97,12.96,26.59,tools
114,89.8,43.16,35.53,medical
115,25.79,40.4,28.14,medical
116,9.77,13.21,34.09,medical
117,17.67,23.77,21.71,clothing
118,61.57,47.55,35.77,clothing
119,82.43,44.71,17.64,clothing
120,47.36,8.8,34.6,medical
121,29.62,13.11,25.87,clothing
122,51.04,12.72,18.16,electronics
123,27.28,17.46,35.83,tools
124,18.15,12.33,28.06,food
125,11.1,20.97,22.16,medical
126,10.92,41.81,16.19,clothing
127,94.88,1.96,35.35,clothing
128,41.14,1.29,14.72,medical
129,86.08,47.72,17.34,clothing
130,80.99,44.99,20.04,electronics
131,46.4,2.42,14.11,medical
132,73.8,42.18,36.86,clothing
133,55.74,45.44,24.08,tools
134,12.98,22.0,34.81,food
135,9.78,19.58,9.25,electronics
136,37.06,44.1,11.85,medical
137,28.97,5.01,1.76,clothing
138,9.95,47.64,9.74,tools
139,79.22,32.94,30.42,food
140,23.94,2.0,6.94,food
141,49.99,6.61,37.96,medical
142,71.45,38.58,7.54,clothing
143,96.55,36.2,31.33,food
144,96.65,6.3,2.0,electronics
145,59.7,45.49,15.64,food
146,12.22,34.84,25.46,tools
147,71.23,15.78,27.69,tools
148,80.64,28.73,2.6,clothing
149,45.7,19.16,20.73,electronics
150,6.2,21.58,20.12,medical
151,96.27,32.14,33.32,food
152,46.37,36.96,38.65,electronics
153,63.51,46.06,31.21,medical
154,46.38,36.82,11.47,food
155,83.92,5.25,35.38,food
156,76.3,28.92,27.06,electronics
157,7.73,42.7,8.09,food
158,38.71,13.66,11.91,clothing
159,71.61,14.54,1.4,food
160,13.13,36.28,20.05,food
161,70.61,32.65,20.14,tools
162,13.84,11.86,27.98,electronics
163,68.08,19.08,22.59,electronics
164,45.42,37.55,13.9,medical
165,30.74,13.32,5.71,food
166,34.98,37.4,38.08,food
167,23.2,37.19,11.78,clothing
168,97.78,26.71,12.04,tools
169,84.1,15.52,15.07,electronics
170,6.34,27.17,11.7,tools
171,57.57,35.17,5.92,medical
172,14.75,1.6,12.09,medical
173,46.84,10.03,3.0,medical
174,15.84,4.2,20.18,clothing
175,64.8,3.63,6.82,clothing
176,95.17,5.17,10.68,clothing
177,77.62,30.71,31.84,food
178,78.69,19.64,36.43,electronics
179,86.72,49.51,12.91,clothing
180,10.72,48.05,4.87,food
181,64.42,13.97,4.17,food
182,21.51,4.68,1.1,medical
183,70.49,24.03,2.27,electronics
184,72.16,35.45,18.71,food
185,92.77,39.6,25.38,food
186,45.39,27.68,26.26,electronics
187,83.53,4.5,7.47,electronics
188,61.53,41.39,36.93,medical
189,16.81,34.75,28.29,electronics
190,52.54,25.2,4.14,tools
191,89.5,36.99,24.54,tools
192,13.68,48.13,33.6,clothing
193,60.78,2.02,30.83,electronics
194,59.74,38.39,7.83,clothing
195,66.89,45.89,8.08,clothing
196,46.41,40.9,38.79,medical
197,38.06,17.33,27.14,food
198,36.33,34.99,12.24,medical
199,82.29,27.95,18.74,electronics
200,28.98,6.68,31.13,clothing
201,83.37,1.06,34.91,medical
202,44.26,10.19,15.11,medical
203,64.41,38.24,8.94,clothing
204,17.45,15.11,35.35,medical
205,16.54,48.68,24.75,food
206,72.43,16.23,1.53,medical
207,13.85,49.62,36.6,medical
208,94.97,32.74,7.0,electronics
209,53.34,14.4,33.55,medical
210,28.15,28.01,15.96,clothing
211,53.28,44.09,34.7,electronics
212,78.4,42.87,14.26,clothing
213,30.38,1.13,29.32,clothing
214,60.09,33.34,34.75,medical
215,56.17,17.91,22.52,clothing
216,40.83,46.71,34.91,food
217,59.32,12.44,31.25,tools
218,35.23,24.18,36.62,medical
219,41.68,33.52,33.01,food
220,52.06,2.81,20.59,clothing
221,36.54,5.92,33.96,tools
222,54.97,23.39,29.18,medical
223,87.74,48.53,3.92,electronics
224,37.16,34.94,26.34,electronics
225,85.97,43.11,15.82,electronics
226,64.55,44.48,20.03,clothing
227,8.41,4.35,25.62,electronics
228,99.76,37.59,17.92,tools
229,77.24,35.49,4.92,food
230,70.93,45.27,2.79,tools
231,32.87,19.37,6.68,clothing
232,44.14,34.41,8.02,food
233,12.5,43.67,25.17,food
234,52.28,29.57,10.06,electronics
235,48.66,33.68,36.06,medical
236,90.61,34.2,7.16,medical
237,94.8,49.39,12.67,medical
238,70.58,23.38,12.78,medical
239,86.07,6.23,15.87,electronics
240,59.61,49.64,12.51,medical
241,31.08,28.73,27.75,tools
242,91.51,37.51,33.48,electronics
243,78.7,12.28,32.28,food
244,65.48,31.42,27.43,food
245,64.68,45.27,26.21,electronics
246,79.92,2.63,15.23,food
247,13.56,15.46,30.15,food
248,24.08,39.54,35.18,electronics
249,55.43,45.76,33.39,electronics
250,91.83,47.27,38.73,electronics
251,75.92,17.6,5.49,tools
252,18.37,48.36,34.55,medical
253,96.89,40.42,15.27,medical
254,6.32,27.29,18.74,electronics
255,60.53,41.3,37.67,tools
256,69.11,24.1,25.16,clothing
257,36.16,30.89,26.26,medical
258,91.39,15.81,16.92,food
259,9.31,2.82,39.84,tools
260,14.23,44.48,6.29,medical
261,40.25,47.52,28.16,clothing
262,44.82,37.37,7.03,medical
263,67.22,41.85,25.01,electronics
264,8.11,19.16,18.29,food
265,86.27,5.87,27.74,clothing
266,90.66,32.6,3.36,electronics
267,23.03,6.99,34.07,medical
268,13.71,11.39,25.94,tools
269,9.8,17.34,39.56,clothing
270,24.49,41.66,22.61,clothing
271,25.52,43.62,13.81,food
272,79.92,30.2,11.81,food
273,98.82,27.47,32.14,tools
274,67.8,2.26,1.58,food
275,60.94,1.77,11.35,food
276,75.46,26.78,30.08,medical
277,47.59,18.74,24.15,medical
278,52.86,47.33,2.69,clothing
279,33.65,32.52,2.21,medical
280,85.49,21.89,5.21,medical
281,11.98,4.96,24.72,tools
282,16.99,31.59,23.83,electronics
283,41.19,30.27,12.5,clothing
284,62.52,5.86,28.37,clothing
285,73.48,11.54,18.61,food
286,44.31,41.54,16.55,tools
287,34.69,16.31,10.94,food
288,70.25,24.24,4.56,tools
289,13.86,5.73,29.81,food
290,57.86,29.74,22.9,electronics
291,68.65,21.13,35.07,medical
292,87.47,36.33,38.77,clothing
293,34.68,6.08,20.79,food
294,67.39,11.99,5.22,clothing
295,39.92,38.37,23.39,medical
296,85.29,48.75,32.92,clothing
297,69.12,28.28,24.75,electronics
298,7.75,14.39,30.73,electronics
299,38.35,9.89,6.59,medical
300,11.61,37.31,38.9,tools
301,75.88,11.54,17.37,electronics
302,19.95,16.27,13.65,clothing
303,61.64,44.28,7.07,clothing
304,9.73,5.0,18.28,medical
305,51.14,22.66,11.65,clothing
306,15.81,22.07,12.05,clothing
307,51.23,33.69,2.77,medical
308,98.52,3.68,8.97,food
309,77.9,38.44,12.29,tools
310,5.73,37.6,7.85,medical
311,55.6,12.28,22.79,electronics
312,11.85,43.23,2.65,tools
313,48.68,4.82,13.21,medical
314,59.47,35.77,17.29,tools
315,43.48,48.34,7.7,clothing
316,48.71,34.79,15.11,medical
317,85.23,12.92,23.97,clothing
318,12.47,43.66,30.09,food
319,36.64,9.24,20.91,tools
320,55.41,10.5,31.27,electronics
321,74.1,41.13,32.79,food
322,14.77,13.54,7.77,food
323,77.22,33.12,7.91,medical
324,49.08,28.62,23.6,clothing
325,66.08,49.34,13.61,electronics
326,19.34,4.35,18.25,electronics
327,80.65,29.98,14.73,tools
328,34.49,23.14,3.22,electronics
329,12.29,43.35,34.36,clothing
330,61.44,19.84,23.63,tools
331,47.72,40.68,26.42,electronics
332,62.48,25.57,38.35,medical
333,14.83,45.06,14.39,tools
334,52.93,9.46,10.66,medical
335,99.14,26.68,24.78,electronics
336,40.42,14.86,16.94,electronics
337,69.5,3.57,25.6,electronics
338,11.26,5.63,27.46,electronics
339,28.94,42.73,38.61,clothing
340,87.96,17.33,23.73,food
341,92.09,16.2,26.59,medical
342,17.25,35.73,4.3,clothing
343,40.78,39.79,32.71,clothing
344,13.88,33.85,20.83,tools
345,39.45,9.83,9.35,medical
346,23.24,50.0,7.04,electronics
347,85.22,5.96,31.06,clothing
348,8.59,17.5,30.89,food
349,61.74,8.56,8.05,clothing
350,81.86,9.11,18.07,medical
351,39.61,36.26,38.81,clothing
352,32.07,37.68,18.51,clothing
353,27.72,48.31,31.59,food
354,39.94,47.41,39.39,medical
355,78.1,39.13,20.61,medical
356,96.8,41.03,32.25,food
357,87.94,3.56,19.74,electronics
358,57.68,6.03,33.99,tools
359,32.08,38.39,11.64,clothing
360,19.0,22.44,37.91,food
361,82.59,44.35,37.29,medical
362,10.06,25.6,10.2,tools
363,40.62,2.38,37.3,electronics
364,80.18,7.74,12.19,medical
365,71.13,7.8,28.52,medical
366,63.46,45.39,1.74,food
367,84.32,27.89,29.36,clothing
368,45.21,39.03,10.27,tools
369,9.54,21.57,31.96,medical
370,10.97,42.0,20.49,clothing
371,6.56,26.25,10.44,food
372,32.67,1.08,14.76,clothing
373,44.57,33.55,4.34,electronics
374,11.43,26.78,20.79,clothing
375,57.64,20.13,19.34,medical
376,98.2,13.43,1.63,tools
377,37.76,36.91,25.5,clothing
378,74.84,17.29,2.73,clothing
379,37.16,32.5,33.38,medical
380,98.18,24.45,8.11,food
381,10.99,39.03,18.85,electronics
382,24.15,39.76,35.55,electronics
383,93.67,26.25,39.58,clothing
384,49.97,2.79,26.23,electronics
385,38.91,39.26,34.77,electronics
386,30.96,40.17,18.04,medical
387,75.61,44.84,16.08,food
388,52.14,25.38,37.05,clothing
389,30.34,5.05,17.56,medical
390,62.23,41.29,22.27,electronics
391,14.75,17.07,12.53,medical
392,62.25,21.88,27.9,electronics
393,47.48,36.61,36.55,clothing
394,99.82,14.45,39.22,tools
395,12.13,32.24,15.17,food
396,95.51,8.0,24.7,medical
397,8.31,4.29,31.36,electronics
398,39.4,47.52,2.26,food
399,69.51,47.49,15.51,tools
400,59.52,26.94,16.52,electronics
401,28.71,6.56,29.69,medical
402,54.19,45.76,5.59,electronics
403,71.88,11.51,24.86,medical
404,24.02,7.65,3.89,food
405,90.37,22.81,4.42,electronics
406,68.44,35.77,22.45,electronics
407,89.68,42.72,28.76,food
408,80.4,25.93,5.73,food
409,80.25,12.6,20.27,electronics
410,57.63,19.08,32.34,clothing
411,17.33,44.33,3.56,medical
412,99.96,36.22,21.5,medical
413,83.22,4.61,38.92,tools
414,47.75,34.33,14.44,clothing
415,65.78,9.92,38.68,medical
416,52.77,43.54,33.42,clothing
417,19.54,9.07,13.58,food
418,37.87,47.1,35.9,tools
419,28.81,32.12,22.48,food
420,64.38,31.11,4.64,food
421,61.22,29.45,7.68,clothing
422,73.46,30.65,33.86,clothing
423,8.91,43.33,4.17,clothing
424,30.14,11.33,23.31,clothing
425,65.7,25.4,25.46,electronics
426,65.98,15.8,10.55,medical
427,33.26,4.58,3.34,medical
428,44.48,23.76,14.27,food
429,34.7,36.2,29.63,electronics
430,97.66,7.41,15.45,clothing
431,15.09,12.85,5.78,medical
432,28.55,5.74,12.32,medical
433,87.1,21.49,38.54,food
434,82.28,46.75,29.12,food
435,77.5,25.42,21.07,medical
436,88.51,25.37,4.51,medical
437,53.02,48.37,9.39,electronics
438,9.62,14.79,24.3,medical
439,32.15,1.4,5.19,food
440,88.83,36.65,30.79,electronics
441,9.3,3.51,22.91,electronics
442,57.56,4.6,20.67,clothing
443,31.57,49.47,27.54,tools
444,17.22,5.74,15.55,electronics
445,57.99,18.91,6.63,clothing
446,53.37,25.5,2.77,food
447,72.79,40.39,21.25,food
448,62.59,26.26,13.79,clothing
449,35.26,20.25,25.04,electronics
450,61.4,25.86,20.88,medical
451,72.33,15.69,32.81,electronics
452,36.47,6.37,17.25,electronics
453,80.69,36.54,27.83,tools
454,61.71,14.01,26.57,clothing
455,59.88,36.35,23.76,food
456,54.8,36.34,31.21,medical
457,19.04,34.36,2.23,tools
458,23.12,22.61,17.33,medical
459,70.6,21.11,31.22,medical
460,87.92,37.06,3.43,food
461,54.27,28.48,39.93,medical
462,54.92,16.37,7.75,clothing
463,37.52,18.36,31.11,electronics
464,62.96,10.42,10.61,clothing
465,33.36,47.13,39.31,electronics
466,71.97,34.82,20.07,medical
467,38.14,46.75,32.02,electronics
468,32.34,29.1,22.18,medical
469,82.75,47.78,32.38,electronics
470,9.0,47.81,4.08,medical
471,67.32,37.62,9.35,clothing
472,30.76,28.54,11.59,tools
473,63.49,29.75,10.46,clothing
474,26.44,12.41,4.91,electronics
475,73.15,5.93,31.06,tools
476,96.63,48.92,7.16,medical
477,50.36,10.77,38.59,electronics
478,32.11,3.9,30.98,clothing
479,27.06,37.2,34.16,tools
480,91.76,9.58,35.41,food
481,93.72,2.78,33.61,medical
482,22.7,37.7,35.02,electronics
483,88.29,1.45,23.15,tools
484,93.2,17.42,18.72,clothing
485,54.81,44.57,6.23,clothing
486,49.46,10.45,5.39,food
487,74.46,32.77,29.03,tools
488,74.98,39.75,23.14,food
489,21.67,42.95,35.98,medical
490,53.95,5.25,27.1,food
491,98.26,24.4,37.5,tools
492,29.77,12.54,30.4,electronics
493,33.68,36.42,1.45,electronics
494,70.81,4.04,5.61,electronics
495,20.17,34.62,37.0,electronics
496,70.58,32.3,37.68,electronics
497,63.39,11.74,6.21,food
498,48.22,49.45,15.57,clothing
499,91.72,38.11,32.28,food
500,77.38,34.34,24.24,tools
501,54.92,26.88,15.11,clothing
502,15.66,41.61,36.21,food
503,59.41,8.34,13.8,clothing
504,46.97,34.33,28.96,medical
505,13.64,26.01,32.54,medical
506,17.53,21.36,22.99,clothing
507,48.93,40.54,29.21,medical
508,29.17,1.15,9.5,tools
509,9.3,17.88,3.49,tools
510,93.79,4.38,37.42,tools
511,32.27,9.82,6.28,medical
512,40.57,44.68,18.49,medical
513,40.69,34.45,26.81,clothing
514,17.63,43.15,5.63,clothing
515,42.34,7.24,39.17,tools
516,76.84,48.95,19.06,clothing
517,45.29,19.58,9.96,medical
518,37.89,14.51,37.56,tools
519,8.06,33.35,24.98,tools
520,27.86,4.3,24.16,medical
521,61.79,35.46,2.9,tools
522,43.22,12.48,9.47,tools
523,18.31,49.68,10.13,clothing
524,35.3,30.3,27.23,electronics
525,27.51,43.94,39.44,clothing
526,26.0,15.72,3.38,clothing
527,88.57,45.67,25.41,medical
528,57.81,3.3,14.43,medical
529,79.65,16.62,17.24,food
530,33.49,10.01,21.98,food
531,85.69,15.74,28.6,medical
532,91.9,28.56,38.74,clothing
533,55.35,20.03,10.94,electronics
534,66.44,46.19,34.04,tools
535,55.89,41.64,3.01,medical
536,69.0,30.54,35.07,food
537,81.44,29.79,27.19,food
538,50.54,43.6,13.99,tools
539,25.12,10.31,29.92,medical
540,91.87,35.09,28.45,medical
541,91.94,28.05,31.25,medical
542,49.29,32.79,13.03,electronics
543,53.72,25.37,4.85,medical
544,77.35,16.69,8.92,electronics
545,44.32,28.56,9.63,food
546,6.54,28.11,23.78,medical
547,33.04,10.61,9.97,clothing
548,84.17,25.47,26.53,electronics
549,29.45,41.26,38.69,medical
550,48.78,36.91,14.73,food
551,73.43,24.93,36.76,clothing
552,99.08,47.9,21.43,tools
553,94.79,33.74,30.81,medical
554,18.06,31.9,3.65,food
555,5.87,25.78,15.55,clothing
556,65.58,46.76,36.6,medical
557,6.49,27.08,17.04,tools
558,55.29,14.46,39.12,tools
559,52.71,35.2,17.79,food
560,15.17,5.72,6.81,food
561,63.88,13.37,14.82,medical
562,12.51,48.01,18.9,food
563,99.07,12.07,27.68,tools
564,67.1,43.05,30.62,tools
565,43.5,19.48,19.56,tools
566,71.77,5.05,33.97,electronics
567,58.76,43.04,4.72,clothing
568,92.32,12.26,36.15,clothing
569,50.17,3.28,3.9,electronics
570,90.43,28.61,2.28,electronics
571,6.49,11.15,6.62,medical
572,93.24,15.66,22.99,clothing
573,84.29,20.07,35.96,electronics
574,41.47,37.25,31.83,tools
575,52.58,48.74,3.09,medical
576,27.05,4.72,24.6,clothing
577,95.71,20.44,31.17,tools
578,65.24,39.39,18.57,food
579,38.8,47.12,17.84,clothing
580,67.76,5.2,25.13,food
581,72.75,5.02,7.01,food
582,75.27,16.52,5.16,tools
583,94.58,22.79,30.69,tools
584,17.59,10.18,18.5,clothing
585,53.68,6.06,4.5,clothing
586,13.84,30.3,13.65,medical
587,6.17,21.28,31.39,clothing
588,90.99,48.93,23.31,food
589,70.11,9.31,11.49,electronics
590,51.85,4.1,17.95,medical
591,33.48,39.35,15.08,food
592,73.49,25.29,25.05,medical
593,15.16,15.93,38.0,electronics
594,84.95,19.61,34.63,medical
595,36.8,40.96,34.52,clothing
596,17.93,16.71,37.94,food
597,50.51,9.7,16.53,electronics
598,32.69,35.05,20.15,clothing
599,79.29,16.97,11.93,medical
600,39.68,46.67,8.79,clothing
601,22.09,38.61,2.05,medical
602,94.58,11.27,32.11,tools
603,82.8,39.99,16.96,medical
604,18.22,15.84,10.85,food
605,72.95,39.66,3.88,clothing
606,50.53,20.64,20.76,medical
607,56.65,39.75,15.02,clothing
608,61.41,45.81,5.27,food
609,67.47,18.4,26.23,tools
610,58.51,32.61,26.22,electronics
611,96.74,22.09,1.41,electronics
612,26.09,37.6,22.76,clothing
613,26.0,19.33,19.06,clothing
614,70.59,8.39,39.91,medical
615,14.93,21.38,38.51,tools
616,83.98,36.78,14.58,electronics
617,48.26,11.14,19.83,medical
618,14.27,36.38,18.65,tools
619,33.53,40.7,5.49,electronics
620,66.56,34.18,7.41,food
621,54.02,28.04,13.91,medical
622,96.05,12.36,16.8,food
623,22.71,33.21,16.43,clothing
624,88.89,23.03,17.75,tools
625,71.95,11.08,30.34,tools
626,59.85,40.18,21.94,electronics
627,35.97,23.42,11.23,medical
628,55.13,32.32,24.28,clothing
629,42.29,6.6,14.73,medical
630,63.65,40.87,28.53,electronics
631,92.27,29.92,27.21,electronics
632,16.2,15.96,8.14,food
633,53.53,21.49,6.38,medical
634,45.19,24.85,21.96,food
635,57.72,24.99,6.47,electronics
636,84.99,31.35,34.76,tools
637,51.04,10.56,15.97,clothing
638,53.02,25.25,27.7,medical
639,72.46,22.75,7.52,clothing
640,7.93,38.29,12.39,electronics
641,26.36,15.14,31.45,clothing
642,75.54,38.53,22.44,tools
643,59.41,14.13,22.18,electronics
644,56.49,38.08,30.64,medical
645,56.9,49.5,4.99,food
646,33.28,49.97,18.54,electronics
647,86.91,5.26,34.75,tools
648,78.69,12.61,32.62,clothing
649,70.47,43.19,24.8,medical
650,20.77,7.82,9.06,food
651,81.52,28.93,21.76,clothing
652,56.18,16.86,28.46,electronics
653,59.41,47.67,21.06,tools
654,17.88,37.75,17.05,tools
655,99.29,43.49,5.95,food
656,28.72,35.86,33.31,medical
657,51.5,29.29,11.48,medical
658,40.64,4.7,31.99,tools
659,43.27,37.74,28.09,electronics
660,48.2,24.91,23.7,tools
661,74.44,23.46,26.9,electronics
662,85.76,39.99,16.51,medical
663,83.36,25.24,13.59,electronics
664,37.09,29.32,23.08,medical
665,79.89,44.81,30.73,tools
666,14.46,39.41,18.92,tools
667,93.3,8.74,18.8,medical
668,24.22,34.74,6.14,electronics
669,20.1,46.7,11.69,electronics
670,28.79,19.22,36.25,food
671,9.92,31.65,29.31,food
672,45.78,5.47,4.71,food
673,50.3,7.5,9.82,medical
674,5.88,35.08,32.87,medical
675,70.93,24.41,9.93,tools
676,74.42,6.02,13.22,electronics
677,18.03,38.9,30.37,food
678,65.95,34.18,3.67,clothing
679,5.81,32.85,18.16,food
680,64.67,8.42,17.06,medical
681,86.7,5.25,4.92,tools
682,61.01,19.82,38.57,electronics
683,80.15,13.14,26.14,food
684,57.57,30.4,24.7,tools
685,85.55,33.26,12.76,clothing
686,62.66,10.24,16.28,tools
687,79.46,39.9,10.33,medical
688,15.71,25.48,24.16,clothing
689,89.43,1.59,15.08,electronics
690,17.54,43.18,23.17,electronics
691,56.9,9.47,19.37,tools
692,6.59,4.31,11.23,tools
693,92.65,47.49,16.52,electronics
694,64.71,25.55,17.2,medical
695,12.83,27.29,25.03,electronics
696,12.94,4.87,36.92,food
697,55.96,20.15,25.74,tools
698,34.47,22.44,38.18,food
699,10.5,5.22,17.94,medical
700,63.17,3.7,26.98,food
701,16.35,35.69,28.36,food
702,52.16,17.99,21.17,electronics
703,20.86,7.22,31.46,electronics
704,74.63,6.78,36.1,electronics
705,81.68,14.33,3.49,clothing
706,64.62,25.31,20.92,tools
707,52.46,28.78,15.34,electronics
708,78.47,44.82,27.29,tools
709,26.7,25.93,2.72,tools
710,28.23,24.12,15.94,food
711,22.0,48.06,2.38,medical
712,26.33,13.16,36.72,electronics
713,30.77,4.82,15.54,clothing
714,68.97,3.58,9.7,clothing
715,98.23,47.75,3.69,medical
716,87.27,38.9,13.12,tools
717,57.54,1.39,8.83,clothing
718,79.53,37.24,10.46,electronics
719,61.21,25.17,31.13,food
720,74.58,27.78,32.04,food
721,5.61,21.09,10.09,electronics
722,65.41,34.98,1.37,electronics
723,5.14,33.21,34.11,electronics
724,14.88,26.96,10.29,medical
725,96.31,48.66,6.55,electronics
726,13.84,46.14,35.99,clothing
727,44.24,44.88,18.88,tools
728,60.17,25.77,25.85,medical
729,12.11,28.82,17.96,food
730,27.49,13.79,13.29,medical
731,71.57,37.03,13.4,electronics
732,27.19,47.23,6.31,clothing
733,15.35,6.18,18.53,electronics
734,43.62,27.26,38.62,food
735,47.93,23.7,34.25,tools
736,19.97,34.62,33.23,clothing
737,8.83,41.96,13.78,tools
738,72.56,48.45,16.45,tools
739,69.33,13.75,39.64,tools
740,95.45,42.88,22.68,clothing
741,28.74,23.64,32.35,food
742,16.54,4.02,31.46,food
743,17.42,41.36,15.52,tools
744,60.32,13.68,32.7,tools
745,99.73,10.69,26.19,food
746,13.74,42.52,32.55,tools
747,9.06,23.59,7.55,clothing
748,46.15,36.5,20.35,medical
749,69.91,9.47,9.37,food
750,31.12,22.85,6.8,clothing
751,63.82,13.04,12.51,medical
752,88.86,24.47,4.42,medical
753,18.04,10.77,35.5,clothing
754,28.67,49.71,22.2,tools
755,98.99,39.31,15.01,clothing
756,79.24,17.86,23.06,electronics
757,41.9,9.81,13.44,food
758,7.78,40.72,11.96,medical
759,55.3,38.58,39.98,food
760,14.51,33.19,11.39,tools
761,77.58,47.44,23.45,medical
762,38.71,42.12,33.96,food
763,27.47,16.58,29.79,electronics
764,91.83,2.38,28.32,clothing
765,58.54,28.59,8.34,medical
766,56.5,9.6,2.48,tools
767,27.1,11.72,21.53,tools
768,36.51,31.09,32.45,electronics
769,73.11,46.02,33.93,electronics
770,10.66,8.24,28.48,food
771,78.56,42.48,34.57,tools
772,40.49,47.15,16.43,tools
773,36.97,16.81,39.06,medical
774,80.23,48.07,26.32,food
775,72.18,28.54,35.69,clothing
776,79.76,11.94,23.97,food
777,40.95,36.97,12.49,food
778,74.24,47.49,38.0,medical
779,85.82,38.77,23.13,food
780,62.23,46.13,38.73,food
781,65.77,6.1,20.35,electronics
782,75.81,12.66,39.31,food
783,65.44,48.19,33.04,electronics
784,47.43,14.0,10.73,tools
785,38.3,39.56,29.1,tools
786,41.66,36.9,38.79,medical
787,51.84,19.56,22.29,tools
788,83.74,39.65,23.54,food
789,20.45,4.61,33.98,electronics
790,6.91,13.8,5.08,electronics
791,21.16,19.4,29.55,clothing
792,94.47,48.92,14.18,clothing
793,89.86,35.52,17.82,food
794,62.7,22.28,3.09,electronics
795,24.53,10.31,28.19,clothing
796,30.2,14.79,10.26,tools
797,42.33,27.93,20.15,tools
798,39.28,21.95,12.49,clothing
799,50.63,5.75,9.07,electronics
800,97.82,24.2,5.5,medical
801,49.74,44.85,11.34,clothing
802,41.82,19.18,15.88,food
803,47.35,13.9,19.14,food
804,84.52,28.65,6.89,tools
805,13.14,17.85,22.12,clothing
806,26.61,3.99,16.1,clothing
807,44.77,27.24,34.81,medical
808,59.41,12.55,12.66,medical
809,90.76,36.0,20.58,clothing
810,81.04,34.2,25.19,tools
811,95.18,23.0,38.01,food
812,97.36,40.61,5.92,medical
813,12.45,34.47,8.87,food
814,84.24,13.64,36.52,tools
815,13.27,28.26,22.53,electronics
816,54.37,45.94,1.48,clothing
817,60.82,39.3,5.39,food
818,19.08,29.81,30.58,tools
819,92.87,28.57,4.94,electronics
820,87.41,44.13,35.24,electronics
821,41.39,24.79,24.75,tools
822,21.36,20.75,25.11,medical
823,8.68,44.59,13.93,food
824,9.68,24.29,11.47,electronics
825,6.92,41.05,12.82,electronics
826,85.07,43.05,27.71,food
827,17.77,48.74,18.28,electronics
828,30.59,21.42,26.18,food
829,46.96,45.76,16.88,medical
830,77.15,43.49,33.02,clothing
831,80.19,4.22,28.67,medical
832,17.89,42.71,35.29,tools
833,21.51,43.88,8.83,tools
834,28.7,23.37,36.8,food
835,31.03,41.35,20.7,tools
836,69.71,12.85,20.06,medical
837,21.87,43.65,23.89,electronics
838,37.7,42.05,11.09,tools
839,32.08,19.94,7.35,clothing
840,79.08,11.5,9.63,food
841,69.38,14.19,16.97,tools
842,87.14,48.39,27.61,medical
843,91.59,32.72,24.44,tools
844,26.26,30.81,37.78,electronics
845,45.26,19.45,14.6,electronics
846,25.73,15.81,21.3,clothing
847,42.73,6.01,20.95,electronics
848,58.34,30.09,12.02,tools
849,50.77,17.48,11.78,electronics
850,86.84,13.8,28.73,electronics
851,22.89,26.35,10.37,tools
852,81.52,40.32,24.4,electronics
853,69.67,36.34,26.56,electronics
854,29.65,21.51,16.14,tools
855,60.39,49.74,32.82,electronics
856,74.02,11.9,21.85,medical
857,91.12,33.92,20.79,food
858,84.86,43.95,8.06,tools
859,49.72,37.31,29.28,clothing
860,77.48,9.97,27.51,electronics
861,67.17,11.89,9.71,electronics
862,44.94,44.46,15.5,clothing
863,32.93,42.71,19.35,clothing
864,60.13,31.41,19.42,food
865,52.55,43.51,15.89,electronics
866,44.25,43.67,6.88,food
867,37.55,49.37,35.82,medical
868,18.61,43.26,8.03,tools
869,51.32,31.92,7.9,tools
870,5.45,14.4,30.69,food
871,59.75,8.76,31.62,tools
872,17.29,22.25,17.75,medical
873,96.71,19.78,2.47,food
874,74.41,47.55,35.79,clothing
875,23.1,34.16,25.44,food
876,26.5,43.97,13.17,tools
877,41.44,29.84,7.51,tools
878,33.33,15.25,29.39,clothing
879,54.79,22.25,27.78,food
880,37.56,45.17,15.01,food
881,20.66,45.44,32.67,tools
882,26.7,36.63,6.12,tools
883,61.02,9.28,15.3,tools
884,40.64,32.38,31.08,clothing
885,9.62,49.74,26.82,tools
886,9.58,6.67,18.33,tools
887,56.99,24.25,6.97,tools
888,33.61,33.42,26.84,electronics
889,64.17,35.34,17.33,tools
890,53.6,31.27,12.03,tools
891,52.29,30.84,31.34,clothing
892,97.45,18.54,16.98,food
893,8.74,25.32,9.1,medical
894,36.41,1.13,27.19,tools
895,84.35,33.78,6.82,tools
896,79.05,4.68,29.22,electronics
897,66.21,23.38,39.11,electronics
898,49.11,5.89,7.81,tools
899,85.96,18.65,27.39,medical
900,75.16,5.65,30.57,tools
901,5.92,7.78,26.24,electronics
902,38.97,22.45,25.25,tools
903,40.4,17.79,5.44,medical
904,96.42,14.32,16.04,medical
905,80.99,32.79,32.08,tools
906,17.59,36.59,39.28,food
907,14.85,45.65,19.82,clothing
908,69.45,9.88,15.81,electronics
909,63.08,43.27,35.32,food
910,50.89,24.92,35.62,medical
911,9.37,13.82,13.26,clothing
912,77.92,29.26,23.04,electronics
913,54.31,34.72,25.11,medical
914,67.86,13.18,14.48,medical
915,19.12,41.5,35.79,clothing
916,10.18,32.53,7.12,medical
917,85.93,43.6,3.92,medical
918,35.46,17.21,11.85,clothing
919,26.16,32.52,16.73,food
920,12.49,22.77,23.35,tools
921,86.38,22.91,5.63,medical
922,75.8,1.87,16.73,tools
923,57.93,1.01,4.54,clothing
924,96.5,32.24,35.71,clothing
925,24.65,33.9,38.06,electronics
926,83.4,41.01,33.93,electronics
927,58.21,31.37,19.45,electronics
928,73.01,6.59,30.61,food
929,5.21,18.4,25.71,electronics
930,57.03,19.32,5.15,food
931,51.78,41.27,29.96,medical
932,15.16,30.93,8.31,medical
933,25.48,41.4,8.43,electronics
934,15.24,21.31,37.14,clothing
935,16.71,44.7,18.84,clothing
936,95.84,7.6,20.45,clothing
937,74.94,28.11,17.88,clothing
938,50.88,25.91,36.93,food
939,70.72,9.51,32.79,tools
940,41.8,30.43,35.43,clothing
941,88.73,21.51,24.75,food
942,30.99,48.22,38.85,medical
943,81.46,7.77,24.5,clothing
944,33.4,35.37,34.57,clothing
945,65.1,10.84,25.34,electronics
946,70.23,46.14,6.17,food
947,52.87,35.02,13.57,tools
948,77.27,28.55,23.73,medical
949,69.05,44.8,21.82,medical
950,81.79,26.61,1.99,food
951,10.04,3.77,11.41,food
952,98.44,34.49,6.71,tools
953,70.61,15.46,30.39,tools
954,39.07,23.18,25.03,clothing
955,87.16,37.38,22.89,food
956,53.54,40.04,28.15,tools
957,93.02,19.99,38.31,electronics
958,96.75,3.64,30.0,food
959,63.95,39.27,34.93,food
960,91.59,35.53,26.26,clothing
961,56.93,30.57,31.27,food
962,32.95,9.69,27.62,food
963,96.44,37.02,5.65,tools
964,45.71,28.27,6.07,clothing
965,85.37,1.28,19.19,food
966,8.79,46.5,24.28,clothing
967,85.1,15.76,31.81,clothing
968,39.02,39.42,13.4,food
969,95.91,26.51,31.66,food
970,44.51,27.31,4.59,food
971,88.92,33.5,13.91,electronics
972,25.75,37.88,21.69,clothing
973,83.25,49.08,1.34,electronics
974,47.34,45.32,24.93,clothing
975,28.16,2.95,35.54,medical
976,92.01,47.3,16.05,clothing
977,73.78,2.21,21.16,electronics
978,53.86,25.93,19.99,electronics
979,90.34,10.43,21.04,tools
980,20.9,47.86,21.98,tools
981,64.56,11.33,25.55,food
982,87.17,21.79,5.05,clothing
983,83.73,44.05,29.91,medical
984,66.42,47.05,30.13,food
985,7.26,36.13,2.48,tools
986,10.16,39.92,22.77,clothing
987,83.05,45.64,16.9,medical
988,64.87,22.22,1.66,tools
989,55.81,32.43,25.12,clothing
990,9.32,42.56,14.95,clothing
991,15.08,39.56,12.75,tools
992,31.74,46.41,15.88,tools
993,50.03,27.14,6.32,medical
994,80.69,42.62,12.5,food
995,33.32,44.46,38.65,electronics
996,95.95,1.55,35.12,food
997,16.71,1.25,24.27,clothing
998,57.01,5.17,9.19,electronics
999,25.12,45.38,34.21,food
1000,20.29,11.82,33.56,food
1001,15.89,33.88,23.12,tools
1002,85.88,46.69,39.78,medical
1003,66.24,4.58,27.2,electronics
1004,14.33,36.55,20.0,electronics
1005,38.93,33.89,10.15,electronics
1006,63.85,45.11,13.39,medical
1007,36.19,33.31,28.04,food
1008,58.73,18.86,13.34,medical
1009,21.02,16.35,31.64,medical
1010,31.28,18.61,27.5,electronics
1011,88.4,23.68,14.99,electronics
1012,51.26,6.33,26.18,tools
1013,84.97,43.08,6.46,clothing
1014,23.66,36.94,25.44,tools
1015,89.75,42.63,25.63,clothing
1016,60.0,38.69,9.3,tools
1017,57.4,27.63,39.95,medical
1018,67.12,8.28,16.31,clothing
1019,74.66,15.26,19.12,clothing
1020,13.6,18.83,1.41,food
1021,85.56,40.52,24.95,food
1022,76.93,7.88,7.21,clothing
1023,95.13,33.31,38.74,medical
1024,94.22,2.98,30.7,food
1025,10.97,19.1,2.67,food
1026,54.2,39.78,16.14,medical
1027,88.75,2.96,26.29,tools
1028,71.85,26.55,33.36,electronics
1029,59.97,28.94,15.69,medical
1030,39.7,33.01,33.58,clothing
1031,28.9,48.66,9.69,medical
1032,38.53,43.52,19.99,medical
1033,89.28,1.32,35.4,medical
1034,20.73,4.78,26.1,food
1035,19.27,8.71,24.48,tools
1036,67.81,21.32,13.88,tools
1037,50.74,24.46,9.22,food
1038,66.49,21.13,10.5,food
1039,59.48,8.9,25.55,tools
1040,89.63,8.2,7.49,food
1041,54.08,20.87,38.8,tools
1042,88.46,36.67,33.03,tools
1043,25.58,30.72,19.39,medical
1044,21.2,41.69,24.43,clothing
1045,82.94,9.91,26.73,electronics
1046,20.93,34.59,36.97,clothing
1047,61.11,12.26,16.03,tools
1048,6.57,26.61,36.46,medical
1049,83.52,30.67,7.92,clothing
1050,61.98,44.01,21.73,tools
1051,13.85,33.31,36.18,clothing
1052,83.61,44.95,31.22,medical
1053,54.59,19.15,2.69,clothing
1054,45.75,46.98,19.8,medical
1055,38.3,40.43,36.41,clothing
1056,14.28,7.56,19.61,food
1057,91.46,5.11,24.33,clothing
1058,43.82,10.26,28.66,tools
1059,59.91,6.77,1.28,food
1060,70.34,16.48,15.13,food
1061,45.48,29.68,11.19,clothing
1062,45.24,18.92,11.75,medical
1063,76.72,21.25,31.57,medical
1064,21.98,28.4,19.87,electronics
1065,59.88,38.94,16.53,food
1066,86.22,33.3,30.16,medical
1067,79.4,47.51,4.91,clothing
1068,43.05,17.58,22.47,tools
1069,20.27,48.26,1.21,tools
1070,83.21,24.11,24.41,tools
1071,11.09,11.87,4.12,tools
1072,73.83,46.6,16.63,clothing
1073,32.21,48.21,3.24,food
1074,65.83,22.51,8.87,clothing
1075,32.17,2.65,24.38,clothing
1076,71.35,31.14,27.29,electronics
1077,27.73,1.01,7.14,electronics
1078,79.07,18.3,16.41,clothing
1079,24.03,1.75,28.44,tools
1080,57.21,36.58,22.81,clothing
1081,38.07,48.2,11.78,clothing
1082,96.49,23.28,16.75,tools
1083,29.81,20.95,5.15,tools
1084,52.8,17.66,5.56,clothing
1085,95.89,43.93,32.71,clothing
1086,28.76,22.7,15.71,medical
1087,78.15,38.12,38.49,medical
1088,69.75,44.93,34.62,medical
1089,16.05,4.31,25.71,food
1090,69.31,12.27,13.31,electronics
1091,54.07,1.48,33.45,food
1092,32.29,20.55,30.2,electronics
1093,12.22,46.64,19.59,electronics
1094,25.76,29.11,8.13,food
1095,52.4,10.78,29.68,electronics
1096,24.64,10.94,10.74,clothing
1097,38.82,39.17,5.68,tools
1098,69.2,33.51,24.94,clothing
1099,96.01,42.55,15.48,electronics
1100,51.77,49.28,35.98,electronics
1101,51.63,49.24,36.72,electronics
1102,42.8,37.76,6.0,clothing
1103,80.93,24.44,22.09,clothing
1104,37.99,43.16,31.26,medical
1105,97.77,35.21,18.94,tools
1106,6.12,11.33,23.66,electronics
1107,39.35,43.23,8.3,electronics
1108,27.53,24.1,24.91,electronics
1109,22.47,21.77,17.34,electronics
1110,39.68,20.63,18.58,clothing
1111,17.46,29.22,9.91,tools
1112,73.48,40.4,22.66,medical
1113,23.63,40.2,29.8,medical
1114,81.54,9.65,20.48,clothing
1115,55.73,16.47,19.98,electronics
1116,58.4,28.82,16.54,food
1117,10.7,40.88,19.59,tools
1118,47.74,17.4,15.08,clothing
1119,57.96,40.69,14.42,medical
1120,16.52,43.5,38.56,food
1121,59.8,32.84,22.0,electronics
1122,38.74,33.99,20.01,medical
1123,89.52,19.67,12.17,food
1124,87.48,32.39,37.21,medical
1125,64.97,29.01,34.11,tools
1126,12.52,17.84,13.23,electronics
1127,72.49,30.66,16.42,medical
1128,79.19,47.0,30.17,clothing
1129,96.72,21.29,8.17,tools
1130,16.88,12.5,10.81,tools
1131,25.0,20.46,4.73,medical
1132,57.1,2.29,16.48,tools
1133,14.87,31.29,4.29,medical
1134,34.39,13.12,12.08,food
1135,17.47,42.09,2.11,electronics
1136,86.74,16.93,19.57,clothing
1137,93.81,27.88,6.27,clothing
1138,21.82,30.28,25.61,clothing
1139,46.32,32.35,21.82,electronics
1140,50.76,12.13,4.49,electronics
1141,39.75,13.73,12.84,tools
1142,54.72,38.16,6.32,electronics
1143,49.57,1.41,36.96,medical
1144,33.46,38.53,32.12,clothing
1145,26.97,1.35,15.57,medical
1146,88.81,22.42,10.75,medical
1147,83.7,11.81,4.09,food
1148,54.08,40.2,24.92,electronics
1149,32.04,37.4,32.54,medical
1150,22.86,4.35,6.33,tools
1151,65.5,31.27,11.61,clothing
1152,51.74,16.71,6.93,clothing
1153,7.1,48.64,12.0,food
1154,72.94,36.63,10.08,food
1155,6.4,11.64,17.39,medical
1156,99.81,23.72,31.87,electronics
1157,12.62,37.78,6.7,electronics
1158,78.69,4.5,19.34,food
1159,90.09,13.25,15.88,tools
1160,16.59,38.64,10.71,medical
1161,28.48,49.73,8.77,tools
1162,54.51,49.12,19.44,electronics
1163,93.94,8.77,29.4,clothing
1164,54.49,13.41,25.9,food
1165,39.24,3.55,27.0,tools
1166,27.42,22.27,1.59,electronics
1167,60.55,20.39,10.48,tools
1168,60.2,34.85,27.85,food
1169,40.28,5.38,7.15,tools
1170,70.16,17.58,38.82,tools
1171,10.68,32.58,28.35,tools
1172,16.95,12.4,39.29,electronics
1173,81.52,22.5,8.53,medical
1174,39.03,7.6,36.05,medical
1175,72.13,28.39,22.17,medical
1176,23.03,10.14,14.56,medical
1177,31.16,41.74,36.66,clothing
1178,20.23,27.03,18.53,electronics
1179,56.45,23.25,31.26,clothing
1180,41.01,10.09,1.73,electronics
1181,78.72,12.7,29.12,clothing
1182,82.81,10.3,27.65,clothing
1183,19.64,14.87,16.98,electronics
1184,15.49,26.64,3.6,food
1185,21.97,2.53,5.18,food
1186,14.38,28.98,33.62,medical
1187,54.95,35.36,10.98,electronics
1188,25.97,36.17,1.51,food
1189,67.3,46.49,33.45,medical
1190,81.1,3.97,22.76,medical
1191,83.09,39.92,3.27,clothing
1192,30.25,2.99,3.75,electronics
1193,12.4,11.58,21.26,tools
1194,73.89,27.05,8.39,clothing
1195,67.4,28.93,37.95,clothing
1196,76.17,21.34,5.12,clothing
1197,39.01,23.48,26.94,tools
1198,20.85,9.84,16.66,electronics
1199,67.47,27.16,24.4,electronics
1200,90.74,27.95,39.88,electronics
1201,44.17,32.03,33.22,electronics
1202,62.8,28.59,9.34,clothing
1203,92.98,13.45,38.5,medical
1204,96.18,1.01,2.35,electronics
1205,61.6,26.36,39.74,electronics
1206,5.62,49.24,9.38,electronics
1207,7.06,41.28,27.9,electronics
1208,92.32,26.05,23.26,clothing
1209,19.7,2.85,14.87,food
1210,30.17,44.59,10.74,electronics
1211,82.05,5.5,16.59,food
1212,74.76,36.46,31.92,food
1213,51.39,45.05,28.41,tools
1214,61.55,15.72,29.5,clothing
1215,41.25,39.23,36.95,electronics
1216,38.05,41.04,17.24,tools
1217,87.63,12.11,26.46,clothing
1218,93.22,32.06,25.66,tools
1219,33.95,3.02,22.06,food
1220,36.05,35.19,6.97,medical
1221,97.25,37.89,23.43,tools
1222,26.1,15.2,16.38,food
1223,36.94,24.32,30.07,clothing
1224,42.92,5.17,20.57,food
1225,77.39,24.57,8.73,medical
1226,66.96,10.61,25.02,clothing
1227,28.39,4.51,31.29,electronics
1228,70.05,29.22,5.39,medical
1229,45.24,18.07,13.51,clothing
1230,67.26,38.71,7.6,electronics
1231,63.54,49.52,18.25,food
1232,46.84,46.29,10.11,electronics
1233,19.82,36.7,4.35,tools
1234,28.09,31.43,6.76,electronics
1235,6.3,35.0,5.34,medical
1236,49.76,17.26,29.86,food
1237,24.36,26.64,11.09,medical
1238,64.19,49.62,28.11,tools
1239,40.78,45.4,21.55,electronics
1240,21.18,14.92,31.78,clothing
1241,30.77,23.78,37.86,tools
1242,41.92,14.29,34.23,electronics
1243,87.11,1.93,34.83,medical
1244,26.96,19.65,39.09,tools
1245,90.87,24.75,24.29,tools
1246,22.71,25.53,18.86,tools
1247,8.78,46.19,12.89,medical
1248,42.37,8.69,14.52,electronics
1249,38.76,15.81,39.84,clothing
1250,31.21,4.04,11.05,medical
1251,89.59,40.93,2.15,clothing
1252,95.17,12.05,14.33,medical
1253,67.41,5.3,15.91,clothing
1254,87.91,34.64,17.28,clothing
1255,19.51,48.56,36.48,electronics
1256,47.67,7.46,26.45,clothing
1257,56.43,40.21,34.64,electronics
1258,70.41,45.03,36.47,medical
1259,99.59,48.81,6.66,clothing
1260,92.13,16.56,22.74,tools
1261,22.49,42.14,6.68,tools
1262,77.72,44.13,17.15,medical
1263,33.82,37.53,33.05,electronics
1264,19.44,10.21,6.13,tools
1265,77.43,30.99,11.41,clothing
1266,63.17,30.22,10.01,tools
1267,39.13,34.72,19.59,clothing
1268,85.38,23.97,26.33,food
1269,85.95,25.08,6.36,food
1270,26.5,21.02,38.78,electronics
1271,95.27,11.91,27.18,food
1272,76.99,4.24,37.16,medical
1273,87.38,25.01,13.67,medical
1274,89.32,21.95,31.27,clothing
1275,74.86,19.64,13.2,clothing
1276,94.22,29.02,21.91,tools
1277,54.46,23.13,33.25,tools
1278,88.39,13.04,21.98,tools
1279,57.98,26.29,25.6,tools
1280,23.04,22.54,35.49,electronics
1281,48.83,21.7,24.91,tools
1282,70.55,45.28,19.08,medical
1283,13.59,25.53,8.01,clothing
1284,94.1,35.11,6.28,medical
1285,35.73,2.22,18.69,food
1286,88.84,5.42,13.64,food
1287,73.25,7.05,5.45,medical
1288,65.24,5.18,28.58,clothing
1289,63.15,8.84,22.46,tools
1290,77.98,45.7,23.05,food
1291,20.4,8.09,31.0,tools
1292,44.86,16.17,30.98,medical
1293,32.43,9.85,36.04,food
1294,5.34,38.5,1.48,medical
1295,86.26,27.63,1.22,medical
1296,27.6,29.85,19.55,medical
1297,46.98,30.46,1.26,clothing
1298,31.42,31.8,32.98,food
1299,9.65,8.26,26.48,tools
1300,18.81,2.59,23.55,clothing
1301,33.35,46.1,2.91,medical
1302,99.4,8.91,12.09,clothing
1303,59.37,28.55,38.69,clothing
1304,39.22,2.76,30.97,electronics
1305,40.01,19.57,3.64,medical
1306,85.11,4.18,19.36,tools
1307,70.99,14.45,21.56,clothing
1308,24.94,11.24,3.27,clothing
1309,74.32,31.82,39.5,medical
1310,73.79,30.63,31.74,electronics
1311,45.57,42.54,11.13,clothing
1312,99.53,18.34,6.06,clothing
1313,52.16,36.73,20.41,food
1314,88.95,12.4,12.33,food
1315,5.15,2.18,25.39,tools
1316,75.06,11.16,25.0,medical
1317,44.33,17.36,22.86,food
1318,6.07,10.86,11.98,tools
1319,34.24,25.83,13.63,tools
1320,15.81,17.33,16.45,clothing
1321,63.52,2.43,7.85,electronics
1322,84.21,46.19,19.69,medical
1323,80.74,32.64,19.78,medical
1324,89.75,27.31,14.07,medical
1325,93.14,3.75,21.32,clothing
1326,73.87,16.46,21.9,food
1327,59.85,17.25,36.73,electronics
1328,11.29,8.32,33.79,electronics
1329,98.44,31.7,33.85,clothing
1330,62.54,10.18,5.56,electronics
1331,72.0,16.41,2.23,medical
1332,13.25,43.98,15.49,electronics
1333,25.53,15.81,5.38,tools
1334,78.89,45.75,18.31,tools
1335,80.91,45.34,7.01,electronics
1336,92.75,36.89,21.42,electronics
1337,18.61,43.72,33.06,clothing
1338,69.29,7.5,29.26,medical
1339,41.82,43.38,5.52,electronics
1340,93.57,34.67,24.18,tools
1341,36.66,44.57,5.02,electronics
1342,7.14,38.17,25.92,food
1343,35.48,10.43,11.79,electronics
1344,78.41,33.89,11.63,food
1345,31.0,1.75,25.29,clothing
1346,14.73,27.58,22.43,electronics
1347,18.45,35.51,12.05,food
1348,21.27,16.26,35.8,clothing
1349,47.15,7.37,19.36,tools
1350,15.06,3.64,17.63,food
1351,71.94,44.67,25.55,medical
1352,63.55,16.31,32.88,clothing
1353,12.46,46.22,30.81,clothing
1354,17.52,40.83,36.87,medical
1355,14.24,16.21,26.13,medical
1356,49.7,47.42,6.61,clothing
1357,29.52,18.81,8.15,electronics
1358,79.93,44.24,18.68,tools
1359,11.21,6.53,19.67,food
1360,31.81,18.08,23.41,clothing
1361,14.78,41.06,32.07,electronics
1362,57.83,4.48,12.78,medical
1363,43.08,21.26,25.21,clothing
1364,20.11,24.64,3.58,food
1365,82.32,29.96,31.59,medical
1366,58.89,17.77,28.07,food
1367,67.95,4.82,37.3,clothing
1368,84.49,6.6,24.25,electronics
1369,57.73,41.28,7.87,medical
1370,11.61,6.33,32.75,medical
1371,36.1,32.6,3.4,food
1372,82.62,44.48,36.23,tools
1373,76.92,33.38,18.67,electronics
1374,42.05,29.32,8.63,electronics
1375,33.47,39.92,27.5,medical
1376,73.19,45.84,39.62,clothing
1377,5.77,49.33,16.76,food
1378,85.99,4.06,36.14,tools
1379,5.08,28.44,39.17,tools
1380,86.82,43.42,10.17,clothing
1381,42.46,16.59,15.93,medical
1382,46.34,11.35,7.76,food
1383,22.88,19.85,37.05,medical
1384,19.66,49.88,27.13,food
1385,6.1,32.77,6.62,medical
1386,67.5,48.77,6.3,food
1387,66.01,21.38,18.79,clothing
1388,93.38,31.54,18.72,medical
1389,57.44,23.05,14.86,food
1390,45.35,1.36,20.43,food
1391,72.65,14.19,37.14,clothing
1392,39.86,48.93,23.16,electronics
1393,15.75,24.6,27.93,food
1394,74.37,26.79,34.51,electronics
1395,49.17,4.83,35.71,tools
1396,28.3,31.9,26.89,tools
1397,69.99,27.42,23.61,clothing
1398,10.01,17.83,31.36,medical
1399,48.13,45.4,23.38,electronics
1400,45.0,48.07,32.13,electronics
1401,20.91,35.06,24.31,electronics
1402,74.06,28.62,3.4,medical
1403,59.92,29.07,26.6,electronics
1404,81.85,31.59,12.19,tools
1405,17.05,4.77,31.57,electronics
1406,17.59,14.77,34.46,tools
1407,75.44,30.59,36.5,food
1408,67.62,19.12,7.84,food
1409,51.07,40.17,34.62,electronics
1410,98.49,48.4,24.23,food
1411,84.57,37.89,17.1,medical
1412,27.61,22.57,25.87,food
1413,59.89,42.25,3.12,electronics
1414,76.77,6.68,7.54,medical
1415,50.24,24.34,37.98,clothing
1416,27.2,34.49,16.21,electronics
1417,18.79,43.64,1.46,medical
1418,41.29,16.47,21.68,tools
1419,14.25,27.03,14.8,medical
1420,63.0,32.95,11.63,electronics
1421,30.37,5.82,26.52,medical
1422,48.81,34.09,10.43,clothing
1423,78.2,26.48,27.43,food
1424,34.76,1.52,1.33,tools
1425,6.14,5.79,5.05,medical
1426,38.39,36.54,10.82,tools
1427,7.25,5.51,37.6,food
1428,95.3,32.27,28.61,tools
1429,13.21,30.63,15.66,clothing
1430,81.3,10.05,5.32,food
1431,29.07,23.88,37.51,medical
1432,92.66,14.54,17.65,electronics
1433,29.45,39.26,11.81,tools
1434,41.37,17.3,3.34,electronics
1435,21.9,4.4,39.2,food
1436,62.98,9.74,20.19,food
1437,56.36,22.13,24.94,tools
1438,91.7,36.05,5.03,tools
1439,11.69,36.65,31.31,tools
1440,90.17,8.29,25.97,tools
1441,68.14,14.06,28.3,medical
1442,59.59,26.25,37.66,medical
1443,50.42,20.79,29.38,tools
1444,56.31,1.16,38.21,medical
1445,16.51,27.23,39.67,electronics
1446,69.77,20.63,25.66,tools
1447,39.71,42.81,14.26,medical
1448,77.24,15.21,8.92,clothing
1449,8.74,19.82,8.45,medical
1450,90.16,31.9,15.01,tools
1451,89.1,22.46,8.39,tools
1452,23.34,36.27,24.12,medical
1453,41.93,39.84,26.09,medical
1454,55.72,41.88,18.52,tools
1455,8.52,3.75,31.72,tools
1456,43.52,11.37,26.5,clothing
1457,48.55,34.23,35.1,food
1458,75.4,12.42,3.81,food
1459,51.44,1.93,36.38,clothing
1460,9.35,35.36,6.09,food
1461,65.1,45.33,33.01,tools
1462,48.34,9.36,24.05,tools
1463,15.85,30.15,25.01,tools
1464,81.42,21.88,32.65,medical
1465,35.8,48.82,23.46,food
1466,35.55,48.27,9.32,tools
1467,61.34,17.44,5.71,food
1468,76.97,9.23,15.43,food
1469,46.67,46.36,2.59,tools
1470,80.15,31.98,15.67,food
1471,6.48,24.86,1.25,food
1472,92.98,35.63,24.16,electronics
1473,44.54,40.56,31.13,food
1474,24.59,32.35,21.4,medical
1475,27.73,9.55,27.98,clothing
1476,22.1,25.49,38.06,electronics
1477,38.05,1.22,10.19,tools
1478,98.73,48.86,25.14,clothing
1479,53.22,23.75,25.43,food
1480,31.26,10.49,32.07,medical
1481,52.26,8.83,36.98,tools
1482,66.26,14.97,17.95,electronics
1483,63.6,44.61,18.67,tools
1484,75.34,46.32,7.86,tools
1485,51.08,6.69,35.91,medical
1486,61.31,16.97,8.75,electronics
1487,26.86,6.4,9.88,food
1488,75.09,43.62,15.65,food
1489,11.99,29.67,3.12,medical
1490,18.77,46.47,18.74,medical
1491,40.48,23.43,8.57,electronics
1492,97.68,10.91,5.96,clothing
1493,10.67,7.69,34.21,medical
1494,44.73,38.26,9.57,electronics
1495,62.35,39.69,25.88,clothing
1496,91.03,29.33,22.56,food
1497,13.22,42.99,20.08,food
1498,61.2,42.01,11.89,medical
1499,74.94,13.09,13.76,clothing
1500,26.13,46.45,37.9,clothing
1501,90.33,21.47,2.72,medical
1502,74.68,25.71,17.6,medical
1503,50.53,40.1,33.03,medical
1504,52.05,5.07,30.37,medical
1505,95.24,7.5,12.54,tools
1506,6.51,33.78,7.31,medical
1507,86.5,37.62,1.95,medical
1508,49.06,7.79,28.42,food
1509,80.04,19.15,19.11,tools
1510,86.74,4.46,35.84,electronics
1511,55.44,15.53,30.36,clothing
1512,56.53,39.93,31.72,tools
1513,63.94,17.45,37.36,clothing
1514,94.81,34.06,35.63,tools
1515,41.38,23.8,2.59,electronics
1516,21.65,28.38,3.61,food
1517,18.15,17.41,22.05,medical
1518,75.05,37.86,34.97,food
1519,76.55,38.28,13.5,electronics
1520,52.84,21.72,3.12,electronics
1521,37.8,24.83,21.54,tools
1522,49.67,27.06,33.19,electronics
1523,47.94,19.04,27.26,tools
1524,22.89,44.31,4.41,medical
1525,90.3,15.13,38.31,tools
1526,20.65,6.49,6.77,food
1527,88.12,26.51,25.46,electronics
1528,44.57,34.44,37.34,medical
1529,37.94,22.75,26.14,electronics
1530,22.96,2.08,32.28,clothing
1531,66.24,21.17,14.37,electronics
1532,51.18,33.63,21.68,clothing
1533,47.3,15.9,6.15,electronics
1534,21.32,13.74,19.89,electronics
1535,78.13,3.32,14.77,medical
1536,95.84,31.31,7.27,clothing
1537,32.1,48.69,33.73,food
1538,20.32,6.73,39.76,clothing
1539,17.01,13.76,8.2,clothing
1540,72.18,33.61,39.14,food
1541,40.43,27.45,7.34,electronics
1542,16.54,2.22,37.31,food
1543,95.04,46.46,7.09,clothing
1544,97.68,17.23,28.51,medical
1545,90.12,48.51,30.41,clothing
1546,68.35,40.18,29.41,medical
1547,37.18,6.5,19.68,tools
1548,18.25,28.0,13.02,medical
1549,63.66,11.8,14.94,electronics
1550,10.23,32.42,23.75,food
1551,79.22,38.59,8.63,tools
1552,56.15,22.83,27.19,tools
1553,97.7,20.33,20.13,clothing
1554,62.48,47.23,36.43,electronics
1555,42.77,36.08,17.68,medical
1556,40.42,14.95,14.7,medical
1557,88.06,5.29,29.39,medical
1558,75.45,21.36,18.26,food
1559,81.54,48.55,17.53,medical
1560,18.26,29.77,4.36,food
1561,33.81,49.43,21.49,electronics
1562,11.28,48.04,30.49,tools
1563,5.63,32.3,11.66,food
1564,57.8,35.8,30.45,food
1565,23.93,41.78,12.29,medical
1566,9.01,41.49,33.55,electronics
1567,51.94,37.25,9.76,tools
1568,19.63,15.71,25.98,medical
1569,16.8,33.63,12.22,food
1570,51.73,34.7,10.55,tools
1571,77.65,25.16,38.85,clothing
1572,75.83,29.47,23.06,electronics
1573,64.66,24.33,28.08,tools
1574,40.45,36.91,1.68,electronics
1575,20.47,3.87,13.47,food
1576,38.95,3.59,15.09,electronics
1577,9.63,15.29,25.92,tools
1578,53.82,38.56,8.15,tools
1579,61.88,9.19,13.58,electronics
1580,83.55,34.56,12.74,electronics
1581,14.1,29.42,33.11,tools
1582,18.01,14.79,31.37,medical
1583,37.33,45.63,4.99,food
1584,52.82,41.75,32.01,clothing
1585,63.28,41.74,21.5,clothing
1586,72.69,35.41,32.3,medical
1587,48.75,4.74,32.93,tools
1588,50.55,16.27,15.14,medical
1589,89.52,30.28,30.78,electronics
1590,21.36,15.93,30.03,tools
1591,26.12,42.98,6.55,food
1592,34.21,11.28,39.26,medical
1593,70.63,39.42,4.03,medical
1594,76.95,3.08,5.2,clothing
1595,61.35,23.99,36.43,tools
1596,11.29,33.71,30.43,tools
1597,92.41,11.06,36.15,food
1598,68.71,2.43,6.68,electronics
1599,95.14,18.04,7.26,clothing
1600,79.18,31.03,20.69,tools
1601,14.42,29.33,1.55,food
1602,73.0,48.25,7.7,clothing
1603,5.41,36.54,37.05,clothing
1604,85.87,24.26,28.23,food
1605,46.77,47.93,8.05,electronics
1606,98.22,21.78,21.06,medical
1607,15.72,49.25,5.82,tools
1608,54.37,25.29,15.09,electronics
1609,57.93,2.99,13.8,tools
1610,41.55,23.39,29.71,medical
1611,26.46,20.96,39.41,medical
1612,22.93,4.41,33.8,medical
1613,94.21,19.0,1.5,medical
1614,68.85,20.42,21.38,tools
1615,16.33,20.35,28.11,tools
1616,75.44,44.73,7.58,electronics
1617,97.64,17.59,24.2,medical
1618,16.66,42.07,29.28,electronics
1619,77.66,38.53,24.15,medical
1620,38.83,33.67,38.06,medical
1621,53.58,8.22,18.73,tools
1622,28.82,25.37,25.51,food
1623,7.82,37.15,33.38,medical
1624,69.42,48.63,15.92,electronics
1625,19.51,31.48,4.76,tools
1626,67.8,26.48,20.2,medical
1627,24.18,33.44,20.12,electronics
1628,56.53,40.66,22.08,tools
1629,95.5,2.55,17.79,tools
1630,41.44,16.41,15.68,medical
1631,8.42,9.67,26.72,electronics
1632,89.05,9.04,17.8,electronics
1633,72.99,24.89,5.27,medical
1634,67.71,34.58,23.32,medical
1635,58.41,8.66,3.17,electronics
1636,52.0,48.57,25.06,electronics
1637,77.81,14.94,3.4,clothing
1638,9.29,42.01,14.61,clothing
1639,7.56,44.68,14.31,tools
1640,45.67,49.61,17.07,tools
1641,67.82,13.13,26.28,clothing
1642,13.07,34.71,34.89,tools
1643,37.07,1.97,13.72,medical
1644,67.49,21.7,21.08,medical
1645,30.33,35.1,23.93,electronics
1646,40.89,20.12,23.33,medical
1647,14.51,34.08,14.1,clothing
1648,82.09,33.7,7.5,electronics
1649,39.52,22.36,20.38,tools
1650,84.84,27.26,12.21,tools
1651,33.25,29.1,32.38,clothing
1652,75.57,5.51,33.92,tools
1653,61.23,14.39,23.09,clothing
1654,50.15,11.28,32.03,electronics
1655,52.94,15.7,26.87,electronics
1656,24.01,20.71,25.37,medical
1657,68.8,27.83,35.35,clothing
1658,86.96,29.27,9.31,medical
1659,30.45,32.26,32.55,medical
1660,93.79,36.6,3.34,food
1661,39.61,8.24,6.87,electronics
1662,85.19,21.1,34.55,tools
1663,65.22,42.45,11.41,electronics
1664,66.37,13.57,24.45,medical
1665,27.66,8.35,2.08,electronics
1666,49.1,28.43,18.01,tools
1667,24.19,14.36,2.14,electronics
1668,67.57,9.62,34.25,medical
1669,79.31,3.71,35.96,electronics
1670,62.15,43.49,36.12,medical
1671,90.19,33.91,35.54,medical
1672,94.6,36.49,6.48,tools
1673,59.24,25.51,5.71,clothing
1674,95.22,46.65,10.82,tools
1675,27.62,6.99,32.46,electronics
1676,84.07,37.12,32.43,food
1677,93.87,11.68,5.17,food
1678,97.14,22.53,10.92,clothing
1679,10.31,27.14,28.29,tools
1680,35.07,21.77,27.63,electronics
1681,88.55,46.91,15.16,electronics
1682,83.03,2.03,38.71,clothing
1683,8.31,37.23,32.16,tools
1684,70.61,39.65,10.35,clothing
1685,41.55,32.31,28.32,tools
1686,55.82,12.58,18.25,tools
1687,91.43,20.26,39.14,electronics
1688,33.58,46.88,30.51,electronics
1689,24.99,44.62,36.72,electronics
1690,88.55,38.57,16.85,tools
1691,31.03,4.92,31.4,medical
1692,49.75,21.24,33.81,medical
1693,88.29,41.19,33.15,electronics
1694,53.1,18.24,24.48,clothing
1695,75.09,23.21,2.07,tools
1696,65.93,10.0,18.29,food
1697,5.29,10.8,12.92,clothing
1698,12.81,8.73,21.14,food
1699,85.46,34.6,31.91,electronics
1700,47.89,43.8,6.21,food
1701,70.31,41.51,32.18,food
1702,13.02,19.01,16.35,medical
1703,94.75,44.33,9.75,tools
1704,92.7,32.71,25.44,tools
1705,97.54,10.72,28.35,food
1706,9.73,31.28,24.42,food
1707,13.46,19.03,37.94,tools
1708,6.34,26.77,31.16,medical
1709,83.59,25.21,9.75,food
1710,23.1,43.23,31.5,electronics
1711,75.91,19.72,17.82,food
1712,62.01,49.77,12.04,food
1713,44.74,21.02,6.69,electronics
1714,97.73,12.54,18.59,food
1715,40.12,34.53,18.87,tools
1716,49.54,43.7,39.0,medical
1717,70.25,35.95,28.63,clothing
1718,29.34,5.67,3.29,electronics
1719,93.45,24.08,14.82,clothing
1720,94.24,48.39,24.33,tools
1721,5.51,25.72,15.86,medical
1722,68.77,7.48,35.8,tools
1723,60.15,13.75,20.65,electronics
1724,88.4,7.46,13.38,clothing
1725,46.13,13.76,13.22,food
1726,52.43,48.7,11.96,electronics
1727,92.99,14.86,35.2,clothing
1728,83.81,46.41,21.16,medical
1729,89.8,16.46,39.79,food
1730,57.79,46.22,25.83,medical
1731,10.06,8.28,9.96,tools
1732,49.67,9.01,19.22,tools
1733,99.54,46.43,2.59,electronics
1734,98.94,28.48,18.85,tools
1735,85.35,43.48,5.82,tools
1736,24.35,14.92,33.56,clothing
1737,83.14,28.6,26.86,food
1738,60.44,48.61,21.51,clothing
1739,22.15,46.1,10.6,medical
1740,69.31,44.48,2.01,tools
1741,42.45,29.93,38.1,electronics
1742,19.61,4.97,33.4,medical
1743,48.14,47.8,24.17,tools
1744,36.3,3.15,25.27,medical
1745,35.87,36.85,29.64,clothing
1746,17.29,43.3,32.26,electronics
1747,35.7,3.72,3.76,clothing
1748,41.23,20.54,7.94,medical
1749,13.47,42.76,7.35,medical
1750,32.07,37.88,26.51,tools
1751,33.36,40.25,29.7,electronics
1752,90.85,30.57,15.0,tools
1753,84.05,26.12,20.1,medical
1754,50.26,28.59,17.5,medical
1755,82.04,31.08,17.93,medical
1756,13.83,26.15,38.96,food
1757,66.52,35.97,37.3,clothing
1758,64.81,26.71,12.34,medical
1759,12.52,40.28,12.72,food
1760,70.01,15.72,10.7,medical
1761,33.07,3.34,3.98,tools
1762,53.77,26.02,17.11,medical
1763,67.78,28.86,10.88,electronics
1764,60.63,38.66,1.63,medical
1765,22.06,9.93,16.33,tools
1766,44.54,35.51,13.24,medical
1767,76.95,23.05,32.51,electronics
1768,96.84,43.7,8.3,food
1769,12.43,49.13,11.11,tools
1770,46.21,1.88,16.4,tools
1771,21.31,24.38,27.98,clothing
1772,73.96,15.84,32.71,clothing
1773,39.27,34.02,27.92,medical
1774,81.44,5.29,6.27,food
1775,15.63,1.78,38.85,tools
1776,24.88,32.78,26.34,medical
1777,85.0,43.05,22.0,tools
1778,33.59,23.71,19.49,tools
1779,16.06,45.22,29.81,medical
1780,96.57,24.1,34.53,clothing
1781,28.05,15.45,33.35,medical
1782,9.84,1.39,25.59,medical
1783,98.05,42.58,29.75,clothing
1784,74.45,49.95,2.44,medical
1785,51.18,29.96,24.85,medical
1786,27.03,3.97,1.74,clothing
1787,35.01,4.11,35.82,medical
1788,89.47,6.73,25.29,electronics
1789,47.59,22.38,7.29,food
1790,49.58,22.47,20.8,clothing
1791,91.36,17.62,24.48,medical
1792,17.46,15.38,28.74,medical
1793,84.14,33.98,29.65,medical
1794,80.98,42.38,25.25,electronics
1795,70.62,5.22,19.83,food
1796,23.95,30.68,4.94,medical
1797,94.59,25.19,10.15,clothing
1798,9.47,1.89,35.36,electronics
1799,69.31,9.56,34.52,clothing
1800,8.04,4.12,17.79,clothing
1801,26.54,28.54,19.97,electronics
1802,79.56,38.7,31.03,clothing
1803,30.41,8.41,27.92,clothing
1804,62.41,6.1,2.97,medical
1805,80.9,48.17,30.47,tools
1806,79.26,30.87,34.48,tools
1807,83.24,3.06,5.11,tools
1808,87.73,45.64,7.12,electronics
1809,72.28,38.34,20.44,tools
1810,19.66,18.82,32.95,tools
1811,85.62,22.52,17.21,tools
1812,28.31,40.65,14.31,clothing
1813,21.27,14.03,28.89,medical
1814,39.26,33.58,6.91,clothing
1815,45.06,12.18,32.27,medical
1816,92.21,45.01,38.12,clothing
1817,80.49,18.73,2.16,food
1818,78.16,36.16,21.18,tools
1819,13.05,16.43,39.3,food
1820,46.24,20.27,2.45,food
1821,90.74,3.83,25.63,clothing
1822,97.4,21.55,35.55,clothing
1823,87.99,36.36,13.23,electronics
1824,5.75,14.71,21.58,food
1825,71.53,22.86,9.0,clothing
1826,64.31,31.29,18.24,electronics
1827,89.33,39.3,16.78,food
1828,88.69,5.13,21.96,medical
1829,73.88,37.26,5.91,clothing
1830,31.97,5.55,22.52,clothing
1831,37.37,32.15,1.91,clothing
1832,61.29,12.83,31.19,medical
1833,98.76,6.41,3.34,electronics
1834,29.68,25.87,5.83,tools
1835,47.63,29.05,1.2,electronics
1836,98.38,40.46,39.57,clothing
1837,72.89,46.94,26.96,clothing
1838,27.21,15.66,27.01,clothing
1839,68.88,36.0,21.27,food
1840,15.0,26.31,8.51,electronics
1841,48.16,8.18,17.6,medical
1842,12.78,4.05,35.65,medical
1843,25.4,4.83,27.4,medical
1844,60.88,26.43,16.4,electronics
1845,60.51,32.19,39.86,medical
1846,74.51,21.43,7.35,clothing
1847,17.08,35.85,6.05,clothing
1848,87.01,6.78,9.29,medical
1849,8.1,8.69,22.8,tools
1850,62.15,21.02,5.71,clothing
1851,32.51,26.62,5.59,electronics
1852,99.15,15.86,19.95,food
1853,18.5,29.89,2.9,electronics
1854,89.46,11.56,32.95,medical
1855,5.2,27.83,3.64,tools
1856,44.67,29.08,23.06,electronics
1857,79.23,24.29,29.08,clothing
1858,17.62,7.79,25.82,medical
1859,68.39,8.3,29.39,tools
1860,80.98,33.56,16.98,food
1861,90.52,17.61,2.79,medical
1862,74.91,32.65,34.77,tools
1863,59.34,40.01,28.59,clothing
1864,66.29,32.55,4.32,clothing
1865,56.47,38.12,38.33,clothing
1866,22.99,24.32,35.98,tools
1867,67.53,27.06,38.53,electronics
1868,79.74,13.02,28.52,clothing
1869,47.2,40.54,24.67,medical
1870,60.94,25.08,37.42,electronics
1871,46.52,21.33,34.53,electronics
1872,41.29,5.46,39.21,clothing
1873,20.97,8.06,10.97,tools
1874,19.65,47.66,27.47,tools
1875,63.38,16.94,2.06,tools
1876,33.31,5.84,6.56,electronics
1877,29.5,47.14,36.08,tools
1878,24.24,37.85,23.86,medical
1879,53.32,25.72,38.02,electronics
1880,10.76,23.78,16.88,medical
1881,7.75,32.04,36.64,tools
1882,30.57,48.21,27.33,food
1883,77.48,32.93,5.9,clothing
1884,43.64,5.11,25.8,food
1885,79.37,7.98,22.08,food
1886,79.29,27.34,17.53,clothing
1887,47.92,1.05,19.12,clothing
1888,32.48,48.63,1.02,medical
1889,30.96,13.29,27.52,electronics
1890,85.03,11.42,33.79,electronics
1891,9.32,37.22,22.96,electronics
1892,13.52,35.22,33.39,clothing
1893,99.89,44.04,9.22,clothing
1894,95.95,16.6,27.6,electronics
1895,65.34,49.0,28.6,electronics
1896,28.36,49.17,14.32,medical
1897,96.1,17.09,36.65,food
1898,66.41,1.1,19.58,tools
1899,68.91,21.24,35.92,medical
1900,77.43,27.37,31.7,tools
1901,56.17,44.74,32.83,medical
1902,68.86,18.3,32.7,clothing
1903,39.01,9.68,30.95,tools
1904,16.85,19.15,8.53,tools
1905,26.04,1.97,11.96,electronics
1906,23.19,41.0,25.38,food
1907,27.25,25.2,15.16,electronics
1908,51.82,35.5,24.64,tools
1909,23.63,41.24,16.45,electronics
1910,59.06,25.21,22.52,clothing
1911,68.86,30.55,7.85,clothing
1912,17.18,4.19,11.13,clothing
1913,86.27,44.17,29.43,electronics
1914,23.23,34.22,39.69,clothing
1915,63.37,34.35,35.44,tools
1916,94.1,32.41,37.78,tools
1917,86.12,16.83,33.93,medical
1918,31.03,34.33,19.2,electronics
1919,54.14,3.13,29.13,tools
1920,31.4,21.58,18.51,tools
1921,42.23,17.4,35.32,tools
1922,99.08,12.06,27.89,tools
1923,92.11,10.65,13.84,tools
1924,64.47,5.74,19.72,tools
1925,61.29,31.69,14.04,electronics
1926,28.48,24.21,38.39,tools
1927,83.06,26.46,10.23,tools
1928,78.7,31.36,30.8,medical
1929,60.0,5.19,3.37,tools
1930,40.85,44.61,28.04,food
1931,10.89,40.32,3.14,clothing
1932,64.49,4.22,27.43,clothing
1933,9.96,42.65,16.67,clothing
1934,76.44,12.42,24.38,clothing
1935,6.01,19.81,32.01,clothing
1936,63.83,17.64,37.57,tools
1937,48.14,17.08,8.51,tools
1938,6.17,35.95,24.12,food
1939,90.92,7.17,20.85,electronics
1940,45.0,36.51,18.34,food
1941,18.08,3.16,5.98,clothing
1942,46.41,48.03,30.42,electronics
1943,60.45,27.52,6.68,medical
1944,34.32,17.8,15.38,tools
1945,54.18,33.23,6.64,food
1946,53.18,41.92,34.49,medical
1947,37.66,48.85,25.98,food
1948,79.6,17.74,27.05,medical
1949,61.98,17.23,23.56,electronics
1950,63.53,21.52,7.33,medical
1951,88.23,45.62,20.34,tools
1952,65.68,34.97,19.19,food
1953,27.71,36.99,38.15,electronics
1954,81.69,19.42,16.61,tools
1955,39.47,4.61,2.17,tools
1956,18.53,22.58,25.62,electronics
1957,9.17,2.45,8.72,food
1958,25.8,13.84,7.8,clothing
1959,28.37,10.6,7.87,electronics
1960,91.51,2.03,27.42,medical
1961,67.21,44.37,14.2,food
1962,33.98,12.77,32.57,food
1963,94.41,48.88,39.91,medical
1964,88.45,4.2,6.63,food
1965,80.52,10.39,15.75,electronics
1966,35.21,22.05,25.81,tools
1967,77.49,29.78,34.32,electronics
1968,80.01,17.06,3.08,electronics
1969,87.92,42.72,38.77,medical
1970,24.88,4.99,19.36,clothing
1971,11.16,25.92,30.3,clothing
1972,40.56,26.43,7.98,electronics
1973,54.92,24.68,38.27,medical
1974,30.49,20.65,36.93,clothing
1975,66.73,11.15,35.9,medical
1976,87.0,20.4,12.93,medical
1977,59.28,46.84,15.59,clothing
1978,13.05,37.83,12.51,clothing
1979,38.4,29.61,19.14,clothing
1980,36.96,23.11,17.87,electronics
1981,81.43,16.53,15.91,food
1982,46.96,14.02,3.96,tools
1983,32.98,25.59,22.32,tools
1984,79.66,46.4,4.84,tools
1985,39.22,27.76,14.02,electronics
1986,28.75,37.52,30.97,electronics
1987,23.11,30.6,6.38,clothing
1988,91.68,1.42,12.68,electronics
1989,79.4,20.79,16.82,clothing
1990,76.99,1.58,26.51,food
1991,87.22,12.15,29.21,food
1992,50.07,26.28,31.65,medical
1993,73.64,23.61,31.88,electronics
1994,85.35,22.01,37.74,medical
1995,24.91,23.05,22.78,electronics
1996,18.2,43.81,12.92,tools
1997,52.48,33.28,14.83,food
1998,44.82,34.6,16.73,clothing
1999,33.47,29.76,23.14,tools
2000,92.6,8.53,38.15,electronics
2001,58.98,40.16,36.64,clothing
2002,87.36,49.03,8.96,medical
2003,11.05,19.94,19.52,electronics
2004,59.1,23.13,35.9,tools
2005,21.29,34.07,7.93,clothing
2006,51.42,10.15,3.71,medical
2007,31.96,12.42,26.72,tools
2008,48.19,19.06,1.43,electronics
2009,86.67,21.13,7.12,tools
2010,17.27,21.5,29.98,medical
2011,95.73,43.42,6.07,food
2012,34.43,41.08,26.93,food
2013,62.35,47.02,23.91,clothing
2014,73.09,23.49,8.87,food
2015,47.34,41.4,24.59,food
2016,54.96,45.6,35.29,medical
2017,48.96,2.92,4.55,medical
2018,37.94,42.29,31.9,medical
2019,63.24,40.69,7.83,food
2020,22.06,31.27,17.85,medical
2021,91.53,9.99,23.18,medical
2022,71.37,3.14,35.54,food
2023,31.01,31.78,12.38,tools
2024,71.31,36.4,9.47,medical
2025,44.07,38.33,5.73,electronics
2026,12.27,6.16,30.9,electronics
2027,43.96,9.08,9.09,tools
2028,48.91,4.59,28.08,medical
2029,41.21,37.55,34.38,medical
2030,8.59,13.28,28.65,food
2031,36.08,37.69,19.91,tools
2032,12.84,33.19,28.83,medical
2033,18.32,41.2,33.82,food
2034,84.66,30.74,7.91,tools
2035,55.79,20.15,4.03,tools
2036,69.35,8.52,14.97,food
2037,72.87,44.74,21.76,medical
2038,71.19,41.99,32.65,tools
2039,42.11,16.11,3.04,tools
2040,9.62,19.49,8.87,food
2041,40.59,12.69,4.56,medical
2042,7.65,1.71,33.0,tools
2043,25.95,44.23,32.08,food
2044,73.78,3.16,20.99,electronics
2045,35.65,31.71,25.36,clothing
2046,42.53,21.97,10.06,tools
2047,38.87,9.51,16.68,electronics
2048,6.14,11.43,9.58,electronics
2049,66.74,19.08,3.63,food
2050,44.05,38.61,20.48,tools
2051,72.69,39.77,36.97,clothing
2052,21.29,47.99,24.39,medical
2053,69.4,48.65,28.06,electronics
2054,21.66,38.32,27.82,medical
2055,11.41,1.86,36.57,medical
2056,41.33,32.39,10.06,clothing
2057,71.94,1.65,1.83,tools
2058,34.34,37.16,30.53,clothing
2059,12.54,7.74,20.45,food
2060,19.41,11.01,2.48,clothing
2061,98.91,22.74,35.22,food
2062,31.42,32.54,30.66,clothing
2063,80.22,21.33,32.7,tools
2064,26.76,36.91,14.37,food
2065,56.23,45.42,26.94,food
2066,81.14,35.12,9.68,medical
2067,54.54,9.99,25.56,tools
2068,87.64,4.43,8.51,food
2069,94.14,7.15,7.77,clothing
2070,83.97,46.66,10.22,tools
2071,45.49,23.89,7.4,food
2072,28.27,9.65,10.71,electronics
2073,59.76,48.42,8.85,medical
2074,12.6,48.66,16.53,food
2075,49.72,21.71,24.77,medical
2076,77.23,41.16,31.95,tools
2077,77.38,21.94,4.25,electronics
2078,61.54,8.49,29.34,electronics
2079,41.14,15.99,12.05,clothing
2080,62.57,4.53,6.33,medical
2081,23.59,45.89,1.16,clothing
2082,74.39,19.34,16.78,medical
2083,94.33,48.55,15.55,medical
2084,34.24,49.39,3.78,tools
2085,99.28,7.1,37.35,food
2086,23.45,22.38,10.96,electronics
2087,53.41,24.94,27.85,tools
2088,66.84,46.4,29.69,food
2089,50.38,46.15,15.1,tools
2090,71.26,32.62,11.19,medical
2091,94.71,8.22,10.65,clothing
2092,95.42,42.23,1.48,tools
2093,66.22,45.93,16.51,clothing
2094,97.54,4.94,36.49,medical
2095,20.75,21.92,27.98,clothing
2096,96.93,33.27,15.93,electronics
2097,74.72,37.87,37.05,tools
2098,15.38,29.06,32.1,food
2099,30.56,11.27,30.18,electronics
2100,5.61,9.25,20.18,tools
2101,11.63,35.12,21.47,electronics
2102,74.64,9.36,15.61,food
2103,23.81,9.92,37.99,medical
2104,58.87,11.42,8.84,food
2105,81.87,10.4,39.33,medical
2106,46.87,45.74,5.26,food
2107,12.58,5.2,5.86,tools
2108,37.5,29.7,19.64,tools
2109,5.9,14.04,38.25,clothing
2110,79.97,3.05,9.23,tools
2111,40.69,26.48,38.52,electronics
2112,93.55,24.19,14.14,medical
2113,36.97,34.41,14.38,electronics
2114,82.6,47.11,26.94,medical
2115,63.03,48.79,35.05,tools
2116,5.29,43.66,16.67,food
2117,7.44,7.02,21.69,food
2118,40.0,31.3,26.7,medical
2119,53.92,33.35,1.12,electronics
2120,6.58,18.65,2.78,electronics
2121,69.4,12.44,19.9,clothing
2122,80.43,18.07,37.62,medical
2123,98.75,43.0,36.3,medical
2124,32.92,10.56,6.58,clothing
2125,88.24,39.46,28.95,tools
2126,17.15,40.04,12.75,clothing
2127,98.79,23.87,35.96,tools
2128,50.81,27.49,10.49,food
2129,76.56,33.33,4.49,medical
2130,99.37,2.43,37.23,electronics
2131,90.75,38.55,9.59,electronics
2132,68.26,47.62,27.15,food
2133,92.66,32.04,20.19,electronics
2134,87.83,46.66,30.89,clothing
2135,11.14,17.82,36.5,medical
2136,67.12,39.47,38.68,medical
2137,81.8,11.95,5.51,tools
2138,15.58,17.67,24.1,food
2139,75.74,6.69,15.34,electronics
2140,95.64,29.27,1.07,tools
2141,61.06,10.3,16.14,medical
2142,35.37,18.89,27.49,food
2143,54.38,30.48,9.66,medical
2144,5.87,42.77,13.32,electronics
2145,84.54,25.49,18.78,clothing
2146,31.92,37.61,34.12,tools
2147,61.89,16.14,39.62,tools
2148,30.98,42.54,23.38,food
2149,52.03,35.5,15.69,electronics
2150,19.51,36.12,34.07,food
2151,71.54,3.58,34.75,food
2152,86.39,36.64,12.66,food
2153,99.15,27.85,14.16,medical
2154,99.08,38.13,16.25,clothing
2155,74.04,14.84,37.0,clothing
2156,42.41,7.41,30.34,clothing
2157,87.26,3.65,37.45,electronics
2158,48.47,9.02,6.36,medical
2159,32.65,8.1,9.51,food
2160,74.86,1.45,29.31,clothing
2161,14.69,39.49,34.48,medical
2162,95.29,21.93,33.82,tools
2163,14.12,48.73,8.01,tools
2164,16.15,26.26,14.2,medical
2165,97.12,31.72,16.76,tools
2166,16.29,20.44,12.8,clothing
2167,95.68,32.99,15.64,tools
2168,78.88,43.38,26.36,electronics
2169,65.07,22.81,1.45,tools
2170,12.85,24.97,27.08,clothing
2171,26.37,29.76,39.51,medical
2172,31.0,37.52,31.98,food
2173,41.48,50.0,28.41,electronics
2174,59.29,5.87,3.48,clothing
2175,22.56,40.83,1.77,clothing
2176,82.66,39.39,21.67,tools
2177,54.3,29.65,28.84,tools
2178,76.58,11.17,26.68,tools
2179,22.16,30.36,8.02,clothing
2180,47.49,16.4,2.53,clothing
2181,24.59,8.9,22.94,tools
2182,13.04,7.11,12.64,clothing
2183,21.3,48.88,26.67,food
2184,33.56,47.36,21.26,electronics
2185,67.62,22.8,23.51,electronics
2186,54.65,49.31,14.73,clothing
2187,53.51,34.71,26.84,tools
2188,27.52,10.22,12.69,food
2189,95.96,30.51,9.43,electronics
2190,31.35,36.73,17.46,clothing
2191,29.22,19.71,36.24,medical
2192,48.33,47.29,27.38,food
2193,55.91,4.46,29.57,food
2194,72.87,28.62,26.26,clothing
2195,62.47,21.56,6.99,medical
2196,41.0,48.24,10.65,electronics
2197,16.84,6.39,22.39,tools
2198,36.29,5.36,36.46,electronics
2199,18.9,40.11,11.67,tools
2200,40.83,48.47,15.77,tools
2201,79.36,7.05,21.53,electronics
2202,60.94,40.53,4.73,electronics
2203,71.54,43.4,22.51,clothing
2204,14.41,3.35,13.4,medical
2205,22.16,40.5,27.43,clothing
2206,57.41,44.22,16.7,clothing
2207,17.12,1.47,21.03,food
2208,67.47,7.99,23.13,electronics
2209,10.02,36.55,39.01,food
2210,69.43,21.49,18.85,medical
2211,98.69,40.12,20.59,electronics
2212,95.5,26.51,29.02,food
2213,33.99,43.04,37.95,medical
2214,78.2,42.42,25.75,tools
2215,74.35,47.3,7.44,tools
2216,13.04,15.01,37.25,tools
2217,96.41,21.78,20.84,food
2218,50.57,26.24,39.92,clothing
2219,71.3,20.87,25.04,tools
2220,72.85,35.43,30.24,food
2221,99.45,33.4,36.9,clothing
2222,69.99,3.08,18.5,food
2223,69.08,44.21,21.42,food
2224,21.61,18.99,6.2,electronics
2225,95.49,21.71,15.78,electronics
2226,97.12,17.56,27.48,clothing
2227,85.82,43.03,12.31,medical
2228,32.89,11.44,29.78,clothing
2229,42.39,46.23,37.24,clothing
2230,83.44,2.74,19.06,clothing
2231,85.59,3.82,1.23,medical
2232,36.21,18.34,1.2,food
2233,43.2,1.43,17.8,food
2234,13.05,26.2,6.99,tools
2235,91.75,1.34,31.01,electronics
2236,26.48,20.37,12.67,medical
2237,89.76,27.28,11.51,medical
2238,67.35,22.53,6.46,medical
2239,5.55,44.3,28.66,tools
2240,23.01,2.97,16.39,electronics
2241,90.59,8.86,8.76,medical
2242,96.17,49.16,5.63,medical
2243,57.26,40.19,28.86,electronics
2244,76.35,39.24,16.6,medical
2245,17.48,47.93,31.92,food
2246,19.78,25.5,30.93,food
2247,9.94,41.66,17.76,clothing
2248,75.06,22.28,12.29,medical
2249,12.85,22.02,25.09,clothing
2250,22.75,14.78,5.49,electronics
2251,99.45,13.12,33.0,food
2252,50.02,39.35,5.02,clothing
2253,63.05,10.24,34.34,food
2254,26.79,7.48,2.5,food
2255,93.26,21.89,25.04,tools
2256,87.11,19.64,21.47,food
2257,26.07,21.88,3.39,medical
2258,66.17,15.91,11.5,electronics
2259,94.58,35.87,10.63,tools
2260,22.27,1.03,26.76,electronics
2261,25.14,24.13,36.43,tools
2262,45.94,13.36,20.16,electronics
2263,33.91,5.75,1.53,clothing
2264,78.19,7.39,15.06,electronics
2265,75.58,29.86,24.58,food
2266,66.77,11.29,15.98,tools
2267,17.4,37.39,5.69,clothing
2268,96.99,44.32,32.88,food
2269,71.94,46.35,3.92,clothing
2270,63.81,15.77,19.49,food
2271,55.69,8.53,5.99,medical
2272,57.3,13.37,35.21,clothing
2273,97.64,44.85,18.49,tools
2274,91.53,4.32,17.34,clothing
2275,80.13,9.18,11.69,food
2276,32.52,47.83,3.37,food
2277,75.37,20.48,27.7,clothing
2278,97.3,9.11,30.28,medical
2279,58.44,20.12,24.68,food
2280,22.49,8.84,9.49,tools
2281,88.52,39.74,18.76,clothing
2282,29.59,42.77,12.56,electronics
2283,57.45,9.38,2.78,food
2284,32.73,32.34,37.74,electronics
2285,93.09,14.25,31.83,food
2286,99.01,11.29,5.53,electronics
2287,65.1,48.64,13.66,clothing
2288,30.08,7.55,36.04,electronics
2289,35.84,3.81,32.82,electronics
2290,25.83,48.3,7.89,tools
2291,56.05,48.96,31.35,clothing
2292,15.11,37.54,15.9,electronics
2293,87.65,32.08,22.48,medical
2294,25.96,14.17,23.68,medical
2295,19.79,12.35,29.33,electronics
2296,19.09,24.47,20.34,medical
2297,22.58,43.26,8.37,medical
2298,94.62,9.84,12.0,electronics
2299,20.48,9.71,16.37,clothing
2300,22.85,8.03,17.63,medical
2301,91.37,48.55,4.91,clothing
2302,18.04,37.77,1.46,tools
2303,40.9,2.02,33.24,tools
2304,17.56,38.74,11.44,clothing
2305,6.28,48.35,38.35,tools
2306,56.53,41.09,34.26,tools
2307,24.22,24.54,22.95,medical
2308,82.47,16.06,19.68,food
2309,10.31,34.91,25.47,tools
2310,7.01,3.18,22.24,tools
2311,53.6,41.99,6.53,food
2312,7.28,21.93,6.75,electronics
2313,26.46,44.07,16.01,tools
2314,51.72,49.55,9.76,electronics
2315,38.94,31.17,5.62,tools
2316,90.08,30.62,7.94,clothing
2317,36.81,9.89,17.58,electronics
2318,64.35,15.06,35.14,electronics
2319,92.04,33.42,37.38,tools
2320,79.94,43.22,39.14,food
2321,35.42,20.14,29.13,medical
2322,82.39,6.55,17.67,electronics
2323,18.74,16.83,5.97,medical
2324,38.5,25.22,19.77,medical
2325,62.17,32.19,6.39,food
2326,41.4,27.92,22.01,medical
2327,55.59,41.25,16.0,clothing
2328,72.92,26.82,31.29,food
2329,71.79,12.52,1.11,tools
2330,39.43,24.22,6.21,tools
2331,10.66,18.12,34.1,food
2332,33.0,8.06,34.28,medical
2333,28.04,41.56,3.18,food
2334,16.14,35.09,6.58,tools
2335,71.13,21.81,3.11,tools
2336,67.96,4.61,33.66,food
2337,7.87,18.9,4.08,tools
2338,6.19,41.72,17.24,food
2339,49.63,7.87,21.57,electronics
2340,49.67,36.41,18.31,tools
2341,32.24,8.64,35.37,tools
2342,62.4,9.51,7.25,medical
2343,84.1,34.32,35.16,clothing
2344,72.58,13.64,23.31,electronics
2345,72.39,21.76,7.12,tools
2346,54.54,48.92,5.88,food
2347,43.04,3.74,16.3,clothing
2348,62.48,4.78,28.0,medical
2349,34.75,32.45,33.26,food
2350,10.19,19.2,17.54,electronics
2351,15.3,4.81,24.52,electronics
2352,7.66,14.83,22.12,tools
2353,25.13,1.54,36.48,food
2354,57.41,32.28,2.26,electronics
2355,13.08,28.94,2.75,medical
2356,9.34,16.41,37.8,tools
2357,98.15,37.83,38.39,clothing
2358,23.51,37.84,29.3,food
2359,71.75,5.77,16.88,clothing
2360,14.6,40.57,6.86,clothing
2361,80.63,24.37,34.88,tools
2362,32.56,8.43,19.06,tools
2363,95.52,12.35,9.41,food
2364,78.04,8.89,38.58,clothing
2365,99.27,30.83,21.41,electronics
2366,47.51,7.43,12.34,clothing
2367,86.32,22.11,35.74,medical
2368,27.72,49.85,24.67,food
2369,58.86,49.73,4.8,tools
2370,18.55,43.65,22.34,tools
2371,52.4,23.29,7.62,electronics
2372,20.34,14.73,15.17,tools
2373,11.76,35.82,18.97,medical
2374,97.96,38.39,18.24,food
2375,94.28,48.61,20.04,electronics
2376,86.61,20.65,34.42,food
2377,46.88,26.11,25.36,electronics
2378,40.5,34.43,20.73,electronics
2379,88.35,49.57,2.66,tools
2380,75.4,13.0,33.03,tools
2381,19.68,6.16,15.66,clothing
2382,42.93,4.58,16.14,medical
2383,68.57,18.1,19.27,clothing
2384,90.51,23.78,4.35,tools
2385,92.16,46.2,30.96,food
2386,43.14,4.16,14.35,clothing
2387,51.2,35.41,19.57,electronics
2388,48.18,27.71,37.99,food
2389,65.82,16.69,2.22,clothing
2390,78.55,4.06,32.53,medical
2391,97.96,11.46,9.25,tools
2392,95.5,34.5,11.52,food
2393,12.94,4.39,16.8,electronics
2394,88.01,23.12,17.37,food
2395,68.62,13.71,33.39,tools
2396,90.02,22.0,38.57,electronics
2397,20.63,18.11,17.34,medical
2398,55.87,39.41,38.66,medical
2399,38.7,34.95,16.18,tools
2400,58.29,44.8,8.74,clothing
2401,63.57,16.86,39.47,electronics
2402,6.35,44.93,37.42,medical
2403,87.11,6.57,38.83,medical
2404,29.97,36.39,39.54,food
2405,65.26,32.31,23.56,tools
2406,25.77,48.97,17.39,clothing
2407,78.57,30.45,9.43,food
2408,95.48,48.62,23.5,tools
2409,40.17,18.83,12.78,electronics
2410,52.7,43.52,28.27,medical
2411,44.34,18.23,33.3,medical
2412,54.7,38.49,5.42,food
2413,48.59,19.28,22.56,food
2414,56.56,19.7,33.96,medical
2415,65.24,35.4,37.58,tools
2416,99.56,40.49,5.05,tools
2417,63.54,21.15,20.36,clothing
2418,93.09,5.89,18.32,clothing
2419,81.56,33.72,34.22,food
2420,26.17,23.28,15.86,food
2421,86.35,47.58,14.67,medical
2422,44.23,41.2,28.45,medical
2423,5.72,19.36,9.73,electronics
2424,30.42,33.28,12.99,medical
2425,68.96,1.2,36.45,tools
2426,6.48,8.52,15.6,clothing
2427,82.9,30.4,14.07,clothing
2428,99.32,12.85,38.97,food
2429,63.55,20.27,3.01,clothing
2430,45.76,47.03,16.23,food
2431,43.3,16.59,7.18,food
2432,14.46,40.26,20.67,clothing
2433,79.51,42.31,25.47,electronics
2434,84.55,8.79,13.57,tools
2435,13.86,22.43,25.53,clothing
2436,19.54,31.29,22.2,tools
2437,59.32,2.24,29.63,medical
2438,65.27,39.1,8.28,food
2439,33.21,27.24,10.56,medical
2440,78.19,33.3,11.72,food
2441,64.61,32.28,23.59,tools
2442,15.54,46.43,5.78,food
2443,31.83,44.84,4.62,medical
2444,85.24,45.72,9.11,tools
2445,51.65,2.08,3.87,tools
2446,24.98,21.58,35.7,medical
2447,81.81,9.81,1.4,food
2448,67.67,31.93,34.34,tools
2449,97.71,49.69,19.87,clothing
2450,62.0,1.25,21.35,electronics
2451,93.03,10.45,2.15,tools
2452,54.21,38.29,9.44,electronics
2453,15.9,11.63,13.77,food
2454,12.93,34.89,5.94,electronics
2455,50.75,47.71,14.59,clothing
2456,66.93,23.89,32.55,medical
2457,53.7,20.6,8.53,food
2458,23.8,42.46,28.98,medical
2459,14.77,39.86,23.92,food
2460,80.44,47.73,20.03,medical
2461,45.26,37.61,32.82,clothing
2462,15.22,19.77,8.79,electronics
2463,40.53,32.0,3.51,food
2464,89.5,47.95,10.87,medical
2465,32.88,41.51,26.16,clothing
2466,38.46,2.47,8.02,electronics
2467,45.79,10.11,10.57,food
2468,67.41,19.23,31.4,tools
2469,5.92,34.73,28.96,food
2470,49.21,39.97,36.05,clothing
2471,11.29,14.9,9.27,food
2472,14.78,14.62,24.71,tools
2473,59.53,32.67,27.6,medical
2474,35.19,16.69,8.69,medical
2475,52.37,49.52,17.43,tools
2476,48.01,30.47,24.06,food
2477,59.76,14.97,26.1,clothing
2478,98.86,45.67,12.09,medical
2479,8.52,27.14,21.57,electronics
2480,66.25,4.4,4.71,medical
2481,73.71,14.46,30.39,medical
2482,12.58,38.96,20.26,tools
2483,42.37,35.13,18.73,tools
2484,85.09,46.95,5.01,food
2485,9.54,1.51,5.1,electronics
2486,86.83,36.49,9.83,tools
2487,23.16,45.21,15.39,clothing
2488,99.01,46.77,34.85,electronics
2489,88.92,3.11,2.87,electronics
2490,12.13,17.14,24.9,medical
2491,30.64,9.35,6.37,medical
2492,16.39,16.65,6.77,clothing
2493,89.34,48.33,17.12,medical
2494,68.48,26.57,10.38,medical
2495,67.82,48.84,13.55,medical
2496,26.45,13.93,12.55,tools
2497,38.54,41.94,10.45,food
2498,71.02,4.68,20.29,food
2499,6.25,11.59,32.92,food
2500,51.33,17.68,32.75,clothing
2501,53.82,16.35,37.83,medical
2502,67.25,42.54,5.12,food
2503,25.78,18.82,39.03,clothing
2504,53.78,39.22,8.33,electronics
2505,45.19,34.63,38.11,clothing
2506,66.6,8.22,35.17,tools
2507,27.85,44.81,8.29,tools
2508,50.24,27.01,14.73,tools
2509,93.06,5.12,17.83,food
2510,42.71,22.11,14.02,medical
2511,30.9,5.79,26.3,medical
2512,23.42,10.28,7.89,electronics
2513,55.31,25.19,17.91,tools
2514,66.4,47.99,9.56,tools
2515,90.03,29.19,10.31,clothing
2516,14.6,12.1,25.19,medical
2517,42.23,5.96,29.62,electronics
2518,52.04,9.38,8.94,electronics
2519,72.06,15.11,1.12,food
2520,52.81,35.32,19.59,electronics
2521,85.99,34.71,7.64,tools
2522,20.83,17.28,18.75,tools
2523,68.27,21.97,1.81,electronics
2524,88.72,9.37,30.65,tools
2525,61.43,48.51,23.74,medical
2526,87.96,24.16,2.76,tools
2527,58.89,49.53,33.58,clothing
2528,52.8,37.99,31.24,tools
2529,33.94,37.07,18.65,electronics
2530,99.03,13.61,19.97,electronics
2531,48.58,41.56,12.74,electronics
2532,89.68,38.95,34.42,clothing
2533,51.01,14.23,21.25,tools
2534,19.05,21.11,9.59,food
2535,38.93,2.51,23.53,medical
2536,39.14,37.47,8.56,medical
2537,65.68,48.31,35.21,clothing
2538,90.43,23.01,38.37,clothing
2539,21.62,45.61,14.6,electronics
2540,42.15,21.45,39.76,electronics
2541,23.1,29.4,28.37,clothing
2542,16.68,39.97,23.1,electronics
2543,32.4,48.5,20.46,food
2544,49.3,8.36,38.7,clothing
2545,58.02,8.97,19.99,tools
2546,80.98,1.76,2.6,electronics
2547,83.42,7.05,20.05,tools
2548,45.88,33.35,1.03,electronics
2549,18.08,44.06,31.63,clothing
2550,68.21,38.68,7.05,tools
2551,72.75,7.99,29.59,medical
2552,60.6,4.96,9.54,medical
2553,93.63,13.19,27.46,medical
2554,45.14,48.38,4.83,electronics
2555,92.42,30.25,7.76,medical
2556,69.5,16.8,23.55,food
2557,28.75,21.4,8.78,electronics
2558,13.13,28.77,25.5,clothing
2559,22.42,39.34,33.52,tools
2560,18.17,22.65,13.22,electronics
2561,49.5,21.96,17.4,medical
2562,48.82,45.72,2.03,medical
2563,13.4,7.89,36.37,food
2564,60.13,19.28,25.21,clothing
2565,88.39,3.62,33.96,food
2566,43.28,1.29,32.49,clothing
2567,48.72,3.66,3.13,tools
2568,36.68,5.77,12.33,medical
2569,70.61,43.35,5.74,clothing
2570,69.07,37.23,3.07,food
2571,54.05,28.54,38.72,food
2572,26.24,34.11,34.24,electronics
2573,64.68,36.24,37.52,medical
2574,64.25,10.83,3.62,food
2575,62.36,6.93,4.78,food
2576,14.84,2.21,20.73,medical
2577,10.29,6.97,16.78,food
2578,82.93,42.24,22.32,clothing
2579,69.73,43.11,25.07,medical
2580,18.89,2.06,6.53,food
2581,21.22,37.34,22.32,medical
2582,50.64,15.18,4.9,clothing
2583,51.83,33.72,16.26,tools
2584,49.08,40.86,6.78,electronics
2585,48.42,28.65,1.43,electronics
2586,8.24,32.87,26.63,medical
2587,9.05,45.45,38.55,medical
2588,88.83,23.46,1.36,food
2589,38.99,42.94,20.63,electronics
2590,90.74,26.73,21.01,food
2591,67.31,18.24,29.05,electronics
2592,48.65,43.07,6.46,electronics
2593,92.73,4.34,33.73,medical
2594,40.77,24.12,26.7,clothing
2595,72.31,25.84,26.7,electronics
2596,17.3,16.88,38.25,electronics
2597,60.53,41.66,3.64,tools
2598,85.94,8.8,4.77,tools
2599,52.45,34.29,13.62,food
2600,98.23,40.62,29.57,food
2601,15.02,44.16,29.4,medical
2602,76.8,21.58,3.51,clothing
2603,28.8,2.83,30.25,medical
2604,77.52,30.72,33.79,food
2605,35.51,35.24,15.73,clothing
2606,57.86,10.59,20.15,electronics
2607,26.42,37.37,17.93,clothing
2608,81.82,10.42,23.7,tools
2609,24.34,40.69,35.84,electronics
2610,78.57,28.85,34.72,electronics
2611,22.6,36.77,36.53,clothing
2612,52.14,41.79,23.24,medical
2613,52.58,18.47,36.09,food
2614,81.15,22.51,25.39,tools
2615,59.07,7.23,21.17,tools
2616,16.2,12.3,24.46,electronics
2617,7.14,41.25,12.31,electronics
2618,42.09,18.54,35.03,food
2619,96.97,4.66,23.44,clothing
2620,93.52,25.5,16.57,tools
2621,56.86,44.7,23.73,electronics
2622,67.06,2.58,17.43,food
2623,36.78,38.47,6.43,clothing
2624,82.59,17.15,30.54,tools
2625,27.38,4.57,37.97,clothing
2626,71.79,38.51,2.38,tools
2627,95.24,30.31,24.88,tools
2628,89.31,24.46,6.05,tools
2629,14.89,25.33,9.78,electronics
2630,45.99,15.87,34.14,food
2631,7.04,3.71,31.17,food
2632,55.75,43.15,27.6,tools
2633,57.49,3.55,30.86,food
2634,45.82,21.91,6.37,medical
2635,16.21,31.17,36.24,electronics
2636,23.4,22.39,3.26,food
2637,13.74,1.49,17.11,clothing
2638,58.96,49.56,1.58,food
2639,82.2,4.75,5.94,food
2640,31.85,16.39,24.49,food
2641,99.82,7.36,16.51,tools
2642,67.38,4.74,37.6,food
2643,52.02,37.03,14.92,food
2644,47.14,15.83,15.31,clothing
2645,32.8,33.03,21.55,electronics
2646,35.29,27.53,5.07,electronics
2647,90.54,35.57,25.25,electronics
2648,12.45,45.69,33.82,clothing
2649,26.9,37.35,9.22,electronics
2650,73.87,39.61,2.4,food
2651,71.34,32.85,18.7,tools
2652,7.02,41.98,11.54,clothing
2653,41.5,41.53,4.3,electronics
2654,86.18,19.81,1.74,medical
2655,41.54,3.18,9.02,food
2656,67.69,27.09,26.76,tools
2657,56.45,18.04,2.01,clothing
2658,76.68,17.47,33.3,electronics
2659,81.97,29.96,30.53,electronics
2660,73.95,31.45,34.76,tools
2661,81.7,28.11,38.15,electronics
2662,86.56,46.96,19.08,clothing
2663,73.33,38.68,11.14,medical
2664,49.4,49.64,10.29,tools
2665,31.67,34.45,11.7,food
2666,78.28,15.5,23.27,tools
2667,63.48,18.72,26.71,clothing
2668,6.17,16.04,26.77,electronics
2669,85.52,22.75,1.67,tools
2670,49.31,48.33,19.73,clothing
2671,25.7,3.87,37.61,electronics
2672,90.22,28.02,38.18,medical
2673,22.08,38.53,11.77,medical
2674,17.09,31.89,6.73,clothing
2675,67.32,12.4,26.53,food
2676,70.02,43.17,23.62,tools
2677,57.57,12.17,38.12,electronics
2678,97.65,1.79,33.95,electronics
2679,56.34,3.19,10.15,tools
2680,12.36,22.75,20.93,food
2681,24.38,28.95,33.34,medical
2682,11.78,21.9,12.04,tools
2683,36.02,39.62,14.06,medical
2684,90.25,19.36,37.76,electronics
2685,64.08,8.86,2.74,food
2686,91.63,2.25,24.75,electronics
2687,53.53,39.26,20.82,clothing
2688,72.72,47.06,15.77,clothing
2689,8.1,36.59,15.86,tools
2690,95.74,47.97,39.7,clothing
2691,52.83,29.15,22.38,medical
2692,56.2,6.94,35.26,tools
2693,62.67,33.3,21.29,electronics
2694,30.57,41.96,12.43,food
2695,36.23,40.15,39.12,food
2696,48.3,37.66,5.5,food
2697,47.28,47.92,16.99,tools
2698,38.44,25.78,36.67,medical
2699,62.5,23.0,17.34,clothing
2700,83.64,49.35,37.1,food
2701,78.76,20.97,23.81,food
2702,62.53,40.0,14.32,tools
2703,12.74,21.63,39.35,clothing
2704,51.95,44.19,8.73,food
2705,88.26,1.76,5.71,electronics
2706,77.72,35.86,19.32,tools
2707,17.01,2.67,17.83,food
2708,99.04,7.49,34.81,medical
2709,90.9,18.36,16.69,clothing
2710,27.94,15.38,14.14,electronics
2711,61.19,31.21,39.77,tools
2712,12.01,46.12,38.05,medical
2713,64.93,37.29,17.99,medical
2714,71.51,36.94,29.22,clothing
2715,92.05,46.89,4.27,tools
2716,61.39,19.12,26.33,medical
2717,35.44,9.66,29.18,electronics
2718,94.75,5.75,12.6,electronics
2719,9.59,26.37,21.48,clothing
2720,85.19,21.91,13.59,electronics
2721,76.94,47.72,2.64,food
2722,45.9,14.63,35.3,electronics
2723,14.45,14.95,5.62,electronics
2724,51.23,11.96,7.6,electronics
2725,98.94,37.92,37.06,electronics
2726,18.4,11.14,33.71,food
2727,7.6,45.22,38.43,clothing
2728,56.1,10.56,20.05,tools
2729,40.11,14.81,37.97,medical
2730,74.55,26.52,33.41,electronics
2731,92.21,36.1,36.85,tools
2732,47.22,22.18,11.26,food
2733,99.34,36.85,5.54,electronics
2734,81.35,37.47,9.68,tools
2735,36.08,25.85,11.77,clothing
2736,68.85,4.63,27.83,tools
2737,46.17,46.69,31.97,electronics
2738,23.09,28.35,33.67,tools
2739,95.17,31.74,10.59,clothing
2740,40.74,47.21,27.26,electronics
2741,49.66,24.74,8.3,medical
2742,31.85,10.73,35.16,clothing
2743,86.43,37.72,1.12,tools
2744,51.62,30.95,28.69,tools
2745,44.73,13.89,15.83,clothing
2746,27.3,18.09,21.69,food
2747,88.4,42.19,35.13,medical
2748,51.57,31.87,24.32,clothing
2749,50.69,5.73,5.38,electronics
2750,44.86,22.91,10.65,medical
2751,16.0,23.77,13.44,tools
2752,38.02,20.51,5.99,medical
2753,84.81,43.34,24.44,food
2754,7.75,14.13,9.39,medical
2755,10.78,38.82,11.2,electronics
2756,44.07,40.64,17.58,electronics
2757,91.68,14.15,29.4,electronics
2758,65.45,3.24,18.46,food
2759,59.39,9.16,9.04,tools
2760,95.05,31.05,13.86,clothing
2761,56.28,47.56,1.82,medical
2762,13.57,35.53,36.58,clothing
2763,11.03,3.41,9.21,clothing
2764,23.85,8.69,21.89,food
2765,32.57,8.91,15.58,medical
2766,25.48,36.93,37.66,tools
2767,85.32,38.0,21.54,clothing
2768,42.8,24.76,7.12,electronics
2769,7.3,31.95,27.83,tools
2770,30.88,7.06,31.58,medical
2771,17.46,37.29,11.53,tools
2772,12.27,25.72,28.44,medical
2773,6.91,37.39,22.13,food
2774,14.08,29.82,16.25,clothing
2775,86.63,39.45,17.58,tools
2776,33.7,23.49,4.89,clothing
2777,49.78,15.27,4.63,medical
2778,58.29,24.68,36.4,clothing
2779,53.13,19.74,39.73,medical
2780,95.39,38.37,28.87,medical
2781,26.29,48.78,16.5,food
2782,47.47,24.36,5.25,electronics
2783,36.58,40.67,39.06,tools
2784,58.28,11.18,37.74,clothing
2785,28.75,7.93,25.04,medical
2786,54.72,42.14,30.66,tools
2787,77.9,13.35,13.15,electronics
2788,84.26,2.79,27.87,clothing
2789,43.62,1.27,27.93,clothing
2790,80.5,27.73,13.21,food
2791,35.57,35.73,21.06,tools
2792,92.52,21.86,4.02,food
2793,76.9,8.94,30.18,food
2794,23.75,43.62,5.43,medical
2795,52.04,31.68,21.46,food
2796,76.15,27.81,16.58,electronics
2797,16.17,49.79,29.08,electronics
2798,54.64,31.14,15.49,food
2799,18.44,26.64,8.97,clothing
2800,95.44,19.19,24.58,medical
2801,48.97,46.87,37.16,food
2802,20.6,36.04,19.48,electronics
2803,44.55,8.37,3.61,tools
2804,34.62,10.2,28.07,clothing
2805,48.57,5.64,25.37,clothing
2806,19.86,18.17,22.81,food
2807,37.77,1.69,8.51,electronics
2808,82.97,43.54,23.79,electronics
2809,39.89,38.58,37.44,clothing
2810,56.4,33.31,4.02,food
2811,14.78,11.61,7.95,clothing
2812,14.72,40.05,23.91,medical
2813,36.37,38.83,24.09,electronics
2814,96.83,37.13,25.02,medical
2815,24.88,1.13,10.04,food
2816,13.68,40.36,6.71,food
2817,50.17,1.01,4.03,tools
2818,18.01,40.55,17.59,medical
2819,36.07,25.52,5.57,clothing
2820,42.36,38.92,28.54,electronics
2821,34.62,26.58,21.7,clothing
2822,85.01,47.81,37.87,electronics
2823,72.58,42.15,22.86,medical
2824,71.03,13.28,5.69,medical
2825,66.95,9.72,34.78,medical
2826,78.22,17.95,17.54,clothing
2827,58.18,49.9,37.64,medical
2828,40.55,46.73,39.82,food
2829,47.0,26.77,1.22,electronics
2830,36.2,45.64,36.72,clothing
2831,92.55,30.73,2.31,electronics
2832,65.96,20.52,39.83,electronics
2833,31.05,3.8,23.32,tools
2834,87.0,46.45,39.89,medical
2835,51.58,24.2,35.12,clothing
2836,81.71,2.87,2.12,food
2837,72.04,9.67,34.19,tools
2838,44.86,42.44,3.19,tools
2839,34.85,43.04,11.82,food
2840,67.23,37.14,13.97,electronics
2841,90.28,9.29,39.46,electronics
2842,54.05,47.09,16.72,tools
2843,11.17,41.43,20.56,electronics
2844,12.98,22.73,11.75,food
2845,70.43,21.05,25.78,tools
2846,34.56,28.47,5.59,medical
2847,58.98,35.12,23.08,medical
2848,13.38,45.98,8.12,tools
2849,22.64,29.97,38.66,food
2850,79.93,11.66,15.61,tools
2851,88.33,47.22,13.0,food
2852,76.0,37.17,13.11,medical
2853,72.06,9.72,6.48,electronics
2854,44.33,41.93,11.64,food
2855,21.83,15.45,28.2,electronics
2856,13.78,18.4,15.18,clothing
2857,47.72,31.92,33.44,tools
2858,95.22,29.68,7.07,clothing
2859,25.01,35.41,14.53,electronics
2860,24.71,35.28,20.65,electronics
2861,13.62,38.9,11.07,medical
2862,29.78,46.17,21.16,food
2863,50.14,23.9,13.6,clothing
2864,40.9,29.83,2.32,tools
2865,64.8,43.6,1.31,medical
2866,50.17,17.5,36.22,food
2867,91.75,16.01,19.21,food
2868,76.44,22.51,25.05,clothing
2869,59.72,22.31,16.57,food
2870,28.99,19.29,14.18,medical
2871,33.52,48.57,35.22,clothing
2872,15.25,21.87,11.51,clothing
2873,43.07,2.4,20.98,electronics
2874,89.23,48.3,37.77,food
2875,95.39,28.83,6.44,electronics
2876,79.91,3.64,4.53,food
2877,81.14,23.48,7.45,tools
2878,67.57,10.82,7.71,electronics
2879,12.64,12.57,8.93,tools
2880,73.79,8.55,22.66,electronics
2881,5.47,8.81,4.9,clothing
2882,70.24,35.24,36.6,medical
2883,83.98,35.6,30.76,tools
2884,41.82,16.6,37.48,medical
2885,78.46,45.0,32.97,medical
2886,61.71,27.17,14.53,clothing
2887,7.56,44.39,7.95,food
2888,40.07,17.65,33.11,clothing
2889,61.92,20.51,4.01,food
2890,18.12,10.21,9.24,medical
2891,13.82,19.82,8.02,food
2892,32.07,19.95,33.03,tools
2893,29.8,47.8,8.0,medical
2894,69.82,41.88,19.13,tools
2895,37.9,36.9,26.58,medical
2896,81.34,1.6,13.44,clothing
2897,53.16,34.63,1.45,medical
2898,45.13,3.67,17.57,tools
2899,62.35,40.32,18.56,electronics
2900,79.2,35.89,33.92,electronics
2901,15.61,9.76,17.54,medical
2902,87.68,4.92,1.27,clothing
2903,29.49,26.23,24.97,medical
2904,46.31,23.77,2.55,medical
2905,48.72,3.45,24.37,electronics
2906,28.97,17.54,12.55,tools
2907,56.56,9.76,14.92,tools
2908,47.44,15.59,2.39,tools
2909,38.94,2.79,29.81,food
2910,21.65,27.21,5.92,food
2911,65.13,22.12,11.71,medical
2912,70.45,12.96,33.2,clothing
2913,59.06,2.99,13.74,tools
2914,18.94,48.87,25.87,tools
2915,41.28,49.03,4.07,electronics
2916,45.14,2.1,38.06,electronics
2917,73.55,37.39,4.09,medical
2918,96.69,39.89,23.26,electronics
2919,63.48,27.42,31.96,tools
2920,40.55,24.17,30.67,medical
2921,31.1,34.75,8.24,clothing
2922,68.79,30.63,36.48,electronics
2923,30.9,20.95,1.73,medical
2924,67.44,14.46,19.04,electronics
2925,14.23,12.02,28.65,food
2926,11.05,15.1,28.77,medical
2927,60.85,32.1,13.82,medical
2928,50.18,28.33,14.38,electronics
2929,37.9,22.77,19.02,medical
2930,25.01,35.19,27.25,electronics
2931,43.28,33.37,23.28,tools
2932,64.98,28.5,14.47,food
2933,76.06,26.95,12.86,electronics
2934,47.89,23.9,7.08,clothing
2935,20.84,18.23,17.83,tools
2936,76.38,14.91,30.02,food
2937,40.65,27.34,15.76,tools
2938,14.21,11.7,39.69,clothing
2939,32.49,43.38,30.91,medical
2940,57.26,18.25,9.49,clothing
2941,31.49,38.75,25.58,electronics
2942,52.72,27.09,9.78,medical
2943,52.01,23.73,33.22,medical
2944,19.91,43.79,16.6,tools
2945,55.6,17.37,19.1,food
2946,69.92,5.82,23.63,medical
2947,97.55,21.1,25.82,clothing
2948,26.3,30.88,20.63,tools
2949,61.96,36.88,37.87,electronics
2950,62.93,9.16,25.39,tools
2951,95.43,2.11,24.45,medical
2952,57.45,43.31,34.16,food
2953,48.49,36.43,10.33,medical
2954,94.03,46.15,13.59,electronics
2955,11.16,2.51,23.53,medical
2956,28.28,30.56,39.6,food
2957,97.42,25.51,5.34,clothing
2958,84.6,43.73,36.45,food
2959,48.91,48.16,1.27,tools
2960,69.79,20.91,21.27,medical
2961,86.91,4.45,17.27,electronics
2962,88.92,27.33,28.92,clothing
2963,66.47,27.17,1.93,medical
2964,83.64,3.93,32.65,tools
2965,39.52,36.11,20.95,medical
2966,45.72,7.08,6.69,electronics
2967,77.0,29.41,31.87,food
2968,39.81,33.17,6.54,food
2969,80.58,11.29,4.79,tools
2970,48.53,35.75,30.35,electronics
2971,37.53,34.77,13.9,medical
2972,71.46,28.84,24.18,food
2973,19.06,15.13,9.62,electronics
2974,58.54,35.98,12.96,food
2975,58.93,15.93,28.81,electronics
2976,19.67,40.45,6.01,clothing
2977,32.77,19.83,25.83,tools
2978,85.84,29.58,6.79,tools
2979,29.65,36.34,30.07,clothing
2980,43.56,31.3,7.65,electronics
2981,66.17,29.77,20.54,clothing
2982,40.56,43.41,19.92,food
2983,87.72,24.62,19.88,medical
2984,6.35,47.4,14.35,electronics
2985,24.61,8.35,24.74,tools
2986,66.75,18.47,18.91,tools
2987,84.8,42.44,31.54,clothing
2988,90.32,37.33,15.18,tools
2989,42.86,5.84,13.85,tools
2990,30.79,48.12,34.02,clothing
2991,87.9,48.55,3.18,clothing
2992,54.68,12.99,32.09,food
2993,70.52,32.89,10.56,medical
2994,21.86,48.99,11.36,electronics
2995,13.68,10.31,33.4,tools
2996,91.08,7.49,12.81,food
2997,26.62,29.7,23.67,medical
2998,14.34,44.2,2.99,tools
2999,23.66,6.7,4.25,food
3000,14.49,29.88,24.33,electronics
3001,59.09,29.5,34.58,tools
3002,73.4,22.69,26.06,clothing
3003,81.55,31.11,18.79,tools
3004,28.92,20.95,11.56,food
3005,36.22,24.68,12.07,electronics
3006,30.1,27.08,14.3,clothing
3007,52.79,31.67,5.35,food
3008,51.32,16.64,39.0,medical
3009,52.1,9.76,30.66,electronics
3010,13.98,43.24,14.35,clothing
3011,83.14,10.49,5.24,food
3012,25.26,25.59,13.48,clothing
3013,49.83,34.55,37.17,food
3014,59.25,8.58,7.1,medical
3015,79.65,42.77,24.79,food
3016,35.94,26.31,19.48,clothing
3017,79.93,39.21,11.51,electronics
3018,49.84,42.96,12.84,food
3019,34.09,36.61,33.34,electronics
3020,47.72,21.84,16.35,medical
3021,5.54,47.06,3.16,medical
3022,38.59,40.46,39.02,electronics
3023,6.85,35.51,9.14,electronics
3024,33.01,19.3,13.55,medical
3025,35.94,28.44,8.78,food
3026,63.67,22.57,11.68,tools
3027,28.1,16.95,19.71,clothing
3028,49.64,48.59,2.79,medical
3029,70.34,45.54,19.99,electronics
3030,98.76,29.72,3.31,tools
3031,65.76,14.53,15.41,electronics
3032,15.55,7.58,30.24,electronics
3033,97.83,36.89,33.15,food
3034,61.03,29.13,22.91,medical
3035,28.3,29.06,30.75,electronics
3036,57.88,41.05,27.89,food
3037,78.35,4.33,31.65,electronics
3038,95.93,18.7,31.14,food
3039,22.49,23.95,18.97,electronics
3040,23.9,48.6,11.1,clothing
3041,76.03,2.13,5.65,medical
3042,45.6,40.5,32.13,clothing
3043,10.73,49.49,15.57,clothing
3044,46.53,2.57,20.66,electronics
3045,80.06,25.11,23.42,tools
3046,74.77,28.7,38.99,tools
3047,55.52,40.13,34.01,tools
3048,59.52,23.95,26.36,food
3049,76.43,38.59,17.81,electronics
3050,49.24,44.58,39.78,food
3051,66.79,4.58,26.27,electronics
3052,48.13,39.27,29.84,medical
3053,89.49,20.67,12.46,clothing
3054,83.68,1.92,9.78,medical
3055,19.3,42.92,23.79,electronics
3056,55.57,33.03,8.81,clothing
3057,92.91,44.77,28.88,clothing
3058,19.5,38.88,9.04,food
3059,14.59,27.14,37.84,tools
3060,79.05,27.46,38.23,electronics
3061,87.7,46.49,26.67,food
3062,33.78,21.79,11.57,food
3063,78.37,2.34,35.23,medical
3064,16.7,47.45,1.99,food
3065,41.14,22.89,16.57,food
3066,78.24,29.92,5.86,food
3067,53.14,29.34,21.14,food
3068,76.88,6.9,20.08,clothing
3069,39.05,49.77,17.19,food
3070,98.59,40.19,15.03,electronics
3071,53.33,47.3,1.63,medical
3072,81.32,20.62,34.44,electronics
3073,39.24,16.19,3.55,electronics
3074,26.79,35.36,26.37,medical
3075,88.21,1.78,38.61,electronics
3076,9.31,42.52,7.92,tools
3077,17.16,8.63,28.11,tools
3078,10.81,40.32,34.79,electronics
3079,40.31,21.33,7.14,food
3080,21.59,26.41,6.9,food
3081,39.68,46.32,31.68,tools
3082,52.27,16.0,25.39,electronics
3083,64.08,2.4,2.01,tools
3084,89.44,2.68,35.01,medical
3085,9.42,19.47,24.34,clothing
3086,21.13,5.91,14.6,food
3087,13.75,49.42,5.38,medical
3088,49.12,21.34,36.03,medical
3089,17.77,30.56,25.84,electronics
3090,50.24,45.08,11.02,electronics
3091,67.36,18.91,24.93,tools
3092,50.39,37.69,34.23,food
3093,16.95,26.22,32.41,food
3094,26.43,5.03,4.7,medical
3095,31.82,31.14,10.74,electronics
3096,22.54,33.31,13.82,medical
3097,68.49,26.48,23.51,electronics
3098,77.19,7.45,17.46,food
3099,60.04,46.8,2.33,medical
3100,65.03,39.92,39.2,tools
3101,18.58,2.67,32.0,food
3102,42.69,1.57,19.75,electronics
3103,22.84,43.61,38.86,medical
3104,47.95,11.53,25.23,clothing
3105,46.79,37.5,26.56,clothing
3106,92.77,17.53,35.81,electronics
3107,37.39,43.73,31.11,medical
3108,68.01,33.73,14.35,clothing
3109,29.97,39.32,17.63,tools
3110,96.65,7.19,9.86,medical
3111,83.86,6.89,28.8,food
3112,87.96,16.04,18.01,tools
3113,96.8,48.61,8.12,clothing
3114,23.51,42.16,9.65,tools
3115,23.87,37.49,21.5,food
3116,58.47,27.0,2.83,clothing
3117,39.45,12.29,37.94,clothing
3118,20.84,8.78,27.54,clothing
3119,26.49,46.6,28.93,clothing
3120,94.51,30.87,34.47,electronics
3121,9.65,48.49,16.63,medical
3122,90.59,48.63,35.86,medical
3123,35.58,36.36,12.7,tools
3124,28.88,28.23,13.15,clothing
3125,61.43,4.27,30.45,food
3126,18.66,41.3,30.82,food
3127,42.17,8.81,17.34,clothing
3128,23.37,41.88,3.75,electronics
3129,18.34,20.67,29.31,clothing
3130,94.71,8.44,18.29,electronics
3131,77.26,1.53,5.57,electronics
3132,54.8,38.81,24.34,food
3133,67.74,15.64,5.87,clothing
3134,48.16,4.45,39.18,electronics
3135,88.15,47.52,2.6,electronics
3136,15.72,23.86,23.81,medical
3137,77.05,12.01,5.02,clothing
3138,96.17,43.39,10.41,medical
3139,84.49,48.2,17.45,tools
3140,87.19,14.73,29.24,electronics
3141,90.95,32.37,13.82,electronics
3142,98.39,5.07,4.94,medical
3143,28.06,25.25,24.05,electronics
3144,14.88,39.27,28.63,clothing
3145,62.63,28.72,24.66,medical
3146,9.0,6.28,33.69,tools
3147,59.68,6.76,30.8,electronics
3148,60.11,35.76,24.55,medical
3149,73.24,2.95,26.24,medical
3150,85.96,29.09,21.39,medical
3151,82.25,31.78,31.33,tools
3152,25.52,9.86,25.59,electronics
3153,14.39,46.11,32.27,medical
3154,85.7,13.42,32.92,electronics
3155,38.48,48.31,11.79,tools
3156,35.83,35.26,25.76,food
3157,24.89,38.77,22.34,electronics
3158,75.37,37.91,31.46,food
3159,85.25,42.98,14.02,clothing
3160,56.13,40.45,38.67,electronics
3161,83.72,5.96,29.16,medical
3162,34.73,25.36,8.26,medical
3163,24.2,42.94,19.93,electronics
3164,81.56,44.89,30.44,food
3165,35.66,6.46,23.69,clothing
3166,71.52,28.46,30.51,clothing
3167,21.9,31.31,3.96,tools
3168,13.6,30.3,35.2,medical
3169,85.96,8.14,14.27,electronics
3170,42.69,46.14,5.04,electronics
3171,63.27,48.57,13.63,food
3172,47.04,3.0,22.37,electronics
3173,7.5,12.0,28.11,food
3174,28.31,12.07,26.27,food
3175,18.81,15.54,38.62,clothing
3176,50.91,22.51,22.7,clothing
3177,23.26,10.12,21.22,medical
3178,64.59,44.54,39.19,electronics
3179,72.14,49.11,32.33,electronics
3180,45.97,18.86,37.09,food
3181,35.41,18.5,38.37,food
3182,35.56,41.54,28.39,clothing
3183,60.0,5.73,36.78,clothing
3184,72.29,27.23,5.09,clothing
3185,26.64,18.07,28.38,clothing
3186,83.0,11.97,11.5,tools
3187,48.72,22.46,24.05,tools
3188,95.55,9.4,22.84,clothing
3189,66.78,44.9,19.59,food
3190,11.06,18.37,38.23,electronics
3191,59.13,47.42,29.38,clothing
3192,51.63,35.51,37.77,medical
3193,25.44,23.15,22.0,electronics
3194,36.4,28.92,35.16,medical
3195,18.7,27.44,27.57,electronics
3196,86.96,48.57,3.07,electronics
3197,60.81,38.96,3.77,tools
3198,55.33,36.79,29.57,food
3199,98.08,38.91,39.59,food
3200,7.8,46.51,29.42,electronics
3201,13.47,47.36,23.39,medical
3202,81.47,19.68,19.5,electronics
3203,22.38,16.25,7.92,medical
3204,88.51,25.48,8.2,medical
3205,24.06,18.21,26.24,tools
3206,37.27,37.84,21.43,tools
3207,88.53,3.98,22.73,electronics
3208,14.07,1.08,39.42,tools
3209,5.44,19.85,2.08,clothing
3210,58.52,43.11,38.27,food
3211,65.47,25.41,21.87,electronics
3212,14.21,34.48,7.03,electronics
3213,59.53,44.68,28.55,food
3214,53.2,40.9,18.36,clothing
3215,8.68,27.34,38.36,tools
3216,81.68,16.27,12.37,electronics
3217,69.89,29.92,7.53,tools
3218,52.28,30.57,39.9,electronics
3219,94.09,46.5,22.37,medical
3220,79.49,47.26,27.08,tools
3221,37.14,18.92,10.34,medical
3222,22.89,20.81,14.97,medical
3223,82.04,45.57,28.6,clothing
3224,14.38,26.47,26.88,electronics
3225,91.63,28.59,28.39,clothing
3226,42.45,27.77,8.84,electronics
3227,17.87,38.41,12.43,medical
3228,43.4,19.48,20.13,medical
3229,14.91,28.5,24.78,electronics
3230,52.27,39.53,12.2,tools
3231,55.12,3.04,37.92,electronics
3232,89.75,37.64,23.28,food
3233,65.89,37.22,21.84,tools
3234,96.84,19.86,14.72,clothing
3235,9.98,41.44,35.07,clothing
3236,54.78,9.74,15.46,tools
3237,91.51,5.83,38.05,food
3238,72.68,4.58,8.94,food
3239,59.26,31.04,2.76,medical
3240,24.57,34.78,37.05,tools
3241,90.92,33.32,36.69,electronics
3242,98.52,49.37,33.24,electronics
3243,92.17,20.7,7.08,clothing
3244,28.39,33.76,35.4,medical
3245,69.64,35.8,36.18,electronics
3246,24.46,44.06,29.73,electronics
3247,43.87,1.5,33.12,medical
3248,31.42,45.15,32.85,medical
3249,29.08,1.51,28.01,tools
3250,71.12,23.01,26.86,food
3251,11.7,6.6,7.2,medical
3252,11.32,27.31,7.53,electronics
3253,95.76,36.04,28.11,electronics
3254,55.94,14.95,23.23,tools
3255,77.29,20.35,35.54,food
3256,95.27,28.18,20.42,food
3257,54.23,2.75,19.67,tools
3258,26.72,41.82,8.19,tools
3259,27.97,31.15,18.09,food
3260,46.99,38.69,26.85,clothing
3261,77.85,10.26,9.21,electronics
3262,9.16,1.7,6.96,electronics
3263,92.57,18.16,8.83,tools
3264,42.17,8.5,12.38,tools
3265,26.4,31.73,14.1,medical
3266,7.4,22.59,33.89,clothing
3267,55.21,28.29,6.59,electronics
3268,10.39,34.55,16.99,clothing
3269,6.66,36.3,29.24,electronics
3270,40.19,8.03,5.05,food
3271,5.56,1.17,3.28,medical
3272,78.03,6.86,9.76,tools
3273,58.55,4.62,26.31,medical
3274,94.04,32.59,12.02,clothing
3275,41.74,45.6,10.27,medical
3276,63.2,17.91,39.53,medical
3277,50.52,45.03,18.71,electronics
3278,26.26,15.06,29.51,medical
3279,99.92,44.21,15.36,tools
3280,46.01,15.69,2.66,medical
3281,72.52,27.53,9.85,medical
3282,16.88,31.7,9.12,medical
3283,45.01,21.47,29.6,medical
3284,95.48,23.71,14.17,medical
3285,17.65,26.97,10.59,food
3286,59.0,47.45,29.44,clothing
3287,39.52,23.71,34.64,medical
3288,40.61,16.04,16.32,medical
3289,15.32,32.96,12.71,clothing
3290,44.15,10.77,14.17,food
3291,67.67,46.92,17.84,medical
3292,7.26,11.12,23.13,food
3293,30.97,37.55,22.97,food
3294,65.92,29.18,32.23,food
3295,44.07,23.96,34.85,food
3296,77.45,24.85,24.8,clothing
3297,55.41,31.78,2.38,tools
3298,79.76,5.2,1.34,tools
3299,36.49,5.41,37.33,electronics
3300,24.29,8.38,9.31,tools
3301,39.48,45.55,23.75,medical
3302,50.13,35.48,12.3,tools
3303,81.22,8.83,35.34,food
3304,44.44,27.08,25.11,food
3305,58.36,31.81,28.29,electronics
3306,70.55,45.28,39.07,food
3307,91.37,5.76,2.54,medical
3308,49.92,24.37,30.92,clothing
3309,70.37,41.08,37.31,clothing
3310,59.33,22.92,1.77,medical
3311,94.93,28.77,35.54,tools
3312,89.22,4.38,6.26,electronics
3313,69.35,45.92,5.33,food
3314,96.35,16.71,28.74,tools
3315,38.7,49.19,20.3,clothing
3316,89.65,21.47,7.59,electronics
3317,23.24,14.73,21.3,tools
3318,51.51,45.39,3.03,food
3319,71.55,13.89,39.85,electronics
3320,8.84,37.75,30.63,medical
3321,67.64,17.31,2.22,clothing
3322,6.01,29.11,12.81,food
3323,90.93,19.62,2.4,electronics
3324,71.2,17.45,32.32,medical
3325,43.68,17.76,37.77,electronics
3326,57.48,24.95,11.4,medical
3327,92.28,5.15,26.98,electronics
3328,86.84,44.9,1.9,food
3329,81.59,6.25,3.9,electronics
3330,11.17,29.02,10.24,tools
3331,87.05,1.47,1.52,electronics
3332,87.67,31.26,7.09,medical
3333,64.95,17.21,26.93,clothing
3334,16.59,35.5,8.78,tools
3335,22.63,36.19,4.57,medical
3336,80.2,12.42,2.95,tools
3337,41.76,31.65,8.51,food
3338,72.28,25.27,28.54,medical
3339,32.37,34.13,34.74,tools
3340,47.04,25.87,4.1,food
3341,30.01,44.03,23.44,food
3342,71.5,35.44,3.96,food
3343,85.62,38.06,9.88,medical
3344,65.35,30.02,24.46,clothing
3345,65.86,11.69,10.79,electronics
3346,74.87,27.0,26.54,electronics
3347,31.74,8.9,3.4,medical
3348,37.7,36.91,25.17,medical
3349,12.6,38.46,28.93,tools
3350,97.83,34.05,13.42,electronics
3351,71.32,30.67,38.41,clothing
3352,29.93,42.15,18.58,medical
3353,40.19,15.71,20.07,clothing
3354,99.91,10.32,23.9,tools
3355,70.63,21.08,35.32,electronics
3356,92.73,42.48,38.92,medical
3357,87.52,23.76,6.95,medical
3358,44.86,2.2,6.44,electronics
3359,41.24,43.64,6.83,electronics
3360,6.33,39.78,26.81,food
3361,19.35,47.36,9.46,tools
3362,42.17,8.35,14.16,tools
3363,52.25,8.76,33.36,clothing
3364,31.38,10.31,24.67,medical
3365,46.12,47.42,7.23,tools
3366,38.57,6.19,38.17,medical
3367,62.74,7.93,21.23,medical
3368,81.34,21.4,1.51,electronics
3369,64.99,17.59,13.11,clothing
3370,45.75,6.97,6.05,electronics
3371,37.4,19.29,27.85,food
3372,40.11,48.55,3.46,medical
3373,40.15,13.06,37.84,food
3374,91.46,45.23,25.72,medical
3375,79.75,28.19,23.51,electronics
3376,71.34,45.19,38.65,clothing
3377,97.26,12.22,24.12,food
3378,82.27,13.21,22.97,tools
3379,34.78,44.16,15.98,food
3380,64.24,4.98,20.15,clothing
3381,90.54,47.41,29.39,tools
3382,47.7,39.09,31.86,electronics
3383,72.63,18.83,31.33,medical
3384,28.43,32.02,13.76,clothing
3385,50.84,8.16,11.64,electronics
3386,51.05,16.39,35.45,food
3387,83.29,32.65,38.35,clothing
3388,62.48,15.49,3.36,food
3389,54.73,25.7,10.68,medical
3390,45.18,41.11,1.43,electronics
3391,24.4,15.51,2.12,medical
3392,12.48,23.78,36.48,food
3393,47.44,19.72,7.12,medical
3394,77.05,6.28,11.67,electronics
3395,23.79,30.72,12.11,clothing
3396,17.21,47.85,5.83,electronics
3397,57.49,19.07,13.3,medical
3398,57.26,31.82,26.21,medical
3399,21.91,31.04,30.66,electronics
3400,35.78,38.07,2.54,clothing
3401,10.31,36.15,6.14,tools
3402,93.06,7.86,4.99,food
3403,94.31,12.52,30.43,electronics
3404,37.13,21.22,30.28,medical
3405,43.05,4.05,17.24,medical
3406,70.99,27.86,4.49,food
3407,47.61,6.65,36.55,electronics
3408,26.6,3.77,27.66,tools
3409,9.99,42.3,9.8,tools
3410,9.01,38.17,38.05,food
3411,52.56,16.82,30.48,medical
3412,6.83,38.51,20.2,medical
3413,57.25,2.97,24.0,food
3414,26.8,25.08,14.63,tools
3415,60.25,19.04,36.04,food
3416,42.73,8.46,1.29,clothing
3417,31.73,28.26,20.92,food
3418,84.31,37.95,10.99,food
3419,36.07,13.76,5.65,electronics
3420,47.91,22.83,38.74,clothing
3421,78.15,11.02,5.4,medical
3422,81.44,37.4,35.1,food
3423,77.18,37.05,12.65,food
3424,89.23,41.08,15.08,tools
3425,66.54,12.26,35.72,electronics
3426,25.6,2.17,1.48,food
3427,86.73,11.11,37.93,medical
3428,73.4,23.44,16.24,food
3429,92.48,24.53,24.27,food
3430,12.38,6.26,1.01,tools
3431,63.83,43.0,37.92,tools
3432,33.83,19.69,23.16,food
3433,14.24,19.03,26.19,medical
3434,75.48,19.27,11.92,tools
3435,33.26,2.71,5.68,food
3436,29.96,46.58,35.61,food
3437,16.43,32.2,38.14,tools
3438,88.63,46.67,7.81,tools
3439,13.18,12.51,34.92,clothing
3440,71.02,14.38,1.88,clothing
3441,50.57,36.84,6.98,tools
3442,42.77,19.49,2.45,medical
3443,83.89,21.21,38.94,clothing
3444,90.25,33.17,38.42,electronics
3445,72.44,36.22,8.91,electronics
3446,7.32,14.33,35.01,food
3447,70.52,40.71,39.84,tools
3448,87.98,41.93,17.98,medical
3449,80.24,36.06,29.96,electronics
3450,39.58,30.3,18.79,medical
3451,56.74,19.29,36.17,clothing
3452,56.37,16.71,25.93,medical
3453,21.53,20.69,19.23,electronics
3454,77.89,8.23,27.23,medical
3455,69.19,20.98,38.49,tools
3456,62.2,44.35,13.98,electronics
3457,66.32,23.09,22.03,food
3458,89.53,17.83,36.81,food
3459,61.89,27.47,33.45,food
3460,85.85,29.11,39.11,food
3461,83.35,20.42,33.11,tools
3462,99.1,27.66,21.26,clothing
3463,5.38,46.79,26.92,food
3464,75.27,34.52,31.72,medical
3465,16.11,36.86,32.08,clothing
3466,94.01,26.63,32.96,food
3467,59.82,37.74,27.82,tools
3468,26.45,32.55,7.07,food
3469,73.04,44.77,38.8,tools
3470,52.04,45.88,28.1,electronics
3471,27.97,20.9,33.18,clothing
3472,65.63,47.63,8.45,tools
3473,7.95,6.93,8.24,tools
3474,11.37,23.18,5.64,electronics
3475,67.85,1.52,24.3,electronics
3476,41.84,11.21,17.71,clothing
3477,92.36,32.13,24.14,medical
3478,97.82,25.5,14.71,electronics
3479,71.56,43.2,15.97,clothing
3480,78.13,21.71,23.9,electronics
3481,95.17,34.56,39.79,medical
3482,8.67,24.88,36.33,medical
3483,28.95,5.51,10.57,tools
3484,48.2,37.7,10.41,medical
3485,8.26,16.18,31.31,medical
3486,25.57,21.12,1.4,food
3487,61.38,34.09,2.1,clothing
3488,47.22,25.6,19.06,clothing
3489,41.88,46.32,26.49,tools
3490,29.05,6.77,21.15,food
3491,90.71,15.38,7.35,electronics
3492,62.11,21.91,27.79,tools
3493,23.92,24.83,1.22,food
3494,78.38,3.15,8.12,electronics
3495,87.23,29.59,20.24,medical
3496,81.8,47.45,5.53,food
3497,18.22,37.28,37.92,clothing
3498,7.25,25.31,31.98,medical
3499,6.95,26.73,28.06,clothing
3500,15.1,24.21,11.88,clothing
3501,71.69,4.28,4.4,electronics
3502,50.09,25.85,10.49,food
3503,16.5,8.94,23.25,food
3504,47.38,49.83,15.56,electronics
3505,50.4,48.57,26.59,clothing
3506,44.26,28.42,10.06,food
3507,33.53,37.59,16.24,electronics
3508,10.7,39.62,5.4,electronics
3509,60.63,1.43,35.34,food
3510,35.36,12.94,19.74,food
3511,22.92,24.26,19.67,tools
3512,21.38,28.1,25.45,tools
3513,18.88,7.22,20.88,tools
3514,50.38,49.5,3.83,food
3515,28.47,37.92,33.75,electronics
3516,94.07,41.57,16.85,medical
3517,9.08,16.7,16.39,food
3518,68.81,46.61,16.24,clothing
3519,84.46,12.01,36.39,medical
3520,63.42,39.73,35.66,food
3521,27.93,26.54,20.39,tools
3522,46.11,2.51,3.59,tools
3523,71.93,39.08,31.14,tools
3524,40.1,20.27,19.12,electronics
3525,33.83,27.23,13.76,electronics
3526,86.26,24.03,20.02,clothing
3527,71.05,46.25,24.6,clothing
3528,18.04,17.52,27.97,electronics
3529,55.61,31.2,3.45,electronics
3530,93.75,43.86,24.18,food
3531,34.74,45.38,36.38,clothing
3532,23.17,48.64,8.48,electronics
3533,54.18,21.17,11.29,medical
3534,68.62,10.23,24.91,food
3535,81.21,34.73,8.41,electronics
3536,72.7,28.09,8.97,medical
3537,60.27,9.5,29.26,electronics
3538,65.67,11.08,31.81,electronics
3539,22.39,32.73,20.38,food
3540,42.2,36.14,37.37,medical
3541,56.05,8.17,24.63,electronics
3542,16.82,19.45,22.48,medical
3543,5.31,10.26,37.43,medical
3544,48.2,49.55,23.76,electronics
3545,53.56,21.6,11.36,medical
3546,64.67,24.99,5.22,medical
3547,41.75,6.85,8.06,electronics
3548,77.21,49.72,2.6,tools
3549,31.35,27.88,11.47,tools
3550,92.95,34.65,8.99,clothing
3551,10.69,6.46,39.1,electronics
3552,32.0,12.79,9.6,clothing
3553,59.21,14.07,22.55,food
3554,19.41,28.13,13.35,food
3555,21.33,48.35,15.95,clothing
3556,63.55,47.77,4.56,clothing
3557,97.97,14.22,19.96,tools
3558,28.39,20.91,10.44,clothing
3559,20.74,9.5,9.59,tools
3560,5.3,33.89,17.97,clothing
3561,85.71,22.86,10.06,tools
3562,43.81,22.76,6.87,medical
3563,85.81,37.78,1.9,electronics
3564,24.49,33.99,18.03,clothing
3565,37.52,2.02,20.79,medical
3566,84.63,30.72,15.55,tools
3567,62.09,35.25,15.73,medical
3568,24.68,16.4,16.8,food
3569,72.92,45.02,15.8,medical
3570,96.26,34.64,22.97,tools
3571,47.96,40.2,16.17,electronics
3572,39.15,2.0,18.02,medical
3573,91.37,5.38,10.94,food
3574,30.57,45.67,11.13,food
3575,21.01,42.83,26.16,clothing
3576,55.44,10.59,2.42,medical
3577,39.63,38.27,4.51,food
3578,13.78,35.07,2.95,tools
3579,54.9,13.5,6.81,food
3580,86.56,14.65,36.72,food
3581,43.9,9.16,3.6,tools
3582,63.99,29.06,31.54,food
3583,32.38,24.04,17.51,food
3584,27.44,40.58,8.62,tools
3585,11.4,5.97,32.87,food
3586,55.73,39.17,22.58,electronics
3587,73.7,8.48,37.35,food
3588,79.76,16.95,7.7,electronics
3589,53.76,2.02,20.68,tools
3590,42.41,9.18,19.29,food
3591,27.98,30.84,15.32,electronics
3592,48.93,23.29,28.7,food
3593,20.4,30.69,2.65,medical
3594,17.91,15.07,21.63,medical
3595,69.36,20.36,22.12,medical
3596,89.44,23.86,26.25,clothing
3597,38.62,30.67,29.02,medical
3598,76.4,26.65,16.9,clothing
3599,86.5,7.19,2.42,tools
3600,61.98,19.01,12.64,clothing
3601,90.9,19.75,12.68,tools
3602,34.88,10.74,1.63,medical
3603,78.63,37.77,18.55,clothing
3604,80.1,37.71,26.31,electronics
3605,42.65,7.97,36.12,medical
3606,29.03,20.56,28.8,electronics
3607,88.83,23.7,17.22,tools
3608,28.31,8.13,25.96,tools
3609,33.06,3.6,19.14,medical
3610,89.27,43.73,4.05,electronics
3611,38.7,26.12,19.61,medical
3612,11.44,17.24,13.1,clothing
3613,20.76,49.61,6.69,clothing
3614,30.61,2.21,9.53,clothing
3615,40.27,22.97,14.03,clothing
3616,48.73,31.47,12.11,tools
3617,81.12,29.7,35.46,medical
3618,46.17,26.18,26.99,clothing
3619,74.22,28.75,3.62,food
3620,93.63,19.52,26.76,medical
3621,74.49,32.13,6.61,food
3622,13.85,19.81,16.38,tools
3623,9.18,1.59,6.18,medical
3624,59.08,21.46,33.21,food
3625,45.56,28.84,39.63,food
3626,5.05,4.25,34.49,electronics
3627,74.09,39.56,9.54,food
3628,92.86,25.18,4.12,medical
3629,82.11,17.79,29.39,electronics
3630,85.81,47.83,11.07,clothing
3631,57.05,45.16,29.94,electronics
3632,55.04,33.72,33.58,clothing
3633,54.4,14.67,24.16,food
3634,26.49,2.09,19.85,electronics
3635,94.29,15.73,38.94,medical
3636,9.87,29.99,32.27,electronics
3637,15.12,8.25,9.72,food
3638,88.67,13.19,36.3,tools
3639,71.25,25.79,17.09,medical
3640,44.83,17.23,4.16,food
3641,64.19,47.48,26.85,electronics
3642,92.98,3.79,16.83,medical
3643,19.63,24.19,2.19,electronics
3644,16.23,12.55,35.29,medical
3645,93.14,20.42,9.35,medical
3646,85.7,15.04,24.81,food
3647,36.93,30.3,24.14,tools
3648,14.56,5.03,29.76,food
3649,56.34,25.14,4.6,food
3650,99.22,1.1,7.93,food
3651,32.69,42.34,27.47,electronics
3652,68.28,5.29,7.44,electronics
3653,36.36,2.91,23.73,tools
3654,63.36,41.25,8.5,food
3655,90.22,41.39,20.12,electronics
3656,61.37,31.16,21.52,clothing
3657,32.02,4.18,24.64,electronics
3658,19.95,39.03,21.08,medical
3659,62.62,34.76,2.25,electronics
3660,68.18,35.05,32.6,electronics
3661,95.41,16.01,26.49,medical
3662,44.71,46.59,31.98,electronics
3663,68.29,11.32,18.99,food
3664,8.5,3.88,35.13,food
3665,15.23,23.0,6.82,tools
3666,31.84,17.3,13.48,food
3667,73.27,22.33,5.78,clothing
3668,74.29,15.82,28.66,medical
3669,67.34,18.85,16.24,electronics
3670,11.28,2.54,34.27,electronics
3671,42.01,40.81,19.08,medical
3672,79.45,43.27,18.53,electronics
3673,75.8,35.66,26.68,clothing
3674,87.47,10.01,34.9,food
3675,95.66,21.37,19.99,electronics
3676,19.08,44.33,10.36,clothing
3677,52.06,14.62,8.89,food
3678,44.7,38.77,25.63,electronics
3679,81.02,19.28,1.11,medical
3680,78.3,48.49,8.87,food
3681,36.59,33.27,29.73,clothing
3682,30.98,20.14,21.62,clothing
3683,63.18,31.0,17.96,tools
3684,48.22,36.24,22.34,clothing
3685,99.7,23.37,12.09,tools
3686,43.7,31.73,31.88,medical
3687,83.81,21.45,19.08,clothing
3688,59.33,46.23,33.56,food
3689,47.68,15.71,26.43,tools
3690,82.59,33.75,23.6,medical
3691,30.21,27.01,2.58,medical
3692,27.7,1.11,2.86,tools
3693,81.23,14.41,32.76,clothing
3694,94.29,1.8,34.87,electronics
3695,78.05,33.5,20.37,clothing
3696,25.27,33.4,12.21,tools
3697,86.25,46.36,16.17,electronics
3698,21.84,33.15,1.55,medical
3699,12.57,32.7,37.92,tools
3700,14.45,46.62,29.51,food
3701,67.46,33.92,17.21,medical
3702,24.39,9.03,4.81,electronics
3703,34.4,27.57,22.4,tools
3704,12.24,8.62,5.74,tools
3705,95.59,4.23,31.04,electronics
3706,96.69,6.56,18.6,tools
3707,52.54,41.92,21.85,clothing
3708,16.6,33.73,11.85,tools
3709,38.84,5.51,7.88,food
3710,56.8,13.26,1.71,clothing
3711,81.42,39.87,4.37,tools
3712,20.42,17.76,21.36,clothing
3713,23.45,49.56,30.54,electronics
3714,7.83,42.82,31.91,medical
3715,14.84,26.11,32.66,food
3716,20.91,31.43,19.85,clothing
3717,76.03,4.28,39.73,food
3718,84.28,46.76,31.45,clothing
3719,78.23,19.98,26.06,food
3720,90.5,2.78,8.34,clothing
3721,38.77,49.4,37.42,electronics
3722,44.48,42.04,38.81,medical
3723,13.1,42.31,24.19,clothing
3724,77.78,30.05,19.46,clothing
3725,99.63,36.57,14.29,clothing
3726,82.03,39.52,25.89,food
3727,34.65,41.29,12.44,tools
3728,10.22,15.71,38.6,food
3729,71.11,40.97,39.97,electronics
3730,37.29,21.19,3.9,clothing
3731,39.56,25.42,29.81,medical
3732,7.16,49.08,13.78,tools
3733,87.6,46.64,24.51,tools
3734,39.44,5.66,11.3,electronics
3735,35.24,7.06,23.48,clothing
3736,81.04,12.34,11.78,clothing
3737,76.71,45.74,4.11,clothing
3738,93.84,43.64,22.3,clothing
3739,67.5,5.92,16.74,tools
3740,34.63,44.02,4.63,electronics
3741,30.56,3.55,3.68,clothing
3742,5.38,44.68,2.66,electronics
3743,43.57,6.24,7.19,clothing
3744,90.03,13.13,14.03,food
3745,66.61,28.88,34.8,tools
3746,49.68,36.71,5.94,clothing
3747,27.67,20.99,27.58,electronics
3748,59.79,36.76,33.83,medical
3749,57.02,3.91,9.23,medical
3750,23.28,26.86,14.43,medical
3751,97.5,21.17,23.55,electronics
3752,28.66,42.95,5.86,medical
3753,29.22,30.66,1.06,tools
3754,43.53,10.37,10.86,food
3755,59.78,40.91,23.63,food
3756,17.58,2.97,39.93,tools
3757,74.47,34.52,6.19,food
3758,31.27,6.52,1.11,food
3759,73.14,41.67,1.54,tools
3760,37.43,22.91,6.73,tools
3761,87.54,16.93,17.03,clothing
3762,69.63,22.73,8.86,food
3763,24.64,18.31,34.93,food
3764,51.54,47.51,18.06,electronics
3765,5.29,23.72,3.39,tools
3766,76.09,26.69,8.95,tools
3767,88.72,7.89,11.89,medical
3768,78.06,24.19,30.74,tools
3769,60.72,18.04,26.13,medical
3770,24.09,43.33,33.74,medical
3771,30.62,24.54,18.09,food
3772,6.63,12.49,19.95,food
3773,98.72,28.04,26.03,food
3774,15.43,36.34,21.36,tools
3775,30.82,33.26,32.18,medical
3776,6.93,28.79,35.51,food
3777,90.38,13.35,10.53,clothing
3778,86.31,29.15,37.05,food
3779,64.61,48.9,1.13,tools
3780,36.1,34.79,22.6,clothing
3781,37.42,24.57,8.31,electronics
3782,73.48,21.82,28.15,electronics
3783,60.69,31.81,27.12,clothing
3784,58.7,18.49,15.82,clothing
3785,23.65,13.0,2.79,electronics
3786,38.9,38.19,21.77,medical
3787,26.62,47.92,1.64,tools
3788,14.8,44.9,10.02,tools
3789,24.47,21.21,39.84,tools
3790,14.75,49.5,22.39,food
3791,25.97,11.51,15.46,tools
3792,29.36,45.99,16.96,electronics
3793,66.09,44.6,35.83,tools
3794,37.38,12.6,5.63,electronics
3795,80.15,27.31,25.54,food
3796,9.2,34.76,22.1,tools
3797,92.99,24.99,39.7,medical
3798,89.31,5.9,20.64,food
3799,92.86,14.61,17.66,electronics
3800,93.79,37.91,22.7,food
3801,7.56,5.78,25.46,tools
3802,68.39,10.43,33.07,food
3803,75.06,36.89,8.64,food
3804,23.78,15.45,3.39,medical
3805,26.43,7.59,5.6,food
3806,39.83,38.07,30.68,medical
3807,19.62,4.1,36.15,medical
3808,40.92,9.4,2.37,food
3809,70.02,44.75,5.23,food
3810,25.12,8.53,5.23,food
3811,71.47,9.14,28.83,clothing
3812,88.96,27.01,36.14,clothing
3813,90.4,45.94,39.39,medical
3814,19.95,49.86,21.78,clothing
3815,25.48,23.0,7.71,medical
3816,31.52,13.75,9.35,tools
3817,23.65,15.48,31.13,medical
3818,93.09,43.86,5.5,food
3819,90.58,12.26,28.31,tools
3820,58.21,20.34,26.34,food
3821,10.02,9.81,35.16,food
3822,27.85,3.49,34.47,clothing
3823,89.02,12.83,22.54,electronics
3824,54.88,5.58,11.18,clothing
3825,17.94,9.74,17.68,food
3826,18.27,39.71,28.25,tools
3827,54.21,31.62,3.79,clothing
3828,12.61,38.25,18.98,electronics
3829,99.31,17.55,2.29,tools
3830,79.1,38.99,27.94,tools
3831,12.95,9.08,29.95,clothing
3832,12.7,34.71,19.75,tools
3833,46.7,44.82,26.25,tools
3834,79.81,37.68,24.59,food
3835,98.9,16.33,27.21,clothing
3836,66.33,37.87,11.17,tools
3837,56.85,8.25,27.06,clothing
3838,50.29,25.07,36.5,tools
3839,19.3,41.39,12.27,clothing
3840,79.89,16.39,19.29,clothing
3841,46.3,2.29,24.37,tools
3842,67.89,44.4,15.74,electronics
3843,13.43,36.47,11.73,food
3844,43.49,28.59,10.2,food
3845,80.78,26.07,39.64,electronics
3846,67.83,18.94,33.04,clothing
3847,40.66,3.05,28.86,medical
3848,10.04,11.19,17.0,clothing
3849,58.03,31.29,31.67,tools
3850,78.37,39.15,38.17,clothing
3851,22.55,4.16,11.44,tools
3852,93.17,43.4,10.86,clothing
3853,16.81,28.23,21.64,tools
3854,29.85,36.93,38.52,food
3855,57.01,24.21,35.34,food
3856,53.99,19.53,30.79,clothing
3857,66.54,20.59,10.45,tools
3858,18.44,20.6,27.44,food
3859,54.56,32.61,27.01,electronics
3860,43.73,8.77,10.47,medical
3861,76.87,7.4,29.17,clothing
3862,45.93,6.1,38.47,electronics
3863,12.81,43.8,33.06,electronics
3864,94.82,31.95,7.11,electronics
3865,76.98,43.45,2.65,medical
3866,79.92,36.34,15.39,clothing
3867,69.9,15.4,38.41,tools
3868,68.52,24.02,13.0,electronics
3869,86.99,26.14,38.44,clothing
3870,53.0,45.98,31.11,tools
3871,40.0,28.25,20.54,food
3872,83.89,14.5,29.29,food
3873,49.24,41.76,3.4,electronics
3874,8.57,34.65,3.24,electronics
3875,27.69,45.91,9.15,electronics
3876,23.46,26.78,23.9,tools
3877,42.5,11.87,6.52,tools
3878,13.56,35.85,18.74,medical
3879,73.52,39.58,22.23,clothing
3880,97.68,12.81,4.57,food
3881,51.8,7.6,26.12,food
3882,8.73,20.93,2.36,tools
3883,95.84,45.99,24.86,clothing
3884,52.18,48.12,39.67,tools
3885,48.86,25.53,16.88,clothing
3886,73.43,26.7,1.33,food
3887,24.83,2.3,32.62,clothing
3888,15.14,39.15,5.37,food
3889,84.57,26.67,1.51,medical
3890,36.72,32.2,20.4,electronics
3891,83.19,30.21,38.45,medical
3892,92.08,44.23,27.52,medical
3893,39.95,39.81,6.22,tools
3894,12.24,30.58,32.53,clothing
3895,65.73,29.18,5.25,electronics
3896,26.46,20.45,19.62,tools
3897,60.72,38.07,16.88,food
3898,82.42,8.73,9.41,clothing
3899,53.06,4.6,18.6,electronics
3900,37.08,4.76,10.95,tools
3901,71.06,43.01,12.46,clothing
3902,55.93,47.09,2.67,electronics
3903,64.9,39.12,14.16,medical
3904,93.88,22.0,38.69,tools
3905,54.34,5.7,30.11,medical
3906,79.13,1.88,2.64,food
3907,88.11,3.71,35.51,electronics
3908,42.11,44.34,4.45,tools
3909,41.7,34.56,3.83,food
3910,14.49,9.6,9.53,electronics
3911,38.8,41.05,20.85,food
3912,46.44,6.33,25.43,medical
3913,45.32,28.51,36.19,clothing
3914,25.03,26.7,11.29,tools
3915,16.0,15.9,22.63,clothing
3916,98.59,39.23,14.36,food
3917,50.3,33.69,22.46,clothing
3918,17.97,3.26,10.12,electronics
3919,63.38,7.08,5.0,electronics
3920,47.9,35.0,24.62,tools
3921,53.2,49.67,23.65,tools
3922,81.31,15.0,8.09,tools
3923,72.89,23.2,10.95,food
3924,43.27,30.29,23.34,medical
3925,77.83,29.06,15.66,electronics
3926,83.88,32.45,30.62,medical
3927,13.52,26.59,6.66,electronics
3928,60.03,32.2,23.18,food
3929,36.38,6.04,1.83,clothing
3930,89.3,28.9,31.9,food
3931,95.56,44.64,5.23,food
3932,32.97,7.92,38.8,medical
3933,58.57,48.07,3.14,clothing
3934,71.47,49.51,19.45,medical
3935,65.82,23.4,17.29,tools
3936,65.98,9.52,9.42,clothing
3937,94.59,36.5,21.28,food
3938,35.95,33.46,36.41,food
3939,90.36,26.49,26.63,clothing
3940,76.92,41.96,39.26,tools
3941,90.24,48.04,35.6,tools
3942,98.25,45.21,23.08,medical
3943,37.43,27.91,34.11,food
3944,43.59,38.39,22.24,food
3945,46.24,14.04,31.56,medical
3946,59.43,17.89,25.58,food
3947,6.42,24.61,17.61,food
3948,77.82,40.55,13.23,electronics
3949,98.15,37.77,10.83,food
3950,78.84,20.53,6.81,clothing
3951,80.65,16.23,20.85,tools
3952,86.19,41.79,7.41,food
3953,5.09,33.72,21.04,clothing
3954,42.11,44.38,3.44,tools
3955,16.09,49.0,16.1,food
3956,12.13,33.75,32.76,electronics
3957,83.24,41.34,1.99,tools
3958,40.64,3.74,26.28,tools
3959,32.84,30.72,34.46,electronics
3960,10.16,20.98,7.91,clothing
3961,23.61,29.54,18.29,medical
3962,64.56,3.46,15.37,electronics
3963,30.66,44.89,18.19,clothing
3964,31.74,8.95,28.86,medical
3965,89.12,36.58,30.76,medical
3966,68.78,30.22,14.44,clothing
3967,80.87,37.55,20.19,medical
3968,92.67,46.23,39.3,clothing
3969,71.43,30.49,31.0,electronics
3970,7.16,46.89,27.31,electronics
3971,11.38,10.57,8.9,food
3972,13.47,7.5,37.32,electronics
3973,72.92,9.39,14.44,medical
3974,15.33,27.69,4.09,tools
3975,24.47,49.81,36.4,tools
3976,12.47,9.01,15.81,food
3977,76.28,12.66,21.02,electronics
3978,17.57,25.29,23.36,electronics
3979,40.72,10.33,18.45,clothing
3980,33.19,13.97,2.92,food
3981,87.13,16.83,6.49,medical
3982,32.93,3.11,32.88,medical
3983,31.16,49.75,10.22,food
3984,69.79,41.77,16.54,clothing
3985,15.29,7.95,19.06,medical
3986,68.39,9.35,8.28,tools
3987,84.23,32.31,35.25,clothing
3988,55.94,9.94,25.5,electronics
3989,54.35,48.71,7.69,clothing
3990,37.31,41.66,31.59,clothing
3991,46.6,38.14,34.8,food
3992,88.1,27.43,35.19,clothing
3993,21.84,34.4,13.42,tools
3994,37.15,29.05,18.54,tools
3995,51.82,35.44,22.24,medical
3996,43.26,46.43,5.64,medical
3997,71.51,20.73,37.59,food
3998,90.53,26.4,32.5,tools
3999,39.68,1.11,22.08,tools
4000,67.6,9.38,9.73,electronics
4001,36.15,8.8,39.69,electronics
4002,6.41,17.42,39.57,tools
4003,70.24,20.84,6.86,tools
4004,54.67,38.73,7.79,clothing
4005,18.18,28.83,38.79,clothing
4006,95.71,28.32,21.84,electronics
4007,27.35,31.55,22.13,clothing
4008,87.47,47.7,5.95,tools
4009,85.83,40.12,38.1,food
4010,67.92,27.57,39.03,clothing
4011,73.09,13.29,38.79,food
4012,33.32,30.67,34.0,clothing
4013,53.66,31.85,26.24,electronics
4014,37.94,31.68,20.79,tools
4015,71.05,22.63,14.92,food
4016,27.35,27.65,18.46,medical
4017,23.62,38.69,26.61,tools
4018,93.72,23.15,15.84,tools
4019,96.53,4.11,25.48,medical
4020,52.02,27.08,15.99,food
4021,86.42,29.16,18.02,medical
4022,73.26,8.54,33.53,electronics
4023,54.03,10.61,39.77,tools
4024,80.1,27.07,27.58,tools
4025,42.87,10.13,25.38,food
4026,40.02,35.08,35.44,electronics
4027,76.78,20.12,29.38,electronics
4028,70.13,28.89,2.19,tools
4029,20.95,45.09,7.86,electronics
4030,85.99,14.15,8.12,clothing
4031,42.35,30.09,8.65,electronics
4032,83.51,30.96,8.24,food
4033,65.23,7.52,21.78,clothing
4034,85.44,39.69,33.38,food
4035,87.3,10.53,38.46,clothing
4036,93.78,17.67,7.41,tools
4037,70.02,45.88,8.28,electronics
4038,73.63,46.68,7.94,electronics
4039,41.96,48.46,7.7,clothing
4040,26.06,35.04,14.39,clothing
4041,79.26,19.13,9.72,clothing
4042,15.09,35.82,15.4,tools
4043,95.4,24.99,11.25,medical
4044,95.21,28.38,1.61,electronics
4045,76.82,38.88,12.2,electronics
4046,26.3,10.51,25.5,tools
4047,88.39,44.8,33.15,tools
4048,93.0,6.55,19.77,medical
4049,20.66,10.76,33.49,electronics
4050,60.29,14.19,2.47,electronics
4051,24.97,16.07,13.68,medical
4052,15.21,41.55,8.89,food
4053,74.25,18.94,35.56,medical
4054,50.21,42.45,21.46,food
4055,80.89,22.92,13.38,tools
4056,96.18,14.02,34.02,tools
4057,31.93,38.72,4.4,electronics
4058,21.85,19.76,21.64,tools
4059,71.13,26.66,22.9,clothing
4060,74.59,7.45,19.64,electronics
4061,39.29,12.52,21.06,clothing
4062,86.36,18.07,7.35,food
4063,93.84,28.31,36.6,medical
4064,44.53,47.82,34.7,clothing
4065,53.11,39.82,18.54,medical
4066,31.56,43.27,6.39,electronics
4067,53.47,49.17,35.83,electronics
4068,56.43,17.64,23.94,electronics
4069,80.68,16.55,28.79,clothing
4070,32.36,25.6,12.88,clothing
4071,91.5,48.41,32.68,medical
4072,98.61,2.24,37.37,tools
4073,88.84,3.1,32.26,electronics
4074,65.72,29.73,35.26,tools
4075,96.05,7.43,35.22,tools
4076,80.93,43.56,3.7,tools
4077,35.78,24.55,21.35,medical
4078,57.78,9.93,4.91,electronics
4079,32.01,26.47,25.06,medical
4080,60.71,49.76,20.13,medical
4081,96.49,34.83,37.53,medical
4082,47.66,32.23,18.2,electronics
4083,66.1,8.34,1.25,electronics
4084,85.37,49.25,28.44,electronics
4085,32.35,47.54,3.71,food
4086,81.51,9.47,22.19,tools
4087,75.02,10.33,3.45,food
4088,62.63,44.05,26.16,electronics
4089,64.29,3.89,29.79,tools
4090,54.36,21.35,20.09,food
4091,73.17,23.7,1.94,food
4092,77.86,20.8,28.54,medical
4093,21.81,9.85,14.65,medical
4094,35.48,37.59,15.16,electronics
4095,50.96,19.57,34.65,tools
4096,35.92,31.31,20.93,medical
4097,41.33,33.23,10.4,tools
4098,42.29,27.92,8.08,medical
4099,96.23,32.63,7.85,medical
4100,70.31,10.72,31.7,food
4101,92.95,33.11,38.7,tools
4102,35.95,9.45,23.49,clothing
4103,91.42,11.49,17.07,food
4104,95.76,36.91,32.18,clothing
4105,12.16,15.86,22.57,food
4106,27.46,9.16,26.48,food
4107,79.99,42.93,22.07,electronics
4108,57.81,16.1,17.3,medical
4109,73.85,23.69,30.0,medical
4110,25.79,40.6,12.3,tools
4111,59.25,13.79,10.9,medical
4112,63.07,36.53,8.04,medical
4113,62.34,42.55,23.71,tools
4114,22.75,9.54,3.73,tools
4115,36.46,33.67,24.24,clothing
4116,91.51,36.22,9.36,electronics
4117,18.14,47.61,37.89,clothing
4118,28.09,8.31,32.68,tools
4119,17.8,18.85,29.44,tools
4120,57.06,9.49,35.45,electronics
4121,77.29,24.96,32.62,medical
4122,54.27,25.79,23.19,electronics
4123,69.94,34.97,29.16,electronics
4124,68.4,18.51,10.24,clothing
4125,42.46,3.98,33.68,tools
4126,24.19,14.63,12.78,medical
4127,66.31,40.92,34.35,clothing
4128,35.47,23.55,14.53,food
4129,95.64,43.73,23.25,tools
4130,7.17,8.31,23.51,clothing
4131,76.18,33.54,4.61,food
4132,50.41,33.03,29.66,food
4133,10.39,41.34,36.55,clothing
4134,44.48,24.03,9.21,clothing
4135,52.49,30.83,5.49,medical
4136,9.6,8.4,6.92,food
4137,19.95,43.47,37.04,medical
4138,43.96,37.88,6.45,tools
4139,62.55,37.56,4.48,tools
4140,41.35,6.12,36.62,tools
4141,16.49,36.36,18.41,electronics
4142,67.86,46.35,30.64,food
4143,23.81,31.53,29.46,tools
4144,32.89,10.43,15.83,food
4145,55.93,33.36,18.76,electronics
4146,78.78,6.08,30.81,electronics
4147,21.73,5.41,1.89,clothing
4148,69.89,31.64,6.48,electronics
4149,86.69,29.25,13.74,food
4150,19.26,15.05,6.02,clothing
4151,23.4,42.5,39.79,electronics
4152,73.55,42.14,3.57,tools
4153,81.51,11.52,27.01,clothing
4154,37.8,39.18,23.75,tools
4155,78.75,12.21,18.7,food
4156,31.17,21.77,15.0,electronics
4157,56.27,19.98,30.74,food
4158,25.14,2.33,37.72,food
4159,7.44,49.51,37.28,medical
4160,16.7,31.1,19.69,clothing
4161,52.01,3.96,24.36,tools
4162,47.1,36.36,4.33,medical
4163,86.89,2.1,9.9,food
4164,86.7,27.02,37.86,tools
4165,37.53,13.79,34.7,tools
4166,26.07,35.81,12.13,food
4167,10.57,1.83,15.16,medical
4168,95.88,28.66,30.97,medical
4169,40.01,44.76,13.02,tools
4170,40.23,29.92,31.36,electronics
4171,40.34,21.83,7.73,food
4172,28.87,42.24,6.34,electronics
4173,48.87,1.13,2.72,tools
4174,78.07,40.07,21.05,tools
4175,24.69,40.5,29.73,medical
4176,57.62,5.92,16.55,tools
4177,51.45,21.77,2.66,tools
4178,54.1,40.8,27.14,medical
4179,15.2,30.04,34.87,tools
4180,97.55,35.51,19.07,food
4181,53.29,21.02,4.96,tools
4182,48.88,12.23,4.11,tools
4183,82.23,15.1,38.83,electronics
4184,51.74,10.78,16.62,tools
4185,71.89,2.21,23.04,food
4186,38.15,43.11,27.38,medical
4187,45.46,22.04,10.9,tools
4188,24.43,28.5,14.02,food
4189,62.66,8.67,32.58,medical
4190,92.59,42.08,35.7,medical
4191,83.2,4.87,23.82,clothing
4192,27.85,7.77,34.3,tools
4193,8.05,49.01,16.72,medical
4194,14.52,48.29,25.45,tools
4195,76.73,39.96,2.97,clothing
4196,51.14,23.9,36.64,tools
4197,6.87,33.1,23.84,clothing
4198,77.99,28.05,33.0,clothing
4199,76.94,43.04,25.61,electronics
4200,59.55,16.44,27.04,tools
4201,35.08,9.43,10.97,clothing
4202,52.67,40.58,12.61,clothing
4203,83.06,46.53,16.41,clothing
4204,55.27,25.15,9.72,tools
4205,23.87,29.93,27.72,medical
4206,41.31,28.27,12.41,medical
4207,91.27,47.82,6.79,medical
4208,32.23,3.41,19.72,electronics
4209,28.58,41.71,30.73,medical
4210,22.39,37.11,38.71,clothing
4211,61.54,29.56,36.57,clothing
4212,47.38,1.72,28.75,electronics
4213,20.69,22.11,39.53,food
4214,7.5,23.9,21.11,clothing
4215,85.2,6.18,17.02,food
4216,67.77,33.3,25.6,electronics
4217,14.03,46.61,37.52,tools
4218,27.35,34.53,30.29,clothing
4219,53.73,25.72,39.73,clothing
4220,47.62,8.18,5.37,medical
4221,96.44,36.82,21.96,clothing
4222,96.64,46.46,20.82,tools
4223,97.2,46.48,35.87,electronics
4224,55.83,8.88,5.69,electronics
4225,54.58,37.13,10.09,medical
4226,97.39,19.32,37.37,clothing
4227,21.39,40.78,11.12,tools
4228,44.78,16.69,27.0,food
4229,85.0,19.63,4.32,clothing
4230,43.31,38.47,27.05,food
4231,53.54,25.48,32.87,electronics
4232,80.19,30.4,17.52,clothing
4233,19.29,36.58,16.29,medical
4234,68.14,3.45,2.68,electronics
4235,26.79,6.78,36.28,tools
4236,80.06,21.75,14.83,tools
4237,51.96,28.04,10.68,medical
4238,31.99,44.79,27.95,clothing
4239,26.29,36.42,14.81,medical
4240,60.2,43.09,26.69,medical
4241,22.26,32.36,35.51,medical
4242,71.69,14.87,24.78,medical
4243,56.95,36.3,37.49,medical
4244,7.43,23.2,13.18,tools
4245,47.17,8.49,14.18,medical
4246,18.52,49.08,14.87,food
4247,83.42,20.92,22.16,food
4248,5.03,48.42,38.45,food
4249,30.26,20.61,28.17,food
4250,63.34,44.14,6.36,electronics
4251,42.54,8.42,39.51,clothing
4252,47.29,29.21,17.57,clothing
4253,84.14,5.37,3.88,tools
4254,60.72,38.08,29.27,electronics
4255,67.81,49.37,25.96,food
4256,99.87,43.78,28.87,tools
4257,27.1,24.28,16.9,tools
4258,37.46,49.07,2.71,electronics
4259,35.52,26.04,16.62,tools
4260,91.45,18.66,38.29,electronics
4261,52.08,13.85,25.03,medical
4262,35.2,2.55,8.54,electronics
4263,30.99,39.6,17.24,tools
4264,49.65,37.28,35.97,tools
4265,78.38,7.21,11.09,clothing
4266,59.46,27.78,2.63,clothing
4267,95.86,36.74,34.79,medical
4268,84.17,8.13,11.59,medical
4269,30.73,26.33,39.82,food
4270,84.77,31.5,36.85,medical
4271,94.98,27.75,25.04,clothing
4272,63.65,45.84,28.26,clothing
4273,42.6,31.31,18.17,clothing
4274,41.21,16.31,35.81,tools
4275,36.1,29.83,39.18,tools
4276,15.51,31.07,29.17,food
4277,10.57,34.69,19.63,electronics
4278,28.41,46.51,35.68,tools
4279,38.37,4.45,4.07,tools
4280,26.57,30.2,30.36,clothing
4281,81.71,11.15,13.26,medical
4282,97.71,32.73,4.9,clothing
4283,29.69,19.25,3.18,medical
4284,5.73,2.21,26.59,clothing
4285,33.61,7.66,21.68,clothing
4286,28.77,3.3,36.9,medical
4287,69.83,14.42,36.22,clothing
4288,63.27,22.14,17.01,electronics
4289,79.97,13.84,1.56,electronics
4290,34.9,43.39,20.11,medical
4291,37.29,44.73,23.28,electronics
4292,77.96,48.27,8.5,clothing
4293,81.5,2.42,6.1,electronics
4294,29.52,20.82,15.87,food
4295,86.16,10.03,17.33,electronics
4296,10.15,20.43,14.03,clothing
4297,37.97,46.34,1.36,medical
4298,20.23,10.15,7.82,electronics
4299,22.2,38.34,18.63,medical
4300,70.93,24.22,16.65,electronics
4301,63.26,20.12,5.04,food
4302,31.69,49.19,4.6,clothing
4303,82.45,13.31,32.08,medical
4304,99.37,1.3,36.27,clothing
4305,6.43,24.25,21.13,medical
4306,50.71,25.23,22.79,food
4307,88.09,9.47,24.23,electronics
4308,47.19,39.49,1.53,electronics
4309,47.38,49.72,16.93,electronics
4310,86.01,32.29,17.57,food
4311,74.39,46.06,3.09,clothing
4312,28.87,37.04,35.5,electronics
4313,26.66,17.94,23.96,medical
4314,87.31,27.08,18.99,electronics
4315,97.5,32.14,15.37,electronics
4316,95.06,9.57,5.99,clothing
4317,71.0,12.4,13.65,electronics
4318,39.39,37.87,38.05,tools
4319,7.99,47.28,10.92,electronics
4320,32.09,23.89,29.85,food
4321,85.32,4.76,6.46,food
4322,19.65,35.93,18.45,clothing
4323,63.4,37.09,39.11,clothing
4324,74.68,49.18,18.58,medical
4325,77.59,12.9,12.45,food
4326,51.48,2.5,34.84,clothing
4327,56.2,34.57,32.97,medical
4328,38.59,1.62,22.17,tools
4329,62.64,19.96,10.63,tools
4330,29.22,36.02,8.58,medical
4331,62.84,39.85,9.95,clothing
4332,52.79,8.1,25.34,food
4333,36.45,12.25,12.92,tools
4334,86.49,43.3,31.73,tools
4335,53.9,36.04,16.46,medical
4336,52.99,26.2,3.61,medical
4337,37.81,9.44,10.91,electronics
4338,29.86,21.95,33.21,food
4339,82.85,44.07,27.85,medical
4340,62.26,11.65,28.48,clothing
4341,15.18,32.45,26.39,electronics
4342,27.89,30.19,6.74,medical
4343,96.23,26.11,10.96,clothing
4344,74.86,40.39,23.15,medical
4345,98.88,26.86,31.28,clothing
4346,10.79,49.67,13.27,clothing
4347,71.79,42.04,5.08,medical
4348,69.7,13.44,10.07,tools
4349,86.88,49.34,22.08,medical
4350,72.49,9.58,6.16,food
4351,84.01,32.79,24.1,food
4352,54.54,12.68,31.9,food
4353,97.7,49.28,26.72,medical
4354,7.86,46.08,7.13,clothing
4355,24.96,9.45,34.81,tools
4356,72.61,28.3,9.27,food
4357,16.51,40.99,1.58,food
4358,21.69,1.1,3.46,clothing
4359,41.66,22.26,5.47,tools
4360,53.25,31.94,27.19,clothing
4361,92.36,34.16,28.88,tools
4362,6.06,5.1,12.52,electronics
4363,41.45,5.55,3.41,food
4364,90.29,15.18,13.45,food
4365,65.91,5.17,20.9,tools
4366,79.69,14.54,31.54,clothing
4367,65.94,10.55,13.06,clothing
4368,35.06,34.14,4.81,tools
4369,23.86,38.88,1.66,medical
4370,92.02,1.17,32.88,electronics
4371,94.63,47.67,23.94,medical
4372,84.24,17.24,36.21,tools
4373,46.41,48.65,27.07,medical
4374,30.52,4.62,36.29,medical
4375,92.03,15.66,4.38,tools
4376,71.89,44.7,37.76,electronics
4377,5.15,22.9,13.63,medical
4378,63.34,46.2,24.07,clothing
4379,49.6,26.62,1.59,clothing
4380,77.22,22.06,22.38,electronics
4381,57.63,19.52,29.3,clothing
4382,64.07,8.81,24.67,tools
4383,55.16,27.46,22.76,clothing
4384,90.28,28.72,19.43,medical
4385,79.25,4.56,2.19,clothing
4386,45.73,18.79,33.91,clothing
4387,48.17,19.48,28.04,food
4388,17.02,47.22,6.18,electronics
4389,48.18,48.21,21.36,clothing
4390,83.95,10.15,1.57,tools
4391,57.56,1.29,37.8,clothing
4392,40.01,7.82,3.84,medical
4393,39.31,26.01,38.89,tools
4394,48.75,23.39,28.54,food
4395,51.39,19.87,8.21,tools
4396,14.17,33.98,33.56,clothing
4397,18.74,5.5,28.8,medical
4398,94.3,22.35,7.9,food
4399,62.3,24.4,20.98,tools
4400,47.68,40.75,35.38,electronics
4401,73.5,18.96,36.73,tools
4402,83.21,17.98,12.45,medical
4403,84.18,3.22,17.97,clothing
4404,17.01,42.4,6.52,electronics
4405,52.21,1.0,23.41,tools
4406,11.02,20.57,37.09,electronics
4407,43.95,47.58,18.91,food
4408,83.59,14.64,34.72,food
4409,52.79,46.06,24.83,electronics
4410,5.48,5.36,21.29,clothing
4411,22.36,34.75,28.97,food
4412,13.56,49.69,3.83,clothing
4413,92.8,39.95,15.55,medical
4414,11.26,39.53,37.78,tools
4415,13.69,29.14,39.01,clothing
4416,21.91,23.73,32.48,tools
4417,34.92,21.94,30.15,tools
4418,75.67,12.14,32.86,medical
4419,10.06,28.91,8.78,tools
4420,48.93,40.67,24.15,tools
4421,5.44,24.71,36.34,tools
4422,88.34,29.13,13.18,electronics
4423,71.42,12.12,26.19,clothing
4424,54.58,21.25,22.66,food
4425,87.19,21.19,6.13,electronics
4426,31.51,24.14,5.51,tools
4427,96.14,39.86,21.07,food
4428,97.85,10.91,13.12,clothing
4429,12.85,45.18,29.29,tools
4430,8.37,17.28,7.0,clothing
4431,68.08,20.76,27.7,tools
4432,49.49,15.54,38.86,electronics
4433,46.6,26.68,35.37,food
4434,37.05,46.0,17.41,tools
4435,43.53,14.38,22.28,tools
4436,75.81,22.94,23.94,food
4437,99.02,49.83,35.75,clothing
4438,52.82,27.81,38.74,electronics
4439,81.02,19.75,39.27,electronics
4440,43.56,7.76,2.85,electronics
4441,10.04,41.0,37.15,tools
4442,42.38,23.0,14.09,tools
4443,39.6,20.46,9.03,food
4444,74.27,1.48,2.33,electronics
4445,90.72,16.9,2.66,electronics
4446,74.41,33.64,24.4,food
4447,14.47,5.08,4.9,clothing
4448,94.43,5.64,39.46,tools
4449,18.52,40.47,28.46,medical
4450,69.79,3.65,28.41,food
4451,65.22,20.9,25.22,food
4452,34.94,46.08,11.45,tools
4453,69.85,49.91,35.83,food
4454,22.31,45.15,31.61,clothing
4455,38.95,48.14,1.41,medical
4456,77.16,35.28,2.98,electronics
4457,15.54,11.52,29.06,food
4458,91.12,18.0,32.12,clothing
4459,29.66,32.05,25.09,tools
4460,46.62,3.15,33.56,tools
4461,77.67,35.51,33.94,medical
4462,61.52,3.43,14.8,clothing
4463,69.04,32.55,36.62,tools
4464,9.57,49.15,12.23,clothing
4465,25.54,15.9,29.13,food
4466,70.55,29.37,1.12,electronics
4467,16.98,2.54,9.37,tools
4468,53.12,35.24,30.65,tools
4469,11.84,15.69,24.92,tools
4470,95.76,49.53,14.14,clothing
4471,63.58,9.54,22.27,electronics
4472,77.2,12.94,15.58,clothing
4473,37.34,3.24,16.13,tools
4474,10.64,48.22,23.21,clothing
4475,6.24,1.94,23.28,clothing
4476,10.59,27.79,28.97,medical
4477,29.96,39.14,35.92,medical
4478,52.59,35.03,5.89,food
4479,67.91,28.94,12.27,clothing
4480,71.39,49.34,34.61,tools
4481,5.26,25.05,15.7,food
4482,36.75,1.39,7.27,electronics
4483,83.7,4.57,9.29,medical
4484,34.74,7.37,16.26,electronics
4485,15.05,27.32,8.17,tools
4486,64.63,33.41,23.33,food
4487,25.79,11.84,13.91,tools
4488,11.63,37.12,2.25,tools
4489,66.1,44.73,33.72,tools
4490,38.84,1.28,30.81,clothing
4491,57.8,21.29,10.88,tools
4492,19.39,45.24,4.45,medical
4493,47.19,39.93,25.03,tools
4494,31.75,34.24,38.35,medical
4495,36.74,43.95,22.94,clothing
4496,47.86,43.0,34.57,tools
4497,21.24,37.11,31.07,electronics
4498,20.91,3.27,38.18,food
4499,44.81,40.4,7.99,tools
4500,89.05,7.93,15.43,clothing
4501,22.72,13.54,39.35,tools
4502,71.02,7.18,36.39,tools
4503,13.63,17.87,7.32,clothing
4504,5.58,10.26,28.32,food
4505,14.4,39.97,29.3,food
4506,11.41,45.44,21.45,tools
4507,54.61,45.58,29.19,electronics
4508,58.73,22.25,31.14,clothing
4509,46.47,27.24,13.96,clothing
4510,12.75,29.84,13.2,medical
4511,70.58,24.05,28.46,tools
4512,41.26,26.32,28.64,electronics
4513,92.13,24.46,30.86,clothing
4514,86.52,4.29,39.18,clothing
4515,94.55,25.92,23.69,food
4516,81.35,14.53,38.5,electronics
4517,87.29,33.21,39.82,food
4518,20.97,37.95,7.34,tools
4519,21.88,11.47,12.49,food
4520,64.4,42.1,9.92,food
4521,10.62,5.35,11.87,electronics
4522,67.21,36.83,37.06,clothing
4523,76.04,4.24,38.98,electronics
4524,59.84,35.82,28.34,food
4525,74.89,37.0,5.98,food
4526,97.97,14.57,28.86,food
4527,25.81,7.43,28.96,medical
4528,39.12,46.59,28.12,tools
4529,28.15,36.17,2.62,food
4530,52.82,21.48,35.57,medical
4531,29.08,10.66,27.61,tools
4532,37.72,39.86,10.0,medical
4533,48.41,18.44,36.22,tools
4534,63.05,11.99,30.95,tools
4535,66.92,49.54,4.5,tools
4536,49.62,19.53,24.72,food
4537,60.29,47.83,9.51,tools
4538,30.05,42.27,29.93,electronics
4539,11.35,19.97,7.33,clothing
4540,12.71,43.56,37.62,medical
4541,51.25,25.55,15.31,clothing
4542,89.06,48.47,17.29,medical
4543,48.75,37.9,35.75,medical
4544,27.22,20.31,6.97,clothing
4545,53.65,20.29,15.11,electronics
4546,60.22,39.16,31.55,electronics
4547,67.32,22.61,17.83,food
4548,70.06,30.63,8.35,food
4549,58.92,17.85,12.79,clothing
4550,40.81,23.23,6.05,food
4551,41.61,22.26,33.53,tools
4552,33.07,8.2,9.44,medical
4553,68.22,46.06,29.81,clothing
4554,71.07,14.06,6.9,clothing
4555,85.76,32.18,38.24,clothing
4556,74.82,47.51,24.17,clothing
4557,14.32,31.52,16.89,food
4558,73.81,45.46,28.74,clothing
4559,59.23,19.63,9.6,clothing
4560,37.19,12.73,6.23,electronics
4561,94.99,48.73,8.28,electronics
4562,68.34,18.87,10.2,food
4563,29.77,10.91,32.79,food
4564,12.37,35.61,15.27,clothing
4565,52.45,2.37,39.23,electronics
4566,40.13,23.88,29.38,clothing
4567,69.14,25.47,32.05,medical
4568,60.75,44.85,32.1,electronics
4569,73.57,47.19,36.73,electronics
4570,94.96,18.66,10.36,electronics
4571,58.61,49.57,11.56,medical
4572,93.46,30.14,20.61,tools
4573,45.94,45.39,5.93,food
4574,37.61,19.13,21.88,tools
4575,59.41,46.34,37.54,electronics
4576,53.26,40.92,8.23,medical
4577,61.61,16.83,37.66,clothing
4578,41.22,15.8,18.42,tools
4579,86.08,12.74,18.67,electronics
4580,17.99,19.03,28.98,tools
4581,30.24,19.86,37.39,electronics
4582,10.0,33.72,11.33,clothing
4583,60.43,13.14,35.99,medical
4584,82.57,15.75,13.35,electronics
4585,25.28,40.67,18.66,medical
4586,25.9,38.75,9.81,tools
4587,7.85,32.64,29.5,medical
4588,94.31,41.28,36.87,food
4589,93.53,4.89,29.47,medical
4590,13.78,46.69,11.95,food
4591,24.87,40.97,26.66,food
4592,46.13,45.39,32.1,electronics
4593,30.37,34.33,35.72,medical
4594,9.62,25.36,26.07,food
4595,87.62,46.75,27.39,clothing
4596,44.04,17.73,29.94,food
4597,26.14,22.79,18.67,clothing
4598,45.85,34.42,16.86,food
4599,49.46,6.46,36.53,tools
4600,92.88,31.84,14.93,food
4601,82.3,46.69,3.45,electronics
4602,35.92,26.44,39.38,tools
4603,7.41,8.45,34.4,food
4604,74.3,4.22,8.27,medical
4605,67.94,47.32,5.68,tools
4606,62.4,12.11,23.37,tools
4607,78.08,11.66,16.52,tools
4608,51.97,9.06,2.37,tools
4609,23.82,31.5,14.69,food
4610,54.22,20.15,36.35,tools
4611,62.09,10.14,29.32,medical
4612,79.49,17.85,29.05,clothing
4613,38.46,44.77,26.71,food
4614,91.41,8.27,6.88,medical
4615,26.55,31.18,35.85,clothing
4616,62.75,1.07,15.18,medical
4617,70.66,41.59,31.49,food
4618,79.28,12.05,9.84,medical
4619,13.28,18.15,2.36,medical
4620,13.71,3.4,39.07,tools
4621,53.59,20.07,20.42,tools
4622,77.63,40.54,33.36,food
4623,41.21,5.83,20.16,food
4624,42.66,18.36,33.97,clothing
4625,26.11,48.17,27.43,food
4626,72.08,48.22,20.23,medical
4627,92.69,38.34,21.83,electronics
4628,79.04,24.45,13.65,electronics
4629,17.45,11.28,38.82,food
4630,98.3,49.14,6.52,food
4631,92.37,25.91,25.75,clothing
4632,32.74,49.86,14.5,clothing
4633,19.66,40.97,39.64,food
4634,21.97,47.96,16.8,medical
4635,22.39,44.53,39.72,electronics
4636,25.05,33.15,36.11,food
4637,84.15,32.14,29.16,food
4638,11.33,32.74,21.73,electronics
4639,42.7,39.86,11.76,food
4640,5.6,33.78,9.94,clothing
4641,95.23,38.84,26.47,electronics
4642,19.11,44.54,3.8,medical
4643,21.58,33.39,20.84,electronics
4644,68.08,12.23,33.3,medical
4645,67.4,19.92,13.24,electronics
4646,80.12,3.21,13.42,clothing
4647,11.91,9.54,25.42,tools
4648,39.99,21.98,29.09,tools
4649,12.36,38.55,27.26,electronics
4650,45.69,1.83,37.4,tools
4651,59.74,19.42,39.41,clothing
4652,35.5,27.81,14.95,food
4653,10.72,40.37,32.64,tools
4654,29.09,22.3,7.17,tools
4655,11.76,43.48,20.35,food
4656,74.25,5.4,12.99,food
4657,59.3,37.84,17.77,clothing
4658,43.34,27.07,26.24,medical
4659,8.45,47.79,19.51,tools
4660,20.67,25.04,19.87,tools
4661,80.8,49.27,8.23,medical
4662,66.94,34.07,2.1,electronics
4663,71.07,48.23,21.86,medical
4664,66.63,21.6,10.25,food
4665,94.37,34.56,36.1,electronics
4666,24.29,30.53,25.57,medical
4667,36.24,10.23,38.2,clothing
4668,65.51,9.9,5.86,tools
4669,20.06,29.72,14.73,tools
4670,78.59,24.83,15.75,electronics
4671,58.49,23.35,36.94,medical
4672,5.65,3.45,6.47,clothing
4673,49.11,16.0,22.25,medical
4674,52.16,15.59,18.47,medical
4675,92.72,44.36,4.47,food
4676,41.64,18.03,27.93,tools
4677,29.41,17.2,1.9,food
4678,38.54,35.25,19.34,tools
4679,60.94,19.92,11.62,medical
4680,63.56,48.18,18.21,tools
4681,88.86,28.71,14.97,clothing
4682,71.11,11.91,9.03,electronics
4683,61.39,36.23,7.99,electronics
4684,15.46,26.92,19.04,food
4685,45.52,12.5,4.06,electronics
4686,63.34,45.89,25.21,clothing
4687,84.85,38.41,24.86,electronics
4688,92.65,21.28,17.95,electronics
4689,97.38,37.93,35.11,electronics
4690,75.81,16.06,11.04,tools
4691,80.21,15.96,5.73,clothing
4692,93.16,29.87,30.37,food
4693,84.21,47.29,11.08,clothing
4694,47.83,12.09,35.36,medical
4695,30.06,26.77,27.36,clothing
4696,21.28,12.0,24.14,clothing
4697,44.91,30.67,19.6,food
4698,98.89,33.78,21.79,clothing
4699,60.35,46.75,4.89,food
4700,14.84,1.39,35.87,clothing
4701,47.33,4.0,7.76,medical
4702,77.36,24.47,12.75,clothing
4703,38.04,15.07,28.68,medical
4704,40.2,24.16,23.84,food
4705,8.54,1.5,12.77,clothing
4706,46.12,15.91,37.23,food
4707,73.74,11.95,3.13,tools
4708,18.44,37.13,14.88,food
4709,78.98,11.0,34.69,electronics
4710,86.55,43.35,21.62,clothing
4711,42.2,17.21,14.16,medical
4712,96.57,28.21,17.78,tools
4713,92.66,30.86,37.83,electronics
4714,72.05,28.07,8.38,electronics
4715,42.67,11.84,3.83,clothing
4716,57.32,3.35,8.98,food
4717,23.1,20.96,37.38,food
4718,8.18,13.18,13.09,electronics
4719,22.4,20.92,26.58,tools
4720,33.62,33.5,28.85,medical
4721,52.92,34.96,32.24,medical
4722,79.24,27.47,2.09,clothing
4723,80.19,49.44,26.39,food
4724,59.06,14.75,30.38,tools
4725,19.53,40.43,4.5,medical
4726,46.62,15.02,19.17,food
4727,99.39,15.8,33.82,tools
4728,19.74,27.29,31.86,electronics
4729,94.99,9.01,32.79,clothing
4730,94.71,21.68,14.2,medical
4731,76.4,36.76,30.4,food
4732,23.9,7.54,39.77,clothing
4733,80.35,1.46,1.63,electronics
4734,43.12,49.58,9.41,tools
4735,26.82,11.75,10.89,medical
4736,46.89,36.97,5.79,medical
4737,79.41,18.89,32.82,medical
4738,86.31,7.96,19.66,clothing
4739,38.0,40.88,10.72,tools
4740,21.49,32.45,9.21,tools
4741,94.45,9.48,10.0,clothing
4742,57.83,13.66,20.02,food
4743,7.76,14.27,36.8,food
4744,9.43,27.47,18.88,clothing
4745,81.9,40.06,36.77,tools
4746,13.63,36.17,38.35,food
4747,32.8,44.17,3.28,medical
4748,92.05,13.69,35.44,medical
4749,74.32,47.96,33.44,medical
4750,66.01,34.86,13.52,electronics
4751,44.32,31.49,33.46,food
4752,92.94,3.45,15.03,clothing
4753,26.6,43.75,18.19,medical
4754,64.75,17.63,35.02,tools
4755,22.09,16.52,2.56,clothing
4756,79.28,17.82,16.37,clothing
4757,31.77,13.48,20.78,food
4758,94.98,24.79,25.46,medical
4759,59.47,47.08,31.98,tools
4760,17.35,5.21,2.84,clothing
4761,48.5,26.16,10.19,electronics
4762,98.34,28.09,32.49,clothing
4763,9.75,45.9,39.06,tools
4764,48.17,3.42,33.15,electronics
4765,70.89,40.1,37.37,clothing
4766,19.35,6.07,38.89,clothing
4767,28.92,18.39,24.33,tools
4768,51.93,9.46,6.54,medical
4769,94.81,37.67,10.74,clothing
4770,48.17,9.01,15.07,electronics
4771,19.22,6.54,7.87,electronics
4772,70.08,13.77,35.28,medical
4773,85.75,10.43,8.62,tools
4774,70.77,41.01,8.89,electronics
4775,32.97,22.7,36.29,tools
4776,33.95,42.19,20.46,clothing
4777,60.11,17.2,11.57,tools
4778,81.42,1.51,15.59,medical
4779,77.77,34.53,3.78,electronics
4780,23.0,34.41,20.38,clothing
4781,71.69,9.9,17.66,food
4782,20.2,44.0,29.9,medical
4783,27.15,10.06,36.93,medical
4784,35.3,9.35,36.57,clothing
4785,19.59,21.5,35.55,electronics
4786,56.56,7.95,24.58,tools
4787,67.14,29.06,37.17,food
4788,61.29,6.73,13.58,medical
4789,25.74,8.43,13.39,clothing
4790,43.21,22.36,19.07,food
4791,66.35,9.45,25.27,electronics
4792,68.09,47.74,2.67,medical
4793,12.22,33.5,25.32,tools
4794,66.4,28.01,4.79,food
4795,73.77,11.93,21.99,tools
4796,9.14,29.12,34.22,food
4797,71.92,8.69,32.94,tools
4798,21.79,8.44,38.04,food
4799,79.3,19.23,12.55,tools
4800,72.57,27.38,34.92,clothing
4801,44.63,25.48,16.66,tools
4802,14.88,29.56,21.7,electronics
4803,57.85,3.87,13.06,electronics
4804,76.26,42.02,27.28,tools
4805,80.49,9.71,37.19,medical
4806,47.01,26.7,10.54,electronics
4807,54.47,39.02,38.43,medical
4808,31.77,43.64,30.21,tools
4809,61.6,36.49,9.49,food
4810,15.62,7.9,37.28,food
4811,22.01,10.47,1.67,tools
4812,9.32,8.99,10.86,food
4813,80.6,6.53,29.58,clothing
4814,92.12,28.85,34.61,tools
4815,13.55,43.27,18.41,medical
4816,60.87,30.11,24.91,clothing
4817,70.61,5.73,7.27,food
4818,15.53,27.93,3.22,medical
4819,45.11,2.03,27.84,food
4820,72.09,4.06,14.57,food
4821,76.06,27.42,8.54,medical
4822,22.91,5.72,13.55,tools
4823,36.03,9.79,10.53,clothing
4824,90.42,27.94,1.07,electronics
4825,57.55,8.93,17.3,clothing
4826,21.24,39.14,30.92,tools
4827,10.67,20.51,28.2,food
4828,83.15,38.06,37.41,food
4829,21.84,28.23,35.69,clothing
4830,62.89,19.88,31.79,food
4831,25.38,24.7,36.11,tools
4832,53.04,32.11,35.45,clothing
4833,91.74,37.75,30.95,food
4834,42.78,6.13,17.93,electronics
4835,96.69,6.32,38.95,food
4836,19.73,25.79,7.12,food
4837,73.11,8.47,27.25,clothing
4838,74.45,11.97,36.01,medical
4839,75.03,36.69,3.47,medical
4840,35.91,46.96,29.72,tools
4841,43.58,44.89,20.23,tools
4842,66.81,21.7,25.54,electronics
4843,83.42,9.19,25.76,clothing
4844,54.65,42.96,32.72,food
4845,78.18,31.44,19.22,medical
4846,95.87,6.72,36.81,tools
4847,38.47,30.08,23.6,clothing
4848,66.11,27.51,12.66,medical
4849,21.93,34.1,39.64,food
4850,71.64,19.47,28.14,medical
4851,55.72,38.42,24.85,electronics
4852,59.6,5.62,13.62,food
4853,34.26,25.85,23.05,food
4854,37.63,11.95,11.64,medical
4855,64.69,1.44,18.33,electronics
4856,89.23,29.39,24.71,medical
4857,30.47,24.28,30.83,medical
4858,45.19,49.43,12.88,medical
4859,59.54,20.42,1.84,tools
4860,57.56,30.17,12.97,medical
4861,29.22,18.25,25.09,clothing
4862,32.0,14.51,38.19,food
4863,81.26,40.3,34.03,tools
4864,44.04,12.88,33.72,clothing
4865,94.65,17.82,16.55,clothing
4866,55.96,27.13,39.89,electronics
4867,78.76,27.15,11.34,electronics
4868,5.94,30.64,26.85,clothing
4869,81.59,43.92,13.74,food
4870,16.24,44.49,2.22,medical
4871,18.26,23.48,16.47,electronics
4872,57.52,45.18,1.71,clothing
4873,22.02,27.2,10.85,clothing
4874,14.92,11.85,22.69,clothing
4875,59.45,10.31,26.96,tools
4876,36.34,15.95,32.78,clothing
4877,27.51,30.16,19.48,tools
4878,57.57,21.38,34.75,tools
4879,19.19,48.05,31.74,tools
4880,9.49,11.43,27.51,medical
4881,77.18,20.76,24.09,clothing
4882,38.81,10.96,36.54,electronics
4883,41.8,5.76,11.18,clothing
4884,23.2,22.48,22.11,electronics
4885,46.04,28.9,20.6,medical
4886,91.83,45.7,26.49,clothing
4887,49.85,21.31,26.07,tools
4888,7.97,31.92,8.96,electronics
4889,89.41,7.02,10.01,electronics
4890,33.79,48.48,6.13,clothing
4891,94.12,20.28,11.7,electronics
4892,95.7,28.37,37.24,electronics
4893,20.66,47.06,15.74,food
4894,16.1,45.6,24.84,medical
4895,87.86,7.71,37.37,food
4896,22.5,42.9,5.87,tools
4897,36.52,11.56,25.77,electronics
4898,46.76,2.44,20.46,medical
4899,90.57,15.88,12.25,electronics
4900,40.37,11.92,18.05,food
4901,14.16,41.38,10.04,food
4902,34.69,24.97,4.19,food
4903,32.31,36.7,9.51,food
4904,71.64,43.23,24.24,tools
4905,75.4,20.32,26.68,tools
4906,93.4,4.33,28.97,medical
4907,27.5,39.16,6.58,medical
4908,51.99,21.85,11.56,clothing
4909,74.49,31.26,22.67,electronics
4910,57.64,9.38,23.79,electronics
4911,21.18,42.24,6.46,electronics
4912,14.63,6.67,20.59,medical
4913,39.98,5.12,3.6,electronics
4914,92.04,26.93,25.83,electronics
4915,34.31,5.54,18.48,electronics
4916,30.58,12.29,15.28,food
4917,38.88,7.92,18.1,clothing
4918,74.52,42.81,12.54,medical
4919,16.31,29.45,28.39,clothing
4920,48.65,13.74,34.05,clothing
4921,24.3,17.34,20.04,clothing
4922,7.88,10.57,21.66,medical
4923,12.9,39.59,27.85,food
4924,83.42,26.54,24.43,food
4925,45.58,2.83,19.5,clothing
4926,89.51,40.79,22.72,electronics
4927,80.47,24.52,19.53,tools
4928,32.1,28.19,8.17,tools
4929,34.78,6.99,27.97,medical
4930,36.04,33.38,37.14,food
4931,50.85,40.48,20.96,tools
4932,53.63,43.31,14.89,medical
4933,22.86,14.68,15.88,tools
4934,74.85,22.69,15.78,food
4935,61.29,20.48,37.35,electronics
4936,26.33,40.87,6.33,clothing
4937,59.68,44.54,25.54,medical
4938,29.89,45.4,3.05,clothing
4939,59.64,39.72,27.89,tools
4940,9.58,30.18,14.27,food
4941,59.86,27.03,10.12,electronics
4942,20.55,35.51,22.07,medical
4943,68.04,15.23,12.21,electronics
4944,42.04,37.07,21.07,clothing
4945,33.27,37.8,36.14,clothing
4946,73.8,29.56,18.08,clothing
4947,91.53,19.18,31.23,medical
4948,36.22,35.79,14.59,clothing
4949,17.01,26.4,5.34,clothing
4950,9.88,8.03,18.2,clothing
4951,48.96,27.4,26.75,tools
4952,82.9,15.66,22.08,clothing
4953,91.19,23.14,4.2,tools
4954,92.99,37.78,21.64,electronics
4955,92.92,40.73,31.81,food
4956,45.42,38.27,7.24,medical
4957,98.29,6.14,8.11,food
4958,65.63,11.29,20.61,medical
4959,85.65,6.59,4.19,food
4960,62.93,49.31,33.54,tools
4961,31.13,45.91,23.48,tools
4962,75.1,31.24,36.76,clothing
4963,64.88,9.18,5.11,medical
4964,59.82,19.15,6.76,medical
4965,92.84,29.67,9.62,electronics
4966,13.5,41.62,13.21,clothing
4967,56.15,2.01,29.15,tools
4968,78.04,33.78,8.61,medical
4969,6.9,37.48,5.75,food
4970,79.79,4.91,10.7,clothing
4971,16.94,29.1,19.5,food
4972,66.4,16.44,5.73,medical
4973,9.01,3.89,21.71,clothing
4974,80.77,42.92,28.97,tools
4975,31.92,3.99,6.29,food
4976,72.89,11.12,3.72,electronics
4977,93.6,39.96,21.71,food
4978,41.02,20.7,36.69,tools
4979,25.62,18.09,29.1,medical
4980,58.99,11.24,10.44,clothing
4981,10.73,1.35,14.02,electronics
4982,97.67,48.85,33.82,medical
4983,13.58,32.01,12.38,food
4984,13.17,17.38,16.05,medical
4985,27.74,24.88,8.25,electronics
4986,80.04,6.67,15.81,food
4987,42.32,34.26,2.66,food
4988,84.64,45.64,19.39,food
4989,48.41,42.91,22.24,medical
4990,99.69,32.86,16.98,electronics
4991,91.84,15.45,21.33,medical
4992,81.69,13.56,32.86,medical
4993,12.27,44.77,25.31,medical
4994,96.1,16.84,35.77,electronics
4995,55.86,41.09,36.84,medical
4996,83.68,3.1,15.56,tools
4997,8.56,33.79,22.33,food
4998,51.59,11.49,11.3,medical
4999,44.87,21.69,37.41,clothing
5000,87.87,13.9,11.11,electronics
5001,48.06,26.91,23.58,clothing
5002,35.11,11.36,1.84,medical
5003,59.64,3.2,20.32,electronics
5004,71.04,43.17,26.71,clothing
5005,64.54,34.91,1.14,food
5006,21.45,27.29,34.47,clothing
5007,53.37,38.5,34.98,electronics
5008,15.63,35.64,33.42,electronics
5009,56.08,44.75,6.3,medical
5010,16.71,14.03,8.67,medical
5011,81.57,48.03,39.42,tools
5012,76.97,42.12,33.01,tools
5013,24.29,47.41,24.04,clothing
5014,90.61,25.86,9.02,medical
5015,47.1,37.62,38.51,food
5016,74.57,11.51,12.07,medical
5017,47.7,41.64,4.68,tools
5018,62.48,31.51,5.4,electronics
5019,23.34,41.47,35.06,tools
5020,22.7,7.26,6.2,electronics
5021,79.81,48.52,37.03,tools
5022,67.24,9.35,34.93,tools
5023,63.07,36.48,14.89,medical
5024,17.73,14.16,11.9,tools
5025,10.38,34.82,27.89,electronics
5026,14.47,11.54,11.56,food
5027,84.82,32.52,3.32,medical
5028,72.89,16.17,38.24,food
5029,18.7,14.58,38.13,tools
5030,60.8,37.03,19.51,medical
5031,98.38,43.41,23.4,food
5032,22.42,19.29,39.68,electronics
5033,80.38,10.09,1.55,food
5034,21.38,5.88,21.81,clothing
5035,9.9,10.43,15.92,medical
5036,14.43,19.69,2.96,tools
5037,19.18,20.57,28.08,food
5038,10.33,46.57,31.38,tools
5039,61.48,39.19,10.22,medical
5040,73.54,4.43,15.06,medical
5041,96.05,29.59,1.39,medical
5042,50.2,16.34,3.34,medical
5043,28.12,17.34,32.12,tools
5044,7.47,23.61,25.0,tools
5045,23.0,39.16,26.52,food
5046,20.22,6.35,22.08,medical
5047,58.81,37.42,19.43,tools
5048,67.23,25.29,8.24,tools
5049,81.41,13.44,34.94,electronics
5050,75.63,39.83,39.95,tools
5051,59.1,27.81,39.72,tools
5052,50.03,1.31,11.02,food
5053,43.67,49.18,6.64,food
5054,77.16,15.36,31.67,food
5055,22.45,8.07,26.27,tools
5056,18.69,9.87,36.54,electronics
5057,76.76,7.95,29.57,tools
5058,60.42,15.95,33.11,medical
5059,88.91,19.42,1.88,food
5060,44.96,31.65,13.32,food
5061,92.68,24.05,4.08,medical
5062,62.25,15.71,22.73,food
5063,30.68,17.9,27.99,clothing
5064,56.3,6.49,2.45,tools
5065,15.1,33.7,13.47,clothing
5066,60.24,42.24,7.66,medical
5067,56.35,20.83,30.54,electronics
5068,74.59,40.31,35.51,electronics
5069,50.5,21.97,35.27,clothing
5070,69.07,7.22,19.08,tools
5071,91.25,25.51,11.5,medical
5072,29.59,26.05,10.0,clothing
5073,97.76,48.86,5.27,tools
5074,51.62,31.37,23.12,tools
5075,46.53,3.14,16.74,clothing
5076,93.66,38.66,37.75,food
5077,42.34,48.14,25.39,food
5078,79.62,49.0,11.87,electronics
5079,53.44,14.25,37.84,tools
5080,52.9,6.75,23.39,clothing
5081,43.97,14.44,8.31,tools
5082,20.98,49.9,8.77,medical
5083,70.2,37.38,34.78,electronics
5084,90.75,1.07,9.12,food
5085,5.19,2.01,22.39,medical
5086,28.62,15.29,28.86,medical
5087,48.08,30.09,24.88,tools
5088,54.04,29.02,31.35,tools
5089,16.53,6.84,32.13,tools
5090,60.07,42.94,4.6,clothing
5091,76.53,31.76,33.0,food
5092,70.12,10.88,18.81,clothing
5093,68.96,47.31,23.51,medical
5094,75.3,31.27,16.14,clothing
5095,80.54,17.51,22.19,tools
5096,94.57,43.46,22.36,medical
5097,100.0,20.04,2.58,tools
5098,92.53,40.98,38.93,clothing
5099,31.35,11.74,17.95,tools
5100,73.69,12.97,18.38,tools
5101,54.72,5.17,4.61,clothing
5102,57.75,19.1,11.11,clothing
5103,18.44,29.09,32.39,food
5104,97.41,10.27,11.13,tools
5105,11.5,10.97,30.74,electronics
5106,44.22,2.47,13.54,clothing
5107,62.68,13.27,23.7,electronics
5108,87.01,22.17,6.78,tools
5109,14.07,27.98,11.41,tools
5110,81.96,35.61,22.02,tools
5111,70.43,8.46,6.37,food
5112,53.77,30.23,30.92,tools
5113,19.18,44.64,6.49,clothing
5114,37.93,44.47,20.38,electronics
5115,90.96,23.91,31.8,electronics
5116,65.53,10.44,13.15,food
5117,37.72,23.27,1.33,tools
5118,20.15,5.64,31.09,food
5119,57.41,17.27,22.41,medical
5120,94.14,31.79,31.67,electronics
5121,37.87,1.88,26.96,medical
5122,15.87,2.55,19.12,food
5123,25.81,13.96,16.93,tools
5124,13.1,28.52,21.37,medical
5125,13.23,5.4,35.28,food
5126,24.05,45.3,23.14,medical
5127,11.52,5.39,2.15,electronics
5128,94.92,36.05,1.45,medical
5129,46.35,16.93,38.27,electronics
5130,34.65,36.54,38.86,electronics
5131,67.23,44.8,39.16,medical
5132,98.82,42.75,12.69,tools
5133,15.17,5.32,10.23,electronics
5134,52.43,37.43,25.41,food
5135,96.58,16.15,33.97,electronics
5136,27.31,28.36,17.45,medical
5137,99.92,27.2,7.36,electronics
5138,76.9,37.72,5.92,medical
5139,68.48,9.98,18.67,tools
5140,53.39,42.52,28.44,medical
5141,93.82,46.66,31.54,food
5142,86.31,14.53,3.99,clothing
5143,88.54,44.31,16.94,clothing
5144,46.99,42.96,11.51,clothing
5145,32.88,23.89,4.14,food
5146,59.93,32.32,15.1,tools
5147,44.21,46.7,32.44,electronics
5148,52.56,24.69,12.75,food
5149,16.93,16.35,11.6,food
5150,34.22,16.05,17.35,medical
5151,57.03,47.43,6.88,electronics
5152,80.11,22.21,10.86,electronics
5153,20.54,13.58,31.64,tools
5154,97.14,33.34,11.78,electronics
5155,66.07,5.31,5.83,clothing
5156,51.84,10.58,22.47,clothing
5157,18.94,13.2,34.43,medical
5158,27.18,12.04,27.41,electronics
5159,52.54,43.34,32.45,tools
5160,55.18,14.58,32.25,clothing
5161,7.2,20.85,11.13,tools
5162,38.0,5.82,4.93,tools
5163,22.27,8.89,35.25,electronics
5164,23.63,37.74,4.21,food
5165,28.48,2.44,28.62,tools
5166,34.54,37.45,21.59,tools
5167,83.26,12.75,6.55,clothing
5168,41.58,49.39,8.9,tools
5169,99.95,10.88,24.19,clothing
5170,83.67,31.52,36.58,tools
5171,12.62,40.57,2.26,tools
5172,24.94,46.03,19.52,tools
5173,27.87,37.76,20.36,tools
5174,61.02,23.87,26.44,medical
5175,9.33,37.71,35.5,medical
5176,88.99,8.62,39.52,electronics
5177,69.96,31.23,30.3,tools
5178,73.57,13.66,23.69,electronics
5179,85.31,32.17,33.04,electronics
5180,87.4,46.14,25.52,tools
5181,24.57,22.44,9.71,clothing
5182,20.74,6.85,19.43,food
5183,58.02,34.12,33.65,clothing
5184,75.74,24.11,31.4,clothing
5185,77.24,36.04,19.25,medical
5186,15.05,2.35,27.92,tools
5187,79.02,24.03,33.56,food
5188,89.91,34.17,35.29,clothing
5189,65.21,19.83,19.76,tools
5190,55.87,24.77,33.66,tools
5191,47.5,21.54,34.67,tools
5192,22.3,15.05,1.58,clothing
5193,39.8,18.24,34.82,clothing
5194,7.99,9.32,11.02,electronics
5195,23.44,38.63,9.32,medical
5196,96.58,8.95,33.15,medical
5197,60.58,39.68,15.99,medical
5198,57.39,42.5,11.12,medical
5199,6.89,40.24,27.61,electronics
5200,11.3,31.37,5.62,clothing
5201,85.72,45.81,15.22,food
5202,13.5,3.69,5.5,medical
5203,89.99,41.35,16.15,tools
5204,50.63,1.47,8.71,tools
5205,98.03,47.79,26.3,electronics
5206,89.81,8.67,34.09,tools
5207,63.9,43.42,23.54,electronics
5208,56.47,15.35,3.57,tools
5209,5.97,45.73,29.81,clothing
5210,81.89,4.66,1.6,food
5211,9.45,5.95,36.55,medical
5212,50.25,18.87,32.49,clothing
5213,98.97,35.22,16.77,food
5214,26.95,43.52,24.96,electronics
5215,27.1,27.95,4.65,electronics
5216,6.62,6.81,30.68,medical
5217,44.96,38.67,7.06,clothing
5218,82.92,29.68,17.55,tools
5219,35.41,13.09,14.14,tools
5220,18.0,38.75,36.33,medical
5221,36.3,5.83,10.13,electronics
5222,77.68,25.39,4.84,electronics
5223,29.66,19.44,37.62,tools
5224,77.43,40.79,19.01,food
5225,74.76,1.92,12.53,electronics
5226,46.34,37.17,39.64,electronics
5227,45.17,23.67,6.51,electronics
5228,11.14,5.99,18.97,tools
5229,83.56,23.73,15.1,electronics
5230,76.7,24.55,39.8,food
5231,50.71,36.41,9.44,medical
5232,35.21,48.96,21.67,food
5233,89.42,15.53,3.84,electronics
5234,52.81,16.89,18.9,food
5235,41.42,8.94,7.74,electronics
5236,78.2,20.33,21.6,food
5237,89.88,10.11,21.13,electronics
5238,99.72,22.99,17.72,food
5239,5.98,32.98,15.71,food
5240,18.66,47.33,34.53,food
5241,94.59,11.2,22.39,medical
5242,50.21,34.89,14.97,food
5243,25.7,26.92,29.16,medical
5244,62.7,20.92,27.2,tools
5245,80.75,26.33,37.51,medical
5246,61.18,12.45,3.24,electronics
5247,79.12,39.09,11.13,electronics
5248,79.88,34.68,37.8,clothing
5249,78.34,24.24,23.53,tools
5250,95.91,17.04,34.3,medical
5251,95.4,39.05,13.26,electronics
5252,44.09,3.83,19.47,clothing
5253,88.77,25.49,14.22,electronics
5254,20.08,42.68,23.88,tools
5255,27.92,39.28,11.13,food
5256,50.3,43.16,30.23,food
5257,48.27,11.11,3.33,food
5258,21.67,32.53,19.8,tools
5259,77.35,41.96,33.38,medical
5260,45.46,6.91,20.18,medical
5261,20.62,39.19,7.15,clothing
5262,40.34,15.16,33.65,medical
5263,59.83,12.4,15.62,tools
5264,84.38,47.81,1.31,clothing
5265,86.37,9.78,2.15,food
5266,75.95,49.75,39.37,clothing
5267,6.32,49.85,35.73,food
5268,69.47,14.16,33.32,tools
5269,45.12,2.24,3.79,medical
5270,88.94,38.21,36.94,tools
5271,43.01,10.51,35.6,tools
5272,89.38,34.58,37.71,electronics
5273,60.41,11.23,17.12,medical
5274,22.44,45.92,15.69,food
5275,86.02,43.29,18.18,clothing
5276,31.47,22.74,39.18,clothing
5277,5.51,11.89,22.95,medical
5278,76.84,16.93,3.37,electronics
5279,63.5,31.02,39.48,electronics
5280,15.33,30.58,29.79,food
5281,17.09,35.34,39.66,medical
5282,22.12,43.2,7.24,clothing
5283,16.2,19.99,14.57,tools
5284,33.35,38.85,32.87,tools
5285,16.92,22.09,17.37,medical
5286,66.36,41.38,18.69,food
5287,57.53,15.88,39.11,clothing
5288,51.48,31.55,25.44,electronics
5289,7.22,36.42,20.72,clothing
5290,46.31,40.99,17.33,medical
5291,99.4,37.92,34.01,tools
5292,21.12,27.74,26.94,tools
5293,58.68,42.28,7.7,tools
5294,20.76,38.81,36.26,electronics
5295,88.8,12.67,2.27,electronics
5296,56.51,45.78,23.81,food
5297,90.38,18.08,8.5,food
5298,21.46,47.91,10.54,tools
5299,8.87,40.67,36.33,electronics
5300,37.68,48.7,5.43,food
5301,98.98,14.9,32.05,tools
5302,26.47,20.84,20.67,clothing
5303,81.81,14.96,31.55,clothing
5304,23.4,39.01,8.52,food
5305,32.98,13.07,36.85,clothing
5306,45.54,1.35,21.96,electronics
5307,58.61,37.28,39.99,food
5308,16.63,41.75,31.76,electronics
5309,13.59,44.11,3.24,electronics
5310,76.38,20.25,36.4,clothing
5311,62.11,7.56,3.2,food
5312,28.06,25.32,8.73,medical
5313,48.68,29.81,11.84,tools
5314,91.11,19.81,24.22,electronics
5315,65.89,28.75,36.17,electronics
5316,64.1,40.04,23.85,food
5317,42.57,4.72,9.93,medical
5318,40.38,36.4,6.0,medical
5319,86.22,14.43,13.42,clothing
5320,64.81,20.53,15.94,food
5321,71.62,44.63,17.6,medical
5322,81.82,12.2,1.18,clothing
5323,20.04,37.35,21.79,electronics
5324,34.96,7.73,3.38,food
5325,71.99,4.08,27.95,electronics
5326,38.69,16.57,11.57,food
5327,14.53,32.35,12.68,tools
5328,54.16,22.64,36.78,medical
5329,65.58,13.79,24.61,food
5330,40.56,37.32,34.54,food
5331,97.22,25.58,10.21,electronics
5332,64.69,34.09,28.32,clothing
5333,80.17,29.94,29.7,tools
5334,33.74,27.59,20.21,medical
5335,51.81,19.73,23.41,food
5336,88.66,38.12,23.97,clothing
5337,45.85,5.67,35.03,tools
5338,20.76,23.9,22.17,electronics
5339,96.2,14.47,35.45,electronics
5340,65.47,39.49,15.01,clothing
5341,55.39,41.65,22.12,electronics
5342,71.45,35.82,19.64,medical
5343,79.91,1.88,20.81,medical
5344,50.81,33.26,31.38,electronics
5345,33.99,11.62,31.43,electronics
5346,75.03,4.93,23.84,food
5347,57.77,9.46,34.91,tools
5348,76.72,27.13,14.75,medical
5349,20.96,44.26,12.7,food
5350,57.48,10.25,30.66,food
5351,66.38,5.44,37.88,food
5352,28.34,14.4,12.21,clothing
5353,21.63,1.56,1.52,medical
5354,42.47,41.74,18.29,food
5355,43.94,1.01,36.82,electronics
5356,83.66,3.58,23.65,medical
5357,23.45,4.27,33.6,tools
5358,6.78,12.35,3.92,tools
5359,59.62,13.03,30.76,clothing
5360,63.82,7.59,12.62,medical
5361,13.9,47.53,9.67,tools
5362,71.01,21.57,1.83,clothing
5363,18.64,24.81,2.45,medical
5364,31.69,6.43,27.72,medical
5365,83.94,3.69,39.05,food
5366,42.14,11.7,21.5,electronics
5367,5.98,29.05,9.9,food
5368,23.99,21.76,18.34,medical
5369,67.61,43.01,27.26,food
5370,98.39,44.42,31.67,tools
5371,6.18,46.91,25.07,electronics
5372,72.69,48.28,12.69,food
5373,72.96,20.07,11.76,electronics
5374,16.05,37.69,18.93,medical
5375,49.64,44.84,21.41,medical
5376,95.35,44.82,30.33,medical
5377,86.57,11.21,10.79,electronics
5378,22.11,48.76,32.93,medical
5379,81.84,24.2,34.48,tools
5380,53.6,22.63,39.92,medical
5381,63.87,28.67,7.72,food
5382,8.91,9.27,22.85,medical
5383,34.23,38.8,4.03,medical
5384,20.98,14.16,17.71,electronics
5385,80.63,25.55,16.16,electronics
5386,47.62,38.28,1.42,electronics
5387,88.04,38.86,15.42,food
5388,40.96,38.29,17.3,clothing
5389,8.94,34.72,7.75,clothing
5390,46.22,35.6,3.47,tools
5391,98.03,1.16,14.22,clothing
5392,88.07,31.67,13.21,electronics
5393,21.57,20.15,11.86,electronics
5394,79.12,30.57,33.57,tools
5395,60.25,11.8,21.81,electronics
5396,68.84,3.45,20.06,medical
5397,75.02,15.39,18.77,clothing
5398,29.88,11.4,3.0,medical
5399,12.82,37.87,33.89,electronics
5400,88.45,13.56,17.15,medical
5401,17.48,43.97,30.45,medical
5402,57.58,40.65,38.62,tools
5403,39.94,15.55,28.07,clothing
5404,40.41,26.36,24.75,tools
5405,94.15,8.31,19.54,food
5406,59.8,6.39,31.31,electronics
5407,36.78,35.18,26.34,clothing
5408,41.58,15.21,10.21,medical
5409,76.53,21.99,14.16,tools
5410,26.65,13.15,11.41,medical
5411,61.25,13.04,2.05,medical
5412,66.24,33.63,1.87,medical
5413,49.75,39.78,36.29,clothing
5414,93.64,9.97,8.15,medical
5415,89.35,24.29,23.41,electronics
5416,78.73,31.1,31.07,medical
5417,53.27,25.85,13.83,clothing
5418,77.19,34.14,32.53,tools
5419,41.79,37.82,23.33,food
5420,33.94,40.85,28.16,clothing
5421,87.5,25.68,19.78,medical
5422,7.29,42.35,32.15,electronics
5423,85.58,42.35,25.84,clothing
5424,18.11,41.59,28.08,tools
5425,29.92,42.97,17.48,tools
5426,56.78,20.67,29.21,tools
5427,43.68,11.09,33.72,tools
5428,43.21,8.98,37.31,tools
5429,50.08,47.23,23.63,food
5430,77.84,25.94,25.01,clothing
5431,82.56,46.59,20.13,clothing
5432,19.62,35.42,38.67,food
5433,78.4,12.44,4.53,tools
5434,55.72,41.3,13.01,electronics
5435,21.3,29.78,7.15,food
5436,73.21,29.98,27.79,food
5437,97.39,5.27,31.07,electronics
5438,33.74,49.49,24.46,tools
5439,15.73,18.58,23.06,medical
5440,47.72,49.7,24.35,tools
5441,63.61,41.16,18.13,tools
5442,39.95,49.82,21.69,electronics
5443,27.04,45.71,29.96,electronics
5444,67.58,13.02,3.12,food
5445,79.37,34.99,33.06,tools
5446,49.26,27.4,17.16,clothing
5447,86.7,1.27,25.73,electronics
5448,68.02,34.21,14.41,clothing
5449,60.09,38.02,36.21,tools
5450,14.78,32.87,10.85,clothing
5451,92.5,33.25,36.15,clothing
5452,13.85,1.07,37.64,tools
5453,15.87,3.67,24.36,food
5454,44.17,15.62,18.4,tools
5455,24.34,26.15,22.04,clothing
5456,65.86,43.44,34.5,medical
5457,20.14,8.36,7.46,medical
5458,57.28,32.91,31.05,electronics
5459,85.03,16.99,37.91,tools
5460,48.48,26.3,26.73,electronics
5461,95.38,10.01,26.23,electronics
5462,13.44,21.53,1.09,clothing
5463,70.12,36.24,35.5,medical
5464,86.57,9.4,19.42,medical
5465,17.58,28.32,21.68,tools
5466,27.81,6.88,3.22,food
5467,99.46,21.64,27.23,electronics
5468,31.66,11.7,32.32,medical
5469,64.87,10.01,10.87,clothing
5470,69.64,43.88,36.1,tools
5471,21.97,37.05,12.51,food
5472,33.33,33.22,15.58,medical
5473,61.68,29.69,37.61,food
5474,95.9,23.47,10.7,food
5475,57.38,14.05,18.6,tools
5476,28.74,19.46,30.68,tools
5477,17.53,37.96,10.45,electronics
5478,17.63,38.48,27.9,tools
5479,38.43,11.89,30.8,electronics
5480,52.62,4.88,21.78,medical
5481,80.03,39.17,11.86,tools
5482,97.24,43.81,33.26,electronics
5483,84.84,45.04,22.32,tools
5484,38.47,36.13,18.62,medical
5485,28.63,19.1,37.62,medical
5486,44.06,49.95,38.47,food
5487,45.65,19.68,32.47,clothing
5488,78.67,48.54,16.9,clothing
5489,12.0,19.27,13.11,medical
5490,96.94,42.91,27.0,food
5491,17.81,3.47,11.01,clothing
5492,54.82,10.04,38.49,clothing
5493,63.89,1.54,17.26,tools
5494,96.82,47.48,23.2,medical
5495,21.81,44.73,15.7,clothing
5496,91.32,47.45,26.63,food
5497,60.86,37.12,31.85,clothing
5498,28.56,16.71,22.56,medical
5499,87.19,20.59,21.08,medical
5500,47.84,10.18,36.74,medical
5501,6.17,6.95,10.94,food
5502,9.64,47.43,32.49,clothing
5503,82.24,5.69,8.81,clothing
5504,75.87,48.83,24.38,food
5505,99.15,20.72,2.14,tools
5506,32.51,3.43,39.18,medical
5507,93.34,8.19,25.06,tools
5508,95.88,15.94,26.43,food
5509,86.03,43.67,29.51,clothing
5510,11.72,15.73,1.65,clothing
5511,82.1,25.29,6.94,clothing
5512,49.66,2.63,24.9,medical
5513,66.22,41.81,15.97,food
5514,75.52,33.69,28.19,electronics
5515,91.32,17.15,38.82,food
5516,10.28,9.95,14.14,food
5517,7.94,46.69,39.74,medical
5518,62.82,40.22,25.27,electronics
5519,58.08,31.4,5.88,clothing
5520,94.32,41.54,22.26,tools
5521,66.66,43.01,16.69,food
5522,88.54,5.17,26.7,food
5523,64.66,1.14,25.01,medical
5524,14.55,26.78,23.3,medical
5525,19.53,38.46,36.7,electronics
5526,85.71,1.33,10.67,electronics
5527,51.62,6.91,7.37,food
5528,96.61,33.18,19.8,clothing
5529,35.0,20.83,1.5,medical
5530,51.57,10.63,7.61,medical
5531,99.11,18.13,9.8,tools
5532,76.97,38.33,7.99,tools
5533,18.93,17.34,25.26,clothing
5534,61.77,4.48,8.73,medical
5535,23.37,23.52,8.41,food
5536,81.98,42.74,13.11,medical
5537,32.23,30.84,31.41,medical
5538,45.97,22.75,38.39,medical
5539,87.27,38.95,13.29,tools
5540,92.69,44.36,27.98,medical
5541,44.29,4.73,30.53,tools
5542,79.71,31.86,39.12,clothing
5543,86.07,48.77,4.5,food
5544,96.3,9.16,21.99,electronics
5545,12.45,18.23,8.51,electronics
5546,8.52,40.88,22.78,electronics
5547,53.34,17.87,22.24,tools
5548,74.25,40.58,13.52,medical
5549,29.75,36.2,25.15,electronics
5550,28.64,33.65,36.95,tools
5551,66.43,41.24,1.11,electronics
5552,6.07,13.05,33.33,tools
5553,73.1,16.63,13.16,clothing
5554,31.25,1.9,30.68,clothing
5555,92.7,35.88,6.83,tools
5556,81.41,2.18,9.15,medical
5557,42.4,8.86,37.65,tools
5558,27.66,19.22,33.01,clothing
5559,42.94,47.48,25.51,tools
5560,67.71,27.17,1.49,medical
5561,35.56,30.8,14.18,medical
5562,31.84,22.43,24.41,food
5563,73.63,17.78,17.28,food
5564,10.27,10.3,39.43,electronics
5565,30.05,2.01,36.41,tools
5566,77.4,42.18,20.01,clothing
5567,73.38,30.65,19.84,tools
5568,61.68,3.01,27.5,tools
5569,61.95,31.14,22.09,electronics
5570,87.24,4.86,8.79,food
5571,82.02,19.55,4.75,clothing
5572,31.19,17.59,2.83,food
5573,81.03,12.81,26.67,tools
5574,61.43,20.76,12.52,medical
5575,80.88,33.94,7.2,tools
5576,34.79,30.43,19.34,tools
5577,50.22,47.65,15.17,electronics
5578,33.15,36.59,38.38,tools
5579,87.04,34.27,27.48,food
5580,92.26,44.87,4.12,tools
5581,32.48,37.55,33.09,clothing
5582,37.2,12.95,11.62,medical
5583,81.37,49.89,6.16,medical
5584,22.08,17.01,30.6,medical
5585,92.67,18.8,39.07,food
5586,76.16,4.61,21.85,tools
5587,17.33,24.82,22.67,medical
5588,5.56,45.44,21.16,tools
5589,36.41,40.82,16.34,tools
5590,42.64,12.7,33.34,electronics
5591,9.18,36.82,35.6,tools
5592,66.46,22.02,33.66,clothing
5593,56.78,6.91,34.52,clothing
5594,9.16,6.8,7.43,food
5595,65.71,8.01,6.27,clothing
5596,29.92,8.75,8.8,medical
5597,76.91,28.85,28.15,electronics
5598,26.97,6.49,26.32,food
5599,97.07,3.04,25.31,clothing
5600,45.89,7.52,38.71,electronics
5601,92.14,47.43,37.44,electronics
5602,29.49,14.39,25.58,food
5603,9.17,15.01,22.72,clothing
5604,31.74,14.98,13.85,clothing
5605,13.6,28.31,25.59,tools
5606,73.24,30.17,14.57,electronics
5607,55.29,14.89,33.72,electronics
5608,77.4,20.51,16.84,food
5609,61.73,34.61,6.83,medical
5610,63.57,3.56,28.28,medical
5611,6.15,48.51,16.93,medical
5612,84.83,16.17,17.5,medical
5613,6.0,23.0,25.97,medical
5614,90.67,20.9,6.11,electronics
5615,80.98,4.08,20.65,tools
5616,11.75,47.79,27.55,tools
5617,46.92,34.29,25.76,tools
5618,45.2,40.64,13.33,tools
5619,37.95,22.56,3.41,food
5620,22.03,15.81,9.16,clothing
5621,36.01,22.67,11.35,medical
5622,97.02,36.86,15.25,tools
5623,69.6,16.67,37.62,medical
5624,60.43,16.65,18.95,clothing
5625,93.69,4.92,26.08,clothing
5626,65.54,27.04,17.95,electronics
5627,85.52,20.83,9.38,electronics
5628,41.89,7.03,10.17,electronics
5629,72.78,25.25,25.46,clothing
5630,48.7,27.8,1.27,medical
5631,9.67,10.1,10.47,medical
5632,85.52,40.26,4.46,electronics
5633,28.21,1.29,26.05,clothing
5634,22.63,2.25,15.04,medical
5635,27.98,10.29,32.88,clothing
5636,71.37,11.42,27.62,food
5637,58.72,43.17,12.27,tools
5638,22.67,28.47,6.2,food
5639,77.49,40.96,37.46,medical
5640,40.73,43.11,26.46,electronics
5641,20.71,24.2,10.23,food
5642,26.26,27.21,14.19,food
5643,9.44,12.68,8.11,clothing
5644,13.92,34.75,1.01,medical
5645,63.6,12.17,32.14,clothing
5646,31.5,7.78,38.5,medical
5647,67.69,30.63,21.49,clothing
5648,5.86,33.96,13.92,electronics
5649,86.89,17.08,11.48,electronics
5650,17.05,20.06,36.68,medical
5651,35.74,28.85,24.76,tools
5652,24.17,48.01,5.85,tools
5653,73.08,20.27,12.09,food
5654,25.28,8.58,31.16,medical
5655,99.33,36.51,6.87,food
5656,51.81,23.9,9.52,tools
5657,44.35,36.57,28.29,tools
5658,95.72,20.69,12.65,medical
5659,7.69,40.33,1.13,clothing
5660,39.34,12.66,32.11,electronics
5661,63.36,9.3,20.63,electronics
5662,17.85,15.1,29.39,tools
5663,65.83,39.76,12.6,tools
5664,17.57,25.31,1.72,medical
5665,49.96,38.17,20.75,medical
5666,48.08,7.75,23.2,tools
5667,84.98,22.06,7.24,tools
5668,28.29,20.84,32.39,electronics
5669,65.26,39.9,37.81,electronics
5670,94.86,36.72,12.03,medical
5671,30.39,30.16,26.18,food
5672,14.93,46.34,39.26,clothing
5673,69.54,37.68,33.71,electronics
5674,85.0,30.31,4.02,clothing
5675,91.82,25.8,2.34,clothing
5676,89.43,40.88,1.55,electronics
5677,61.74,40.22,9.09,medical
5678,78.63,22.39,9.44,food
5679,75.8,48.79,11.03,medical
5680,14.64,5.94,29.03,clothing
5681,71.87,44.15,32.42,tools
5682,67.75,45.6,13.85,electronics
5683,58.43,17.63,10.81,tools
5684,71.48,9.94,18.57,food
5685,18.06,10.46,24.07,clothing
5686,71.8,15.91,20.41,food
5687,83.54,46.53,7.3,medical
5688,72.94,37.58,28.15,tools
5689,85.49,38.94,21.53,food
5690,24.48,26.77,22.3,medical
5691,10.49,33.21,38.93,electronics
5692,11.4,26.59,15.99,tools
5693,98.81,10.8,29.21,clothing
5694,66.03,20.64,19.23,clothing
5695,61.95,48.65,38.77,medical
5696,7.33,34.29,21.1,medical
5697,64.24,28.8,32.07,food
5698,88.94,27.54,38.87,clothing
5699,86.52,22.79,8.85,tools
5700,9.82,27.61,23.38,food
5701,44.63,19.83,6.16,tools
5702,44.78,18.46,13.43,medical
5703,70.02,20.91,11.83,medical
5704,68.22,26.61,16.55,electronics
5705,76.4,18.57,20.25,tools
5706,99.16,9.44,19.34,electronics
5707,5.54,3.56,21.43,electronics
5708,54.5,40.66,32.53,food
5709,32.66,3.82,3.78,medical
5710,38.53,16.93,7.0,electronics
5711,86.85,13.74,31.02,clothing
5712,63.1,46.71,1.19,food
5713,24.15,20.92,21.84,medical
5714,6.61,39.0,33.62,medical
5715,87.39,36.78,18.65,food
5716,43.78,3.23,25.27,electronics
5717,19.62,11.4,26.08,tools
5718,21.47,40.07,13.98,tools
5719,56.35,37.06,9.71,clothing
5720,78.8,14.62,3.7,electronics
5721,68.46,1.59,31.04,tools
5722,83.25,24.31,19.91,clothing
5723,88.38,7.61,11.64,food
5724,57.75,6.37,15.14,clothing
5725,30.68,1.65,13.39,tools
5726,49.08,18.34,31.03,medical
5727,33.42,25.96,39.36,clothing
5728,35.58,32.37,38.18,clothing
5729,28.87,1.92,14.13,clothing
5730,9.29,33.24,17.86,food
5731,73.14,13.3,6.74,tools
5732,81.14,48.5,14.8,clothing
5733,62.04,38.37,13.95,electronics
5734,63.0,43.68,19.28,electronics
5735,19.59,12.14,22.98,medical
5736,68.17,24.09,21.77,medical
5737,39.44,18.9,38.0,electronics
5738,11.34,45.07,29.77,clothing
5739,73.56,10.87,20.53,food
5740,84.71,16.68,26.01,medical
5741,71.15,40.49,11.78,clothing
5742,44.93,12.99,30.89,food
5743,97.25,22.04,29.74,electronics
5744,73.64,19.46,25.29,electronics
5745,20.75,21.58,19.74,clothing
5746,24.93,42.62,18.29,tools
5747,41.48,9.91,24.02,tools
5748,40.3,49.1,21.66,tools
5749,49.53,25.53,12.5,food
5750,89.2,41.34,33.05,clothing
5751,34.68,31.52,24.16,tools
5752,93.69,46.46,10.19,medical
5753,73.87,11.78,19.48,medical
5754,64.34,47.35,2.05,food
5755,88.97,12.17,27.49,clothing
5756,10.38,35.71,32.07,medical
5757,35.05,14.36,32.18,clothing
5758,64.63,22.95,27.17,clothing
5759,31.65,23.83,18.42,electronics
5760,71.81,4.46,31.85,medical
5761,52.16,16.38,24.14,tools
5762,98.94,44.05,22.24,clothing
5763,70.12,42.31,30.21,medical
5764,53.85,18.28,3.53,medical
5765,62.24,28.33,12.8,clothing
5766,98.82,38.34,25.46,food
5767,43.47,27.95,20.72,clothing
5768,53.61,21.14,21.48,food
5769,96.15,34.58,16.55,food
5770,27.59,20.56,5.24,tools
5771,93.89,39.53,24.5,electronics
5772,75.13,27.81,32.48,tools
5773,19.7,28.79,31.78,clothing
5774,66.14,42.52,31.58,tools
5775,53.52,7.56,32.53,medical
5776,5.67,20.69,28.9,clothing
5777,8.48,6.8,18.73,food
5778,25.85,39.19,23.99,food
5779,41.82,30.73,10.01,electronics
5780,91.0,26.06,37.26,medical
5781,67.83,30.77,18.71,tools
5782,28.05,16.49,17.41,electronics
5783,48.72,31.09,34.63,food
5784,99.67,10.36,14.82,medical
5785,6.26,24.86,10.21,tools
5786,77.76,42.15,26.67,food
5787,14.51,17.13,25.65,electronics
5788,46.8,45.35,14.94,tools
5789,54.86,31.28,27.34,food
5790,54.07,35.83,11.93,tools
5791,34.56,49.11,21.96,tools
5792,97.33,16.26,13.03,medical
5793,95.34,32.92,28.36,food
5794,93.94,48.91,31.94,tools
5795,23.85,27.25,18.31,electronics
5796,64.64,20.28,37.44,clothing
5797,62.17,37.44,23.73,medical
5798,88.44,23.07,18.41,tools
5799,88.0,7.96,25.91,electronics
5800,81.41,31.75,14.93,clothing
5801,32.73,21.19,19.45,electronics
5802,7.35,38.3,10.04,medical
5803,73.93,21.94,12.63,tools
5804,11.31,11.68,6.25,electronics
5805,50.58,38.16,20.74,food
5806,87.52,18.4,37.85,electronics
5807,48.04,45.93,24.46,food
5808,67.94,12.44,20.85,clothing
5809,78.53,11.21,2.47,clothing
5810,83.84,17.24,15.36,electronics
5811,66.04,49.8,9.84,food
5812,33.51,19.42,39.71,electronics
5813,11.55,18.0,29.82,clothing
5814,28.51,22.21,16.17,medical
5815,91.49,15.69,31.99,medical
5816,72.36,20.05,29.36,electronics
5817,75.59,29.04,22.25,tools
5818,92.55,24.87,29.89,clothing
5819,15.92,4.12,1.11,tools
5820,95.09,44.98,4.0,tools
5821,43.43,28.04,26.18,electronics
5822,89.67,5.85,31.72,electronics
5823,84.59,33.71,16.08,tools
5824,72.0,13.5,22.94,medical
5825,82.03,15.1,29.7,food
5826,61.19,36.23,5.89,medical
5827,32.42,32.21,10.41,food
5828,78.21,2.4,6.91,electronics
5829,97.08,37.71,23.43,clothing
5830,41.52,41.14,5.55,food
5831,44.48,23.17,5.8,medical
5832,99.05,21.28,38.15,tools
5833,18.26,16.36,16.37,food
5834,31.4,40.75,36.95,food
5835,80.38,42.08,6.21,food
5836,30.52,29.83,2.55,food
5837,73.89,48.63,22.6,medical
5838,51.38,31.24,1.63,medical
5839,87.1,31.1,13.77,electronics
5840,31.23,20.78,11.7,tools
5841,63.59,11.35,31.3,electronics
5842,10.95,15.9,16.42,electronics
5843,46.26,16.05,34.87,medical
5844,82.29,6.39,15.97,medical
5845,76.4,19.6,3.59,clothing
5846,79.32,18.48,36.28,medical
5847,89.89,32.05,14.88,food
5848,65.74,24.81,18.11,electronics
5849,82.13,15.63,2.75,food
5850,93.09,48.47,36.85,clothing
5851,35.72,48.67,29.98,electronics
5852,37.61,36.7,39.17,electronics
5853,79.05,46.34,10.98,clothing
5854,42.94,7.89,21.8,clothing
5855,26.73,1.04,19.28,food
5856,95.89,4.24,37.08,electronics
5857,40.91,37.21,4.26,medical
5858,32.78,41.64,6.8,tools
5859,15.87,35.14,23.95,clothing
5860,54.12,29.89,13.36,tools
5861,17.73,34.72,12.29,clothing
5862,35.61,12.95,20.33,medical
5863,45.37,26.18,3.02,clothing
5864,81.42,25.6,3.33,clothing
5865,50.64,12.92,13.17,clothing
5866,13.01,5.51,3.53,food
5867,46.15,27.21,7.66,tools
5868,94.8,1.72,32.14,tools
5869,57.14,5.77,24.99,medical
5870,64.93,16.68,12.75,electronics
5871,77.29,42.11,16.86,clothing
5872,66.91,1.11,34.69,clothing
5873,67.37,12.98,32.54,tools
5874,40.37,13.9,28.56,food
5875,6.16,2.63,8.2,tools
5876,22.58,25.61,35.1,electronics
5877,91.45,1.92,13.73,food
5878,20.98,37.3,4.74,food
5879,7.59,21.03,2.43,electronics
5880,12.16,16.67,23.96,food
5881,6.81,49.17,16.67,food
5882,24.55,37.27,6.49,food
5883,86.02,14.62,2.23,electronics
5884,27.05,48.89,6.09,food
5885,9.48,19.51,26.55,tools
5886,96.28,37.22,30.54,tools
5887,15.82,11.18,21.83,food
5888,26.24,5.95,9.89,food
5889,39.54,26.33,38.26,tools
5890,80.68,8.76,29.58,electronics
5891,36.88,43.14,27.49,electronics
5892,16.99,15.91,20.52,electronics
5893,78.39,15.6,18.27,tools
5894,21.46,29.6,17.77,food
5895,30.42,37.53,29.46,clothing
5896,95.32,13.13,30.26,medical
5897,64.38,43.48,10.46,clothing
5898,57.26,31.63,7.92,medical
5899,83.89,18.45,33.56,tools
5900,36.79,9.7,15.96,medical
5901,40.24,17.29,34.04,electronics
5902,51.35,44.96,38.46,electronics
5903,79.82,43.74,20.92,clothing
5904,92.03,21.41,5.1,medical
5905,79.36,19.1,10.72,clothing
5906,71.31,8.8,35.25,electronics
5907,92.76,20.3,29.07,food
5908,37.12,28.5,28.25,medical
5909,17.09,32.06,30.87,clothing
5910,89.38,37.65,7.01,food
5911,88.36,35.65,39.61,medical
5912,92.76,8.39,5.03,medical
5913,12.77,32.41,34.67,medical
5914,95.34,37.5,22.34,food
5915,35.78,11.41,26.71,medical
5916,57.11,25.51,17.74,clothing
5917,7.48,39.45,16.34,clothing
5918,18.98,28.71,24.02,food
5919,63.51,37.85,30.6,tools
5920,44.45,18.37,9.76,clothing
5921,12.91,20.29,31.48,food
5922,70.99,5.33,10.55,medical
5923,81.61,24.23,15.8,medical
5924,70.66,38.98,31.16,tools
5925,31.02,31.06,32.77,clothing
5926,90.86,1.94,35.95,medical
5927,74.53,29.12,5.6,tools
5928,98.01,20.51,8.66,electronics
5929,79.38,22.66,8.17,electronics
5930,84.64,37.68,39.67,food
5931,41.92,35.42,14.43,medical
5932,24.49,40.98,24.32,medical
5933,18.18,46.61,34.56,clothing
5934,64.91,15.73,9.39,clothing
5935,29.92,42.48,4.12,tools
5936,22.24,21.27,36.53,electronics
5937,58.88,5.33,16.99,tools
5938,44.11,44.56,9.74,electronics
5939,25.96,6.44,5.09,medical
5940,15.21,18.15,31.16,tools
5941,15.79,39.03,10.63,clothing
5942,30.85,29.67,30.7,tools
5943,23.5,12.35,38.91,food
5944,50.24,33.63,33.5,food
5945,95.91,14.41,31.99,electronics
5946,9.33,28.6,32.09,electronics
5947,13.42,4.04,3.78,medical
5948,51.89,11.61,3.88,electronics
5949,91.33,5.47,16.62,electronics
5950,59.94,35.81,26.85,tools
5951,78.31,3.33,13.15,food
5952,89.9,2.89,21.66,medical
5953,86.06,46.37,16.76,clothing
5954,99.93,37.65,3.82,clothing
5955,62.21,13.08,6.63,food
5956,29.49,44.87,37.45,electronics
5957,57.58,44.52,39.86,food
5958,35.33,4.66,3.39,medical
5959,58.72,33.89,19.94,clothing
5960,14.47,46.12,15.9,tools
5961,35.77,24.55,34.35,tools
5962,80.12,6.68,35.2,tools
5963,60.38,16.16,34.06,tools
5964,99.65,15.87,19.09,tools
5965,20.35,46.71,22.67,tools
5966,32.49,6.84,33.77,medical
5967,85.85,15.65,6.33,medical
5968,93.72,4.68,37.25,food
5969,97.13,24.35,20.89,medical
5970,41.15,43.15,8.31,tools
5971,27.69,39.64,4.11,medical
5972,33.66,48.56,26.65,medical
5973,16.6,29.3,12.16,food
5974,65.93,6.83,12.07,tools
5975,12.23,12.64,36.88,food
5976,36.49,21.14,26.87,food
5977,41.91,20.92,10.88,electronics
5978,37.03,49.92,7.84,medical
5979,75.26,44.78,1.08,electronics
5980,31.88,36.31,3.54,medical
5981,60.46,30.26,24.93,clothing
5982,54.94,45.58,17.61,clothing
5983,31.82,28.94,38.04,food
5984,98.21,2.5,5.13,electronics
5985,46.11,18.05,26.87,medical
5986,24.78,18.84,20.69,food
5987,85.92,10.03,25.89,tools
5988,48.29,20.1,6.2,electronics
5989,43.48,2.27,15.93,tools
5990,50.26,33.5,4.24,electronics
5991,15.57,11.9,39.49,medical
5992,53.38,47.83,17.42,food
5993,29.76,39.59,20.97,tools
5994,88.31,1.17,25.89,medical
5995,43.87,30.38,27.22,tools
5996,51.16,27.28,1.3,medical
5997,21.01,25.57,5.34,electronics
5998,87.67,33.32,6.46,food
5999,57.46,9.87,22.69,electronics
6000,6.25,14.61,13.74,food
6001,54.97,18.54,24.63,clothing
6002,33.23,1.06,4.6,clothing
6003,30.46,30.66,5.52,electronics
6004,89.54,5.99,5.5,food
6005,37.97,2.46,34.27,electronics
6006,23.45,48.39,37.8,food
6007,20.65,32.51,24.09,tools
6008,80.2,22.4,5.59,electronics
6009,95.87,28.27,2.6,medical
6010,54.8,2.43,37.14,tools
6011,85.89,2.16,12.7,clothing
6012,32.33,43.47,37.79,food
6013,33.62,31.05,34.99,food
6014,79.73,26.02,36.35,electronics
6015,32.35,28.23,32.19,electronics
6016,74.61,31.81,22.47,food
6017,13.08,25.99,22.66,clothing
6018,26.21,19.89,30.48,medical
6019,98.23,28.4,28.7,tools
6020,69.0,12.14,22.77,tools
6021,68.43,5.77,33.13,clothing
6022,73.91,36.22,10.77,food
6023,83.09,20.72,23.45,electronics
6024,82.36,28.07,38.36,medical
6025,79.5,30.03,12.94,tools
6026,56.75,14.63,23.46,tools
6027,84.24,30.53,17.77,tools
6028,70.5,18.61,6.98,clothing
6029,81.1,22.03,15.71,tools
6030,41.91,21.6,10.38,medical
6031,76.83,19.19,35.85,tools
6032,42.91,8.05,17.16,food
6033,44.73,28.45,12.65,clothing
6034,10.57,18.53,25.77,clothing
6035,31.63,24.47,16.54,clothing
6036,20.27,31.03,16.51,electronics
6037,33.62,38.92,20.46,food
6038,35.7,43.95,1.36,electronics
6039,69.15,12.78,6.49,electronics
6040,21.54,15.77,1.19,tools
6041,31.02,23.26,5.91,tools
6042,73.41,17.76,37.75,medical
6043,62.03,17.05,14.18,medical
6044,31.77,47.88,37.2,medical
6045,21.54,25.45,32.55,tools
6046,20.4,9.06,18.63,food
6047,99.69,11.43,26.63,clothing
6048,80.51,34.11,12.35,food
6049,93.44,42.57,13.56,clothing
6050,92.55,7.83,16.09,tools
6051,31.56,45.67,6.45,medical
6052,42.27,45.34,27.92,clothing
6053,13.61,8.74,19.93,food
6054,62.02,41.63,2.03,tools
6055,43.69,27.54,30.99,tools
6056,39.12,12.8,7.87,medical
6057,41.33,11.29,34.48,tools
6058,42.64,49.32,32.96,tools
6059,97.26,6.93,9.99,food
6060,52.51,15.8,31.43,electronics
6061,5.72,8.41,17.3,clothing
6062,9.63,29.25,26.08,food
6063,40.5,12.06,24.56,tools
6064,62.35,1.1,26.2,food
6065,72.33,32.75,17.78,medical
6066,18.89,42.24,15.69,electronics
6067,71.5,4.14,29.86,electronics
6068,97.13,16.15,29.36,clothing
6069,99.76,40.78,6.56,tools
6070,32.14,39.2,29.35,food
6071,17.99,12.48,38.53,medical
6072,49.22,39.31,30.97,electronics
6073,36.49,15.19,29.62,food
6074,47.17,39.34,5.61,electronics
6075,94.77,18.28,27.43,tools
6076,92.4,33.83,38.99,medical
6077,97.07,35.86,14.26,electronics
6078,21.8,24.08,35.96,medical
6079,11.36,2.3,23.44,clothing
6080,13.22,35.31,13.52,clothing
6081,10.22,33.45,32.09,clothing
6082,10.69,7.47,3.7,tools
6083,42.13,31.68,27.51,medical
6084,7.28,31.83,19.64,medical
6085,24.43,13.06,6.9,medical
6086,16.69,18.43,7.06,food
6087,40.96,32.15,29.1,clothing
6088,39.93,11.81,20.42,tools
6089,32.18,8.46,13.15,tools
6090,8.8,47.01,10.55,electronics
6091,78.43,13.04,30.34,clothing
6092,91.25,8.28,10.49,tools
6093,24.68,13.72,14.44,clothing
6094,85.89,19.62,9.14,medical
6095,76.72,27.23,11.06,medical
6096,67.62,10.88,27.64,medical
6097,37.54,4.51,39.43,food
6098,92.34,7.83,4.68,electronics
6099,68.39,2.49,16.13,electronics
6100,20.55,21.97,12.42,medical
6101,47.29,39.86,9.59,electronics
6102,11.04,8.08,8.14,electronics
6103,35.01,17.93,38.53,food
6104,51.46,41.89,27.23,electronics
6105,93.38,19.91,19.3,medical
6106,29.72,22.62,12.45,medical
6107,20.18,14.66,32.28,electronics
6108,72.27,41.69,1.85,medical
6109,64.42,16.43,38.38,clothing
6110,17.31,28.81,13.75,clothing
6111,93.24,43.08,6.58,tools
6112,87.3,38.53,30.28,medical
6113,72.54,9.79,37.84,electronics
6114,71.7,31.08,23.79,food
6115,29.45,43.99,34.79,tools
6116,17.44,6.4,18.05,electronics
6117,90.6,10.12,31.71,electronics
6118,89.83,23.61,39.37,tools
6119,32.25,17.9,20.22,clothing
6120,49.05,43.98,15.57,clothing
6121,32.67,33.12,18.9,food
6122,26.87,30.94,6.22,electronics
6123,48.01,34.35,37.93,food
6124,78.55,10.46,26.16,food
6125,70.87,46.4,28.25,electronics
6126,35.08,36.17,16.39,medical
6127,77.76,22.82,16.42,medical
6128,64.86,33.87,34.1,clothing
6129,45.5,1.21,3.63,food
6130,88.91,41.45,2.06,tools
6131,89.68,36.28,21.2,clothing
6132,92.22,7.2,32.87,clothing
6133,24.34,49.65,9.29,medical
6134,69.19,19.67,37.93,clothing
6135,20.81,48.89,22.07,medical
6136,52.38,37.26,4.35,food
6137,41.21,42.74,25.96,electronics
6138,62.63,15.02,17.96,clothing
6139,17.64,28.55,15.45,medical
6140,31.59,36.04,3.03,food
6141,18.83,31.46,30.78,tools
6142,91.27,46.6,15.59,tools
6143,12.36,45.05,12.38,tools
6144,50.14,39.57,21.69,tools
6145,56.38,3.39,38.11,clothing
6146,59.82,38.11,29.68,electronics
6147,29.25,4.34,11.99,electronics
6148,27.99,18.08,16.01,clothing
6149,37.29,34.67,33.51,food
6150,54.63,33.07,11.7,food
6151,50.34,23.45,14.74,tools
6152,23.72,31.6,1.47,medical
6153,54.05,16.57,11.99,tools
6154,51.27,40.97,22.41,tools
6155,13.66,46.43,2.45,medical
6156,80.08,33.2,16.79,clothing
6157,55.08,28.38,28.43,medical
6158,71.66,22.36,5.16,clothing
6159,93.15,21.79,32.15,medical
6160,15.72,28.87,19.33,medical
6161,46.66,29.38,28.8,food
6162,68.08,8.83,3.56,tools
6163,73.34,43.38,13.98,clothing
6164,24.7,10.29,14.9,clothing
6165,11.36,18.04,13.76,food
6166,56.82,13.1,38.12,food
6167,59.96,30.07,30.68,food
6168,31.82,20.01,26.72,tools
6169,49.47,39.06,19.8,clothing
6170,9.11,34.38,22.04,electronics
6171,93.26,21.96,19.91,food
6172,5.41,43.87,8.89,food
6173,79.93,17.71,7.15,medical
6174,21.98,37.94,17.77,clothing
6175,82.06,11.88,13.35,electronics
6176,82.05,35.8,7.42,food
6177,88.1,19.16,12.69,tools
6178,96.99,1.22,22.23,food
6179,94.43,1.38,36.73,medical
6180,16.88,36.38,1.31,medical
6181,77.72,11.96,34.74,food
6182,95.26,39.87,19.3,tools
6183,16.48,38.24,12.41,electronics
6184,17.19,36.89,26.45,medical
6185,23.85,39.23,3.4,medical
6186,91.2,8.17,2.87,food
6187,73.05,14.65,8.55,electronics
6188,51.44,44.53,38.61,electronics
6189,75.19,24.69,33.04,medical
6190,98.62,5.6,25.14,medical
6191,93.79,34.21,23.72,medical
6192,15.29,18.87,24.79,electronics
6193,78.33,20.73,18.76,electronics
6194,8.87,30.86,27.57,clothing
6195,86.2,10.54,31.38,tools
6196,6.66,35.96,6.94,electronics
6197,94.77,49.33,15.81,electronics
6198,23.65,23.49,8.81,food
6199,17.08,5.32,3.96,electronics
6200,28.17,31.56,1.52,tools
6201,39.38,14.94,27.2,medical
6202,9.76,6.59,20.22,clothing
6203,15.86,45.49,13.82,tools
6204,9.17,20.45,33.32,food
6205,44.81,2.51,2.28,medical
6206,38.12,29.02,9.15,electronics
6207,85.25,45.58,24.32,clothing
6208,92.26,10.96,13.43,clothing
6209,52.54,11.14,20.19,tools
6210,62.01,6.28,23.25,medical
6211,59.16,41.09,15.99,clothing
6212,92.79,49.26,16.11,electronics
6213,69.48,12.76,7.07,food
6214,13.7,49.75,20.3,food
6215,82.64,20.98,15.23,clothing
6216,18.49,20.25,13.99,clothing
6217,90.66,49.44,20.42,food
6218,32.56,2.93,2.34,food
6219,6.98,20.17,2.94,electronics
6220,68.32,19.47,1.68,tools
6221,60.98,28.41,14.18,food
6222,83.27,25.28,5.47,food
6223,74.32,44.08,28.15,food
6224,98.89,16.69,17.41,food
6225,41.23,35.93,33.47,food
6226,82.12,5.38,3.27,tools
6227,60.99,26.79,24.21,food
6228,11.27,22.72,5.44,tools
6229,81.91,16.18,33.13,tools
6230,21.48,32.54,37.99,electronics
6231,71.41,14.66,14.07,clothing
6232,76.82,31.62,2.97,food
6233,9.69,13.86,9.6,medical
6234,44.63,5.34,31.04,medical
6235,21.19,45.89,1.96,tools
6236,18.33,7.72,25.77,clothing
6237,11.34,42.8,34.74,clothing
6238,33.79,23.48,28.2,electronics
6239,78.06,42.49,35.0,food
6240,12.0,41.58,39.92,tools
6241,98.05,34.36,37.93,food
6242,5.79,31.03,20.39,food
6243,62.44,31.32,12.32,food
6244,13.99,29.64,5.87,electronics
6245,18.29,21.69,10.08,medical
6246,74.68,18.44,2.12,tools
6247,43.53,24.81,19.68,tools
6248,53.36,24.46,34.92,food
6249,67.53,27.59,38.37,medical
6250,93.05,22.19,21.51,electronics
6251,7.33,36.71,16.46,food
6252,48.69,20.67,24.09,food
6253,45.39,22.31,21.07,clothing
6254,6.06,35.26,8.59,medical
6255,13.13,20.36,32.86,food
6256,22.79,45.92,24.49,clothing
6257,96.91,1.03,12.37,clothing
6258,27.97,16.58,21.88,food
6259,35.73,31.5,19.73,food
6260,46.21,48.75,33.6,medical
6261,33.16,27.9,8.33,clothing
6262,40.09,37.36,1.96,tools
6263,92.81,46.0,37.71,electronics
6264,16.86,22.6,35.79,medical
6265,36.32,28.02,8.35,tools
6266,95.57,7.81,38.33,electronics
6267,87.4,18.2,4.62,clothing
6268,46.93,32.77,33.82,electronics
6269,54.93,2.93,35.05,electronics
6270,78.52,1.21,24.54,electronics
6271,30.63,35.5,8.06,medical
6272,58.31,44.56,14.63,medical
6273,99.28,31.7,26.06,food
6274,61.02,1.88,4.97,food
6275,37.29,1.65,26.11,medical
6276,84.38,2.77,11.73,clothing
6277,76.65,2.12,26.8,clothing
6278,37.74,49.78,7.32,food
6279,43.77,11.33,5.64,clothing
6280,6.49,9.24,2.63,medical
6281,65.7,1.97,6.31,electronics
6282,79.62,45.33,26.4,medical
6283,18.19,35.39,23.39,electronics
6284,27.73,47.31,29.66,electronics
6285,99.44,35.17,13.74,tools
6286,81.64,38.37,12.9,clothing
6287,39.91,20.99,31.3,medical
6288,29.29,36.3,22.17,medical
6289,79.95,18.73,12.85,electronics
6290,25.79,17.19,3.56,medical
6291,67.26,44.92,39.03,medical
6292,38.62,43.83,8.75,electronics
6293,53.13,39.54,22.9,food
6294,67.83,46.41,26.54,medical
6295,64.85,42.88,33.45,food
6296,46.25,20.19,12.69,electronics
6297,27.83,2.44,26.86,medical
6298,49.91,26.7,1.18,clothing
6299,90.6,15.25,7.2,medical
6300,78.29,30.89,9.52,electronics
6301,33.57,43.69,29.42,clothing
6302,70.6,43.46,2.24,tools
6303,77.5,39.73,13.45,tools
6304,39.31,36.32,24.24,clothing
6305,30.57,23.71,29.58,tools
6306,9.86,10.66,7.72,clothing
6307,77.06,28.79,28.18,medical
6308,26.59,37.18,36.37,clothing
6309,34.9,32.11,36.96,tools
6310,27.96,46.34,3.47,food
6311,36.83,49.65,5.29,tools
6312,69.28,34.77,25.81,electronics
6313,99.28,2.13,8.21,clothing
6314,13.95,11.28,9.85,tools
6315,18.23,23.74,11.33,food
6316,83.31,37.78,25.2,electronics
6317,22.87,40.08,29.27,tools
6318,15.61,12.71,14.75,tools
6319,31.1,43.58,16.64,food
6320,89.07,41.04,6.81,medical
6321,84.85,19.63,8.14,electronics
6322,15.55,3.5,15.18,food
6323,55.21,28.15,27.4,electronics
6324,32.79,47.77,11.12,medical
6325,97.8,40.11,33.13,tools
6326,60.54,16.88,4.06,electronics
6327,37.68,18.52,30.48,food
6328,70.42,35.23,37.03,medical
6329,17.89,10.14,33.96,medical
6330,48.28,13.13,10.76,tools
6331,99.78,7.88,4.39,electronics
6332,83.89,19.35,17.5,food
6333,77.3,13.61,4.96,medical
6334,7.73,13.62,5.62,medical
6335,42.26,1.69,25.24,tools
6336,45.27,12.47,24.54,medical
6337,27.85,39.71,10.16,clothing
6338,61.78,47.54,18.0,medical
6339,94.4,16.23,2.27,electronics
6340,73.5,41.25,22.05,food
6341,91.87,35.49,17.33,food
6342,69.29,5.9,7.76,food
6343,31.64,12.23,31.24,clothing
6344,55.41,2.89,20.58,tools
6345,67.47,32.86,3.23,electronics
6346,62.74,12.87,12.61,tools
6347,86.61,8.09,7.85,food
6348,15.17,13.51,19.38,electronics
6349,46.95,23.86,24.65,tools
6350,15.47,17.23,24.03,electronics
6351,64.73,10.51,4.32,food
6352,66.46,13.19,35.43,electronics
6353,26.38,39.98,35.58,food
6354,68.12,29.68,19.86,tools
6355,35.47,20.99,27.65,tools
6356,95.13,46.87,24.59,medical
6357,90.81,48.04,32.55,medical
6358,25.29,8.92,5.35,medical
6359,18.42,31.1,30.0,clothing
6360,51.47,41.18,7.07,tools
6361,61.4,13.06,23.12,tools
6362,79.75,22.69,27.5,medical
6363,78.91,6.58,2.05,food
6364,58.66,34.44,20.01,medical
6365,66.13,17.97,24.2,clothing
6366,84.85,4.97,34.67,tools
6367,29.16,16.57,1.4,food
6368,5.56,39.03,15.71,clothing
6369,28.18,25.22,24.9,food
6370,75.75,16.17,14.5,tools
6371,21.16,16.49,16.59,medical
6372,9.49,32.78,2.85,tools
6373,62.44,36.22,9.02,medical
6374,70.06,23.5,14.57,tools
6375,55.96,36.46,10.36,medical
6376,56.46,5.72,3.95,food
6377,83.86,33.59,18.41,tools
6378,9.6,37.77,4.91,food
6379,31.68,3.95,22.27,food
6380,19.15,5.83,21.88,clothing
6381,21.06,40.01,7.78,clothing
6382,75.32,34.57,4.0,medical
6383,54.68,36.46,25.85,food
6384,44.46,1.44,21.96,tools
6385,66.61,35.37,39.62,medical
6386,62.02,23.83,20.9,electronics
6387,66.56,21.99,8.18,tools
6388,7.2,7.34,11.02,tools
6389,79.15,48.36,36.62,medical
6390,15.84,12.83,22.86,tools
6391,80.47,33.89,33.68,electronics
6392,14.9,11.62,1.25,electronics
6393,12.69,6.4,31.46,tools
6394,64.11,40.13,12.85,electronics
6395,93.8,21.6,19.43,clothing
6396,42.57,17.58,33.09,clothing
6397,22.68,21.96,4.05,medical
6398,47.38,34.53,5.54,clothing
6399,52.55,37.75,34.01,food
6400,60.54,20.64,6.24,medical
6401,77.67,19.7,31.28,clothing
6402,25.78,2.24,15.17,food
6403,48.58,10.58,34.0,clothing
6404,50.39,15.04,39.72,food
6405,74.3,11.65,26.56,electronics
6406,68.39,48.11,12.78,medical
6407,89.15,9.62,17.55,food
6408,5.08,47.62,5.31,medical
6409,44.53,5.74,12.63,tools
6410,40.59,15.48,9.84,clothing
6411,42.69,27.06,17.44,medical
6412,29.88,2.33,10.76,electronics
6413,40.83,48.87,16.11,clothing
6414,90.73,46.42,9.44,clothing
6415,58.08,48.1,1.12,electronics
6416,56.42,24.83,24.53,food
6417,43.15,12.12,33.87,electronics
6418,59.78,9.88,38.13,clothing
6419,15.79,32.55,19.82,tools
6420,41.41,30.32,11.93,tools
6421,91.25,3.44,29.97,food
6422,60.01,5.02,18.61,food
6423,53.79,14.76,5.84,food
6424,6.94,27.29,18.41,clothing
6425,78.4,47.35,26.43,medical
6426,36.79,22.96,24.9,clothing
6427,67.34,41.8,19.61,electronics
6428,60.26,22.99,24.41,electronics
6429,20.32,43.54,5.15,tools
6430,15.49,27.77,16.96,electronics
6431,98.85,18.44,29.77,clothing
6432,63.88,33.48,39.8,tools
6433,46.1,25.13,25.64,electronics
6434,43.61,12.92,39.73,food
6435,83.76,9.24,18.98,electronics
6436,84.12,22.98,7.94,medical
6437,14.82,30.24,24.74,food
6438,51.36,28.47,3.77,clothing
6439,84.72,11.35,34.26,clothing
6440,66.59,44.47,3.09,clothing
6441,97.91,9.17,2.85,food
6442,66.09,1.64,4.0,medical
6443,38.07,39.97,28.13,tools
6444,41.96,40.32,27.95,medical
6445,92.49,40.31,10.44,medical
6446,63.32,26.82,11.44,tools
6447,76.66,3.23,27.88,tools
6448,28.05,33.96,24.45,electronics
6449,40.3,39.05,20.64,electronics
6450,71.01,45.29,32.99,food
6451,69.61,45.94,22.38,tools
6452,19.55,42.68,39.97,food
6453,62.36,8.55,36.52,electronics
6454,15.05,40.63,3.72,clothing
6455,71.55,10.03,22.75,tools
6456,64.79,42.31,36.23,electronics
6457,84.05,43.51,36.02,tools
6458,82.8,49.58,28.56,medical
6459,82.05,6.95,22.14,food
6460,59.29,13.79,11.07,food
6461,73.72,28.19,13.42,tools
6462,34.83,11.66,3.06,food
6463,5.82,38.82,19.34,medical
6464,54.53,37.11,31.23,clothing
6465,9.38,29.77,28.13,electronics
6466,39.42,39.62,22.0,food
6467,64.82,45.82,2.25,clothing
6468,62.51,9.62,5.2,medical
6469,65.42,44.71,13.82,tools
6470,44.76,25.9,3.6,food
6471,25.5,31.46,8.49,medical
6472,48.02,24.43,6.31,medical
6473,67.4,35.62,39.01,food
6474,34.03,32.87,26.21,electronics
6475,13.94,31.22,35.3,food
6476,82.02,4.01,27.27,food
6477,22.56,12.5,13.19,tools
6478,13.94,27.67,26.3,electronics
6479,32.57,9.24,30.67,clothing
6480,87.9,14.27,27.11,tools
6481,19.95,14.7,32.53,electronics
6482,5.7,30.45,18.13,electronics
6483,71.65,46.96,5.6,clothing
6484,45.45,4.19,14.12,electronics
6485,5.77,40.33,12.12,electronics
6486,52.02,10.43,22.03,tools
6487,90.24,23.91,13.48,food
6488,33.51,16.91,4.64,clothing
6489,10.3,45.56,7.98,tools
6490,68.4,41.27,3.75,food
6491,35.24,16.66,11.42,clothing
6492,61.4,9.6,25.73,food
6493,27.98,19.73,15.88,clothing
6494,68.08,49.95,24.4,food
6495,59.14,12.45,21.95,tools
6496,59.02,5.55,3.55,clothing
6497,79.33,10.4,27.4,clothing
6498,80.34,39.39,12.92,electronics
6499,67.1,43.07,12.47,medical
6500,45.34,9.71,30.04,electronics
6501,43.96,10.88,12.7,clothing
6502,56.19,12.27,10.29,food
6503,49.9,6.02,38.33,clothing
6504,41.22,45.22,10.92,tools
6505,53.23,39.03,15.12,electronics
6506,21.69,13.21,22.92,medical
6507,94.66,47.29,22.62,electronics
6508,6.98,14.18,14.26,tools
6509,59.87,18.02,38.99,clothing
6510,65.19,46.86,32.47,electronics
6511,62.83,44.08,36.93,tools
6512,28.63,21.92,36.27,medical
6513,31.92,11.27,24.44,medical
6514,43.46,3.2,18.86,clothing
6515,54.69,1.22,30.72,clothing
6516,37.32,7.68,20.84,medical
6517,25.17,14.46,12.11,clothing
6518,66.28,33.68,21.14,medical
6519,45.82,29.86,24.84,electronics
6520,48.41,21.02,5.15,tools
6521,87.86,43.46,17.9,tools
6522,13.08,13.78,18.17,tools
6523,12.68,48.21,9.38,clothing
6524,29.77,47.62,28.92,medical
6525,14.75,20.22,33.34,medical
6526,46.05,16.96,26.45,tools
6527,56.57,25.75,37.8,tools
6528,41.51,33.45,11.17,food
6529,24.42,35.02,38.82,electronics
6530,63.02,32.34,17.96,clothing
6531,36.13,44.26,39.7,electronics
6532,35.8,45.56,26.18,medical
6533,43.81,35.66,31.85,food
6534,51.02,16.23,6.29,electronics
6535,90.62,39.97,17.95,medical
6536,83.99,27.32,7.54,electronics
6537,81.15,7.09,38.4,food
6538,36.39,49.04,27.62,food
6539,56.2,43.69,39.96,medical
6540,75.73,38.02,35.11,electronics
6541,53.85,39.69,25.54,food
6542,54.14,15.09,10.54,medical
6543,86.65,43.54,27.18,food
6544,35.69,18.19,1.74,tools
6545,7.06,4.89,30.8,medical
6546,57.18,19.49,14.01,clothing
6547,66.61,1.08,12.46,clothing
6548,86.67,8.22,34.86,medical
6549,48.67,26.68,30.6,tools
6550,89.7,19.98,17.18,tools
6551,94.81,37.62,9.41,electronics
6552,69.6,11.35,24.21,medical
6553,53.32,30.29,30.14,food
6554,27.1,27.32,27.3,food
6555,23.64,19.17,27.51,tools
6556,50.29,42.27,36.18,medical
6557,88.87,42.07,35.55,electronics
6558,31.59,18.51,19.0,medical
6559,21.44,21.26,6.3,food
6560,94.6,22.78,13.21,tools
6561,53.4,45.18,22.62,clothing
6562,51.4,25.3,31.56,electronics
6563,63.26,34.52,26.35,electronics
6564,84.73,35.93,6.4,electronics
6565,85.6,22.86,18.93,electronics
6566,88.43,43.59,38.53,food
6567,50.24,23.82,22.75,electronics
6568,7.38,43.73,1.88,medical
6569,45.02,18.38,13.02,medical
6570,38.32,15.6,3.97,medical
6571,77.82,32.94,9.11,clothing
6572,60.89,39.65,26.09,tools
6573,59.24,14.61,2.31,medical
6574,40.4,18.5,20.74,food
6575,75.76,36.4,14.39,clothing
6576,98.4,40.22,26.53,medical
6577,39.72,17.76,8.03,food
6578,87.17,7.38,17.05,tools
6579,64.97,45.86,27.17,tools
6580,86.86,2.8,19.19,clothing
6581,75.0,4.44,29.69,electronics
6582,60.57,37.92,15.11,medical
6583,12.39,30.4,30.85,clothing
6584,58.93,37.04,33.51,tools
6585,13.24,5.99,35.58,clothing
6586,25.43,48.12,31.71,electronics
6587,43.17,4.75,29.48,medical
6588,47.62,46.24,20.92,medical
6589,53.56,33.78,11.95,medical
6590,74.64,21.17,27.18,medical
6591,57.02,8.22,24.95,electronics
6592,72.64,19.07,14.38,clothing
6593,60.69,1.82,26.03,tools
6594,31.24,9.04,10.07,food
6595,5.34,9.84,28.47,medical
6596,45.17,15.0,1.68,electronics
6597,84.63,34.34,25.3,medical
6598,21.6,8.62,10.88,electronics
6599,11.39,43.91,21.75,medical
6600,8.06,24.74,18.59,food
6601,25.26,29.95,4.52,medical
6602,74.66,25.52,7.54,medical
6603,33.43,15.82,6.0,food
6604,36.09,13.86,5.02,food
6605,92.05,12.07,20.68,food
6606,84.64,49.61,21.95,medical
6607,44.29,46.36,34.72,medical
6608,33.73,10.99,38.81,electronics
6609,12.25,34.04,1.34,electronics
6610,53.84,10.58,36.13,medical
6611,78.38,27.19,4.06,food
6612,95.33,46.85,31.26,electronics
6613,65.58,34.99,20.07,clothing
6614,36.15,43.96,32.46,tools
6615,81.84,26.6,28.53,tools
6616,92.08,48.59,22.61,medical
6617,36.38,40.57,33.74,tools
6618,40.8,17.91,25.21,food
6619,56.11,47.18,4.79,food
6620,34.55,38.35,23.31,clothing
6621,89.7,38.51,29.56,food
6622,96.25,4.19,11.07,medical
6623,22.96,7.23,24.66,food
6624,34.62,8.69,27.88,electronics
6625,59.55,37.48,10.44,tools
6626,84.84,37.04,4.96,tools
6627,53.93,8.58,36.28,electronics
6628,13.61,5.27,29.23,tools
6629,23.68,5.11,35.42,electronics
6630,39.43,42.6,38.14,electronics
6631,26.23,10.3,32.53,electronics
6632,5.97,22.61,4.43,tools
6633,89.9,31.22,35.63,medical
6634,39.25,27.9,26.88,electronics
6635,35.38,20.93,33.74,medical
6636,27.55,40.21,13.7,electronics
6637,16.37,28.36,38.98,clothing
6638,61.15,7.93,37.61,clothing
6639,30.36,8.48,17.26,tools
6640,93.82,45.95,32.34,tools
6641,44.84,6.13,28.1,medical
6642,98.31,19.65,25.02,tools
6643,10.59,37.93,33.77,clothing
6644,65.46,8.84,10.75,tools
6645,43.43,7.93,33.14,food
6646,19.43,5.1,32.61,electronics
6647,93.15,20.7,26.36,medical
6648,84.39,28.86,15.88,food
6649,7.9,10.48,11.57,clothing
6650,80.96,35.71,30.08,tools
6651,37.8,12.29,26.82,electronics
6652,51.77,38.24,22.5,medical
6653,9.67,10.86,6.68,tools
6654,96.22,33.39,36.6,electronics
6655,58.09,31.17,29.67,electronics
6656,81.48,28.27,37.63,food
6657,62.96,5.33,14.05,tools
6658,36.46,49.8,35.5,tools
6659,72.12,8.22,25.64,clothing
6660,42.95,40.49,2.71,clothing
6661,7.72,39.77,33.44,electronics
6662,6.22,39.38,34.04,medical
6663,30.03,47.78,16.57,clothing
6664,96.77,3.04,23.6,electronics
6665,87.71,32.09,38.91,clothing
6666,52.98,22.35,38.55,electronics
6667,24.4,5.59,16.17,electronics
6668,45.98,7.59,21.08,medical
6669,55.43,46.41,18.27,medical
6670,38.02,35.17,36.54,clothing
6671,64.23,12.65,9.03,tools
6672,44.59,7.27,37.17,clothing
6673,7.19,5.32,4.81,food
6674,57.82,1.45,11.9,clothing
6675,31.32,37.91,36.2,tools
6676,76.6,31.15,9.36,tools
6677,24.69,6.94,29.12,electronics
6678,86.4,26.53,32.11,electronics
6679,74.34,28.45,38.08,clothing
6680,32.54,4.6,28.74,tools
6681,29.66,40.64,29.51,electronics
6682,27.17,22.58,22.87,clothing
6683,39.05,5.56,29.68,medical
6684,25.43,3.76,23.01,food
6685,16.98,36.78,20.24,clothing
6686,29.31,26.02,21.17,clothing
6687,76.08,21.28,32.19,medical
6688,70.43,8.31,35.75,electronics
6689,78.56,47.02,21.86,food
6690,87.9,8.78,36.34,clothing
6691,90.6,38.25,5.32,food
6692,19.65,19.3,2.63,clothing
6693,53.85,21.93,29.37,medical
6694,51.07,21.07,20.31,tools
6695,63.03,20.56,13.63,clothing
6696,25.79,48.7,29.63,clothing
6697,35.92,29.17,14.05,tools
6698,26.95,32.17,4.17,medical
6699,35.63,17.89,31.7,electronics
6700,61.97,8.77,20.61,clothing
6701,51.41,27.34,18.84,electronics
6702,13.26,34.61,28.52,electronics
6703,97.22,19.9,35.61,food
6704,45.71,16.84,5.69,tools
6705,80.04,31.32,17.55,electronics
6706,26.28,31.04,14.87,electronics
6707,11.83,18.55,26.01,electronics
6708,89.24,30.96,18.18,clothing
6709,45.54,46.83,1.31,tools
6710,58.74,11.12,29.72,food
6711,10.8,6.4,31.59,tools
6712,13.16,37.08,23.45,food
6713,21.39,14.76,5.92,electronics
6714,77.14,39.8,9.38,clothing
6715,20.9,19.7,22.58,clothing
6716,64.7,38.55,18.0,tools
6717,95.72,40.42,35.1,tools
6718,31.09,39.89,8.66,electronics
6719,57.59,4.53,34.32,food
6720,46.67,12.86,31.99,clothing
6721,42.92,49.35,19.95,electronics
6722,36.0,14.36,35.35,electronics
6723,28.28,8.56,16.33,clothing
6724,89.6,24.74,11.43,medical
6725,65.13,7.75,6.31,electronics
6726,76.19,20.36,28.17,electronics
6727,64.28,4.09,24.37,food
6728,72.51,41.23,14.61,medical
6729,75.19,46.35,6.99,clothing
6730,39.62,3.09,39.26,electronics
6731,97.14,36.41,34.14,food
6732,57.92,43.18,27.27,medical
6733,37.32,16.68,6.41,food
6734,41.7,21.42,9.48,clothing
6735,40.22,24.41,20.97,electronics
6736,76.1,1.12,22.89,tools
6737,83.96,41.68,4.21,clothing
6738,71.21,46.97,24.68,tools
6739,48.33,19.36,3.67,clothing
6740,69.37,14.59,4.74,electronics
6741,62.38,9.1,9.03,tools
6742,45.8,14.5,22.12,clothing
6743,77.14,38.24,21.18,electronics
6744,67.98,24.32,18.16,medical
6745,38.3,39.23,23.71,tools
6746,50.73,18.72,12.82,clothing
6747,30.02,39.9,9.2,electronics
6748,26.15,38.53,21.94,medical
6749,14.68,43.13,32.23,food
6750,95.32,36.57,33.37,electronics
6751,77.93,43.07,3.1,medical
6752,94.93,35.0,12.64,tools
6753,37.85,18.64,19.09,tools
6754,99.44,33.54,5.28,electronics
6755,66.13,23.65,34.49,electronics
6756,63.38,13.88,26.87,electronics
6757,70.95,24.7,7.75,electronics
6758,49.49,25.52,16.65,tools
6759,26.21,14.25,38.69,medical
6760,34.36,20.28,13.82,electronics
6761,49.42,31.36,13.25,food
6762,86.77,27.28,38.7,electronics
6763,57.51,41.87,27.29,clothing
6764,79.65,42.0,19.95,clothing
6765,33.63,24.9,37.19,tools
6766,67.09,20.72,7.06,clothing
6767,78.47,13.86,25.97,food
6768,44.0,12.68,29.92,electronics
6769,47.18,15.73,19.14,electronics
6770,43.04,30.05,39.06,tools
6771,29.18,48.97,27.11,medical
6772,73.43,40.53,28.05,electronics
6773,16.83,18.12,13.45,electronics
6774,99.5,26.39,9.45,electronics
6775,40.42,38.56,2.45,medical
6776,7.41,30.82,16.14,tools
6777,12.39,18.05,27.43,tools
6778,77.01,22.48,2.38,medical
6779,48.7,39.74,11.52,tools
6780,51.44,22.19,24.3,clothing
6781,34.7,34.32,16.52,food
6782,15.43,40.11,23.55,food
6783,68.14,38.76,37.01,medical
6784,47.29,34.17,14.76,food
6785,80.11,24.85,10.37,electronics
6786,71.81,30.12,2.77,tools
6787,48.17,7.51,21.99,electronics
6788,79.01,48.38,9.99,electronics
6789,82.93,37.91,24.87,tools
6790,30.85,3.31,19.26,electronics
6791,20.67,32.13,39.05,food
6792,46.06,42.7,36.99,electronics
6793,50.58,38.82,23.14,medical
6794,78.02,44.34,38.08,electronics
6795,54.42,2.09,28.44,tools
6796,68.1,45.79,27.27,food
6797,81.44,38.93,18.04,electronics
6798,58.27,8.52,33.15,clothing
6799,21.54,42.64,8.08,medical
6800,27.54,36.74,32.58,electronics
6801,72.22,40.2,6.52,clothing
6802,87.08,26.63,17.74,clothing
6803,14.85,40.7,27.22,food
6804,80.69,9.15,11.29,food
6805,35.62,8.79,15.73,tools
6806,60.63,39.7,22.32,food
6807,85.08,40.69,34.74,medical
6808,97.79,38.18,18.61,electronics
6809,64.77,14.37,36.67,food
6810,22.18,34.64,13.36,electronics
6811,92.83,6.36,4.8,clothing
6812,68.24,38.46,28.16,tools
6813,25.31,46.15,8.32,tools
6814,70.28,8.07,9.04,clothing
6815,14.53,30.06,18.34,medical
6816,53.73,39.24,21.95,electronics
6817,86.89,47.02,11.15,food
6818,20.75,47.36,11.18,clothing
6819,28.16,12.9,11.41,tools
6820,90.44,6.45,18.27,clothing
6821,24.67,20.07,8.63,clothing
6822,50.76,39.11,36.89,medical
6823,91.25,3.26,23.35,medical
6824,67.83,24.68,5.23,clothing
6825,27.54,23.79,6.63,clothing
6826,40.45,24.68,26.51,tools
6827,65.47,10.09,4.66,food
6828,8.97,27.73,33.98,medical
6829,58.29,33.18,5.02,medical
6830,82.32,11.9,9.82,food
6831,41.78,15.57,13.81,medical
6832,29.39,22.04,12.64,clothing
6833,63.22,20.66,13.59,food
6834,62.88,2.0,31.6,electronics
6835,80.63,28.89,38.64,medical
6836,66.29,12.24,6.1,tools
6837,71.99,30.21,27.62,tools
6838,57.47,37.13,15.58,clothing
6839,14.48,20.46,22.25,clothing
6840,42.17,47.77,19.03,food
6841,16.2,17.27,10.62,clothing
6842,28.65,45.17,29.42,electronics
6843,95.5,20.67,1.13,food
6844,15.74,29.0,37.24,tools
6845,57.29,25.99,15.31,electronics
6846,53.87,7.94,33.88,clothing
6847,27.03,38.86,15.35,food
6848,76.82,41.55,8.49,clothing
6849,65.68,1.21,15.12,food
6850,89.11,16.99,4.29,electronics
6851,37.12,13.43,23.38,electronics
6852,16.6,43.93,29.64,electronics
6853,9.47,40.58,4.45,clothing
6854,28.23,5.25,13.89,clothing
6855,95.39,29.56,19.81,clothing
6856,6.13,11.81,32.51,clothing
6857,48.11,25.15,20.22,medical
6858,71.43,10.42,14.47,clothing
6859,47.93,3.79,23.35,tools
6860,17.31,45.59,28.25,tools
6861,36.35,48.2,10.88,food
6862,77.27,31.93,24.03,food
6863,27.71,19.87,11.1,clothing
6864,48.09,41.8,18.84,medical
6865,86.48,1.46,11.91,electronics
6866,35.84,47.75,33.87,clothing
6867,80.91,23.3,25.77,food
6868,85.06,32.31,19.42,food
6869,9.24,12.06,11.3,medical
6870,76.1,36.41,18.6,medical
6871,90.13,13.94,34.86,tools
6872,79.05,15.81,11.96,clothing
6873,86.58,29.75,28.34,medical
6874,73.91,11.64,5.57,tools
6875,99.13,19.96,34.4,electronics
6876,20.41,3.52,24.18,clothing
6877,89.65,18.63,23.61,electronics
6878,81.26,21.26,5.58,tools
6879,9.87,47.71,23.47,medical
6880,34.13,23.03,12.31,electronics
6881,44.74,23.61,20.96,medical
6882,19.41,19.98,23.49,electronics
6883,53.16,14.15,39.57,tools
6884,77.03,29.42,24.75,electronics
6885,95.88,19.63,34.47,medical
6886,6.08,22.26,29.22,clothing
6887,22.29,43.41,26.35,medical
6888,11.43,26.45,37.33,clothing
6889,50.25,31.61,34.63,medical
6890,89.59,22.51,15.61,tools
6891,76.9,11.05,23.04,medical
6892,18.71,11.92,19.27,food
6893,88.54,40.59,36.99,tools
6894,68.66,5.18,37.91,food
6895,98.89,7.04,22.6,medical
6896,21.38,33.37,2.27,clothing
6897,96.85,33.0,7.55,food
6898,20.58,10.44,37.72,food
6899,9.93,8.01,25.05,food
6900,28.96,19.58,31.71,tools
6901,84.28,47.64,15.74,electronics
6902,72.23,34.32,1.09,clothing
6903,37.66,7.4,14.3,clothing
6904,88.6,16.83,6.48,electronics
6905,13.58,25.79,10.46,tools
6906,8.14,19.74,37.67,electronics
6907,55.45,41.57,14.12,clothing
6908,50.49,47.41,10.57,tools
6909,96.38,31.96,30.82,clothing
6910,79.41,13.54,15.12,electronics
6911,90.93,26.94,1.25,food
6912,97.57,21.1,39.74,food
6913,39.69,40.24,19.71,medical
6914,57.31,32.24,18.42,medical
6915,7.6,9.84,9.92,clothing
6916,95.34,9.27,10.72,tools
6917,92.12,2.67,36.07,clothing
6918,97.04,45.27,22.85,medical
6919,92.64,47.62,31.25,food
6920,56.29,24.13,21.45,medical
6921,20.15,44.39,20.39,tools
6922,28.9,8.72,13.08,electronics
6923,80.73,9.51,32.88,medical
6924,91.99,29.29,13.08,tools
6925,45.58,12.49,30.65,clothing
6926,57.89,1.32,1.18,electronics
6927,12.47,3.03,21.56,electronics
6928,37.16,4.89,37.62,food
6929,69.71,36.8,26.59,tools
6930,12.82,44.48,15.07,electronics
6931,94.98,4.27,11.74,medical
6932,63.85,33.27,28.15,tools
6933,87.5,14.18,17.19,medical
6934,35.36,37.25,31.42,electronics
6935,21.26,34.37,23.27,electronics
6936,31.2,41.44,9.96,medical
6937,10.26,27.19,30.91,electronics
6938,74.82,46.67,32.4,food
6939,6.27,48.41,20.8,medical
6940,18.47,12.66,22.66,medical
6941,55.82,32.57,17.62,tools
6942,87.12,17.44,39.14,food
6943,26.77,20.67,3.94,clothing
6944,37.51,35.48,25.22,medical
6945,5.66,18.88,29.17,clothing
6946,46.07,30.86,34.03,medical
6947,68.58,2.36,6.04,tools
6948,59.29,3.26,34.09,food
6949,57.22,36.32,5.93,food
6950,71.98,48.51,18.55,tools
6951,83.98,29.19,34.19,medical
6952,60.62,25.77,24.14,tools
6953,37.65,48.27,25.63,electronics
6954,91.88,40.72,4.02,food
6955,81.2,32.65,4.25,clothing
6956,20.66,1.95,31.71,electronics
6957,83.9,23.52,28.14,tools
6958,99.52,48.2,36.67,electronics
6959,58.32,23.92,10.29,medical
6960,20.05,7.38,24.45,clothing
6961,92.94,12.65,3.73,electronics
6962,67.05,47.67,38.75,medical
6963,74.12,12.55,37.04,medical
6964,72.29,23.59,7.7,electronics
6965,33.22,32.13,8.7,electronics
6966,86.69,31.51,19.04,medical
6967,20.66,48.75,15.68,medical
6968,15.48,45.3,30.35,electronics
6969,26.17,26.41,27.38,tools
6970,84.32,31.06,23.28,food
6971,30.67,27.16,1.73,electronics
6972,16.91,24.07,34.7,tools
6973,64.52,36.33,23.14,tools
6974,62.13,21.53,14.82,food
6975,50.4,7.24,35.28,medical
6976,41.28,39.18,28.06,food
6977,16.96,13.82,7.0,tools
6978,25.98,39.31,10.01,clothing
6979,77.25,36.17,11.47,tools
6980,91.68,34.26,6.78,food
6981,15.33,35.83,30.33,food
6982,82.86,20.4,36.55,electronics
6983,51.68,43.45,17.42,tools
6984,88.49,32.07,21.35,food
6985,92.25,40.06,9.48,electronics
6986,63.03,49.27,11.64,electronics
6987,20.54,29.19,25.86,electronics
6988,63.56,34.54,36.55,medical
6989,79.81,40.07,4.21,electronics
6990,28.67,30.16,31.8,food
6991,45.97,45.73,29.93,medical
6992,74.22,12.58,13.65,tools
6993,73.37,8.02,22.95,clothing
6994,8.6,48.6,3.17,electronics
6995,85.03,20.92,34.72,electronics
6996,33.61,23.13,20.07,electronics
6997,35.22,33.27,3.05,electronics
6998,21.72,13.18,16.62,medical
6999,61.88,36.48,30.25,medical
7000,47.07,18.82,34.66,clothing
7001,26.34,10.63,38.28,clothing
7002,43.02,1.94,13.46,food
7003,75.24,33.92,34.74,electronics
7004,21.58,23.97,28.06,electronics
7005,48.38,13.16,32.13,clothing
7006,14.37,11.84,1.77,medical
7007,27.08,17.68,25.53,food
7008,9.79,49.3,17.5,tools
7009,85.29,8.47,30.57,electronics
7010,7.06,28.93,15.6,medical
7011,19.94,12.84,14.53,electronics
7012,92.01,20.59,5.9,food
7013,36.03,41.12,20.01,tools
7014,39.74,18.47,21.84,medical
7015,10.14,29.8,38.69,tools
7016,30.97,8.46,26.26,electronics
7017,94.9,20.27,3.78,clothing
7018,63.96,19.2,15.52,tools
7019,17.5,12.4,32.23,tools
7020,94.43,38.76,3.94,tools
7021,85.23,41.29,29.58,electronics
7022,90.82,18.12,29.97,electronics
7023,63.07,13.44,30.72,tools
7024,63.56,43.85,5.29,medical
7025,86.54,16.39,20.35,tools
7026,89.94,20.22,32.1,food
7027,96.09,31.96,6.13,electronics
7028,43.91,1.86,31.57,tools
7029,75.77,7.57,34.23,clothing
7030,67.43,44.7,28.93,food
7031,35.01,1.45,31.39,medical
7032,46.4,4.58,2.62,food
7033,10.2,30.75,26.72,clothing
7034,81.82,33.71,17.38,medical
7035,48.76,4.79,8.4,food
7036,70.81,21.7,36.6,clothing
7037,8.99,38.51,2.48,tools
7038,12.47,14.94,30.42,tools
7039,85.71,36.9,24.4,medical
7040,83.95,26.7,22.73,clothing
7041,61.42,2.87,32.17,medical
7042,67.36,19.91,10.48,clothing
7043,15.82,48.38,19.45,clothing
7044,74.72,5.34,32.87,electronics
7045,93.6,46.62,2.78,electronics
7046,64.63,33.38,15.89,medical
7047,77.08,27.28,7.25,medical
7048,21.73,2.68,19.69,food
7049,72.88,8.67,1.07,clothing
7050,15.66,33.77,34.73,medical
7051,19.66,10.46,9.22,medical
7052,31.86,23.84,9.71,tools
7053,96.15,11.88,30.98,clothing
7054,47.13,44.33,30.65,clothing
7055,64.74,28.91,5.03,electronics
7056,37.93,14.92,22.4,medical
7057,48.84,4.89,16.11,electronics
7058,58.61,47.25,15.78,clothing
7059,73.71,23.02,3.67,clothing
7060,37.07,25.08,4.94,medical
7061,33.91,22.12,14.69,clothing
7062,80.58,41.23,9.08,electronics
7063,28.65,37.77,20.65,medical
7064,24.9,46.67,1.63,tools
7065,17.8,26.93,38.49,medical
7066,36.47,39.76,10.37,medical
7067,71.83,24.62,10.44,food
7068,14.45,25.26,22.73,tools
7069,61.23,8.88,17.21,electronics
7070,31.9,24.54,6.99,tools
7071,18.64,33.57,6.4,electronics
7072,95.75,15.21,13.53,tools
7073,99.69,15.49,39.71,clothing
7074,99.39,36.28,26.97,clothing
7075,92.25,42.3,23.15,medical
7076,43.14,23.45,21.3,medical
7077,17.83,19.5,16.28,tools
7078,24.21,39.88,12.0,clothing
7079,25.88,33.89,2.07,clothing
7080,12.55,11.95,7.14,electronics
7081,63.75,12.08,1.69,electronics
7082,15.1,49.59,23.09,medical
7083,34.84,14.3,30.43,food
7084,53.64,25.33,8.59,tools
7085,54.58,40.12,7.11,electronics
7086,19.74,39.12,25.64,tools
7087,5.4,7.24,2.46,food
7088,90.18,15.06,15.52,medical
7089,47.9,42.55,38.18,food
7090,39.15,33.31,21.23,tools
7091,83.48,6.01,21.15,food
7092,78.36,25.84,36.42,electronics
7093,11.6,20.72,2.69,clothing
7094,81.1,42.64,9.48,food
7095,51.34,28.11,31.08,medical
7096,65.31,2.65,22.72,food
7097,44.55,16.99,19.47,clothing
7098,35.68,28.03,32.67,electronics
7099,33.76,8.61,6.65,electronics
7100,70.94,8.31,21.93,medical
7101,23.18,4.45,34.86,food
7102,48.89,15.71,2.62,tools
7103,84.57,43.7,36.62,tools
7104,71.07,19.63,15.85,clothing
7105,82.16,46.08,31.73,clothing
7106,77.41,33.81,16.94,medical
7107,13.1,13.92,37.3,tools
7108,87.97,28.83,30.03,tools
7109,82.39,40.41,25.01,electronics
7110,85.46,19.54,26.65,clothing
7111,18.59,15.88,19.96,clothing
7112,57.46,39.08,12.29,tools
7113,25.94,4.85,4.64,tools
7114,53.99,6.43,34.46,clothing
7115,65.18,16.29,38.0,electronics
7116,92.55,35.17,10.03,electronics
7117,65.44,22.8,23.9,tools
7118,34.42,23.07,20.59,medical
7119,5.13,37.5,31.9,medical
7120,48.06,15.5,32.88,medical
7121,55.02,4.39,8.72,electronics
7122,81.89,18.33,36.51,electronics
7123,34.9,7.13,30.82,medical
7124,36.17,48.86,24.39,tools
7125,48.22,14.12,9.68,medical
7126,30.22,31.29,23.64,clothing
7127,47.73,30.61,9.96,clothing
7128,15.12,12.21,30.16,clothing
7129,32.45,10.11,25.57,electronics
7130,11.73,41.84,1.66,food
7131,45.53,40.64,14.67,tools
7132,71.77,28.27,14.56,medical
7133,27.94,34.59,2.41,tools
7134,99.66,30.53,26.12,electronics
7135,43.67,5.64,13.56,medical
7136,8.56,46.62,1.83,electronics
7137,46.88,47.58,16.6,clothing
7138,33.53,28.51,31.22,clothing
7139,82.55,29.96,20.84,clothing
7140,11.59,1.59,26.34,medical
7141,81.77,2.24,3.09,medical
7142,80.8,1.19,3.8,medical
7143,95.22,38.5,9.66,medical
7144,34.75,45.47,24.23,food
7145,82.51,46.78,18.32,tools
7146,15.51,44.36,18.25,clothing
7147,71.83,21.73,3.03,tools
7148,31.41,2.16,36.95,electronics
7149,32.23,5.22,38.9,electronics
7150,36.75,30.0,18.46,food
7151,27.07,33.61,21.24,clothing
7152,74.39,49.26,37.1,electronics
7153,94.31,12.21,39.44,medical
7154,78.73,2.3,9.23,food
7155,39.22,45.44,35.18,tools
7156,34.56,35.04,23.84,food
7157,41.55,20.81,14.57,medical
7158,73.18,47.9,24.92,medical
7159,27.36,49.73,9.44,clothing
7160,87.56,38.4,28.08,food
7161,30.94,25.27,29.19,food
7162,80.31,40.78,33.08,clothing
7163,40.73,17.15,26.79,clothing
7164,19.58,24.48,32.67,clothing
7165,48.06,5.53,28.35,food
7166,30.98,10.84,5.85,medical
7167,92.15,20.14,37.55,medical
7168,5.56,18.83,26.0,medical
7169,87.91,41.41,19.04,food
7170,16.25,36.14,16.15,electronics
7171,7.33,35.18,23.91,clothing
7172,22.86,43.97,30.25,medical
7173,33.71,11.22,24.11,clothing
7174,47.55,5.98,12.54,electronics
7175,39.26,1.24,35.08,clothing
7176,73.15,13.28,6.16,tools
7177,73.81,49.29,16.5,clothing
7178,96.66,18.74,5.92,tools
7179,36.28,31.44,7.77,tools
7180,5.67,33.67,31.57,tools
7181,68.39,37.74,4.24,electronics
7182,45.29,21.35,34.0,medical
7183,23.29,13.64,10.84,clothing
7184,64.55,5.01,37.95,food
7185,5.11,33.96,22.69,food
7186,67.24,10.47,34.29,medical
7187,84.06,31.6,30.8,clothing
7188,86.01,24.43,8.67,food
7189,11.99,13.92,11.23,tools
7190,51.91,44.56,39.18,food
7191,64.67,21.22,36.14,electronics
7192,97.1,36.51,3.74,food
7193,17.01,4.52,39.66,clothing
7194,17.94,7.85,17.02,tools
7195,55.0,49.22,33.06,tools
7196,50.67,4.09,25.56,food
7197,83.7,8.62,17.12,tools
7198,70.58,22.38,10.31,clothing
7199,22.98,45.74,24.77,tools
7200,44.31,23.66,11.68,food
7201,19.0,39.3,26.99,clothing
7202,74.75,33.27,39.12,food
7203,79.9,27.15,35.53,medical
7204,81.48,45.66,7.82,clothing
7205,27.84,29.58,24.6,clothing
7206,58.93,42.44,7.45,food
7207,34.74,45.44,17.16,electronics
7208,29.52,34.51,11.86,food
7209,81.14,37.6,17.74,clothing
7210,46.33,6.54,38.91,tools
7211,12.07,39.37,9.68,tools
7212,45.48,2.19,28.59,tools
7213,35.45,25.48,4.32,electronics
7214,35.14,18.04,27.32,tools
7215,78.24,45.58,28.25,food
7216,79.1,27.0,37.23,tools
7217,21.31,18.46,4.82,food
7218,6.5,36.76,38.23,food
7219,49.46,6.7,7.96,medical
7220,42.55,2.1,6.68,electronics
7221,53.33,4.55,32.06,food
7222,64.14,17.89,25.15,clothing
7223,95.38,23.95,9.87,medical
7224,97.17,40.04,8.63,electronics
7225,97.79,42.78,13.32,electronics
7226,11.41,48.12,32.83,electronics
7227,73.38,14.2,4.33,tools
7228,50.55,11.61,16.27,medical
7229,6.13,35.81,17.6,electronics
7230,42.33,32.99,34.65,tools
7231,14.82,18.87,22.67,food
7232,24.5,2.5,1.56,tools
7233,39.34,47.86,2.25,clothing
7234,71.45,29.32,7.48,electronics
7235,99.45,28.37,20.94,food
7236,96.35,42.09,7.68,tools
7237,8.73,24.11,28.93,clothing
7238,24.26,9.42,18.21,medical
7239,98.25,38.36,12.33,electronics
7240,19.19,1.13,6.22,tools
7241,63.63,42.4,22.47,food
7242,56.75,13.42,27.26,medical
7243,69.78,8.85,24.91,medical
7244,77.39,11.26,16.43,tools
7245,19.92,36.84,13.76,electronics
7246,13.68,35.76,1.71,electronics
7247,89.08,2.59,5.48,electronics
7248,70.42,38.66,28.69,food
7249,45.78,9.47,27.91,tools
7250,24.93,1.53,18.62,food
7251,27.86,2.88,30.09,clothing
7252,26.94,35.56,8.43,electronics
7253,69.87,43.98,25.95,food
7254,99.6,17.21,8.98,tools
7255,98.16,38.61,6.52,clothing
7256,7.86,30.7,34.98,medical
7257,26.01,21.68,36.09,medical
7258,63.16,41.97,19.38,electronics
7259,5.88,11.11,1.06,electronics
7260,31.45,13.38,37.77,medical
7261,14.46,20.16,23.63,tools
7262,7.91,27.78,12.32,electronics
7263,57.47,5.89,29.43,tools
7264,51.53,15.67,23.62,medical
7265,83.86,9.33,1.14,food
7266,33.09,6.83,1.24,tools
7267,67.15,48.25,16.91,clothing
7268,97.93,21.37,29.5,food
7269,16.61,41.99,28.63,electronics
7270,20.18,12.98,7.34,clothing
7271,93.87,16.89,33.66,food
7272,98.49,32.75,25.8,food
7273,38.23,14.28,3.23,electronics
7274,52.21,20.83,37.6,food
7275,61.6,3.29,5.15,tools
7276,91.89,39.04,32.87,electronics
7277,53.12,22.33,8.08,medical
7278,71.89,28.06,7.91,tools
7279,26.0,49.18,11.78,clothing
7280,6.77,12.66,10.93,electronics
7281,81.22,27.15,32.1,tools
7282,72.14,30.06,5.59,clothing
7283,46.02,40.16,34.13,electronics
7284,83.55,7.43,24.76,food
7285,39.96,35.42,38.43,electronics
7286,67.77,18.86,35.29,tools
7287,35.97,39.88,22.98,medical
7288,35.51,25.3,24.68,tools
7289,15.16,10.23,18.52,clothing
7290,80.76,11.95,28.64,electronics
7291,49.43,48.61,18.24,electronics
7292,35.89,43.53,5.06,medical
7293,5.05,28.93,35.8,electronics
7294,96.96,28.95,36.55,tools
7295,80.81,6.34,14.6,food
7296,22.25,39.05,8.86,clothing
7297,61.54,19.42,1.3,clothing
7298,23.6,23.47,27.55,tools
7299,17.34,25.87,23.53,clothing
7300,60.74,36.35,1.27,medical
7301,31.67,45.22,29.88,food
7302,74.4,29.04,30.45,medical
7303,59.85,43.15,24.18,medical
7304,14.99,45.41,13.81,medical
7305,93.83,45.71,34.4,food
7306,25.07,34.16,30.18,clothing
7307,69.28,44.24,6.68,electronics
7308,74.72,48.2,22.87,clothing
7309,53.65,26.11,5.09,electronics
7310,78.71,48.49,19.23,food
7311,9.86,45.56,23.17,tools
7312,49.68,25.33,12.1,clothing
7313,98.12,42.63,37.76,electronics
7314,79.27,16.32,27.68,electronics
7315,87.61,16.18,5.3,tools
7316,47.93,29.49,33.31,medical
7317,17.87,32.37,37.12,electronics
7318,67.15,15.59,18.63,electronics
7319,99.38,6.35,16.25,electronics
7320,28.7,29.41,36.86,food
7321,92.49,26.27,38.24,clothing
7322,75.37,23.64,24.63,clothing
7323,96.78,18.83,34.35,medical
7324,53.2,11.93,27.21,electronics
7325,44.58,49.32,22.53,medical
7326,50.31,16.16,33.13,electronics
7327,69.33,24.95,38.25,food
7328,10.39,22.7,27.13,medical
7329,49.24,20.01,35.33,food
7330,35.05,2.25,25.43,medical
7331,53.25,11.68,23.77,food
7332,23.12,36.06,20.54,electronics
7333,6.3,45.31,16.94,clothing
7334,62.38,7.36,22.62,tools
7335,74.16,11.99,30.83,food
7336,93.32,34.49,16.31,food
7337,20.07,12.66,28.08,electronics
7338,81.84,14.95,18.57,electronics
7339,61.45,3.63,6.45,food
7340,28.34,24.62,3.92,medical
7341,80.26,17.16,2.3,food
7342,72.48,16.38,14.44,medical
7343,98.74,3.05,39.3,tools
7344,8.89,6.56,10.81,food
7345,44.72,16.15,37.54,electronics
7346,58.54,40.17,32.17,tools
7347,77.77,6.28,22.99,clothing
7348,13.86,32.11,19.63,tools
7349,85.06,16.92,18.07,medical
7350,14.82,8.54,34.9,clothing
7351,66.67,33.15,25.66,electronics
7352,41.69,14.88,22.74,electronics
7353,28.59,1.21,11.01,electronics
7354,35.76,47.04,23.64,tools
7355,16.98,20.99,28.52,medical
7356,5.63,25.42,30.96,clothing
7357,81.19,16.27,31.95,food
7358,66.39,24.92,34.46,food
7359,59.77,30.43,11.25,medical
7360,8.36,26.46,28.08,food
7361,43.03,19.47,26.77,food
7362,95.06,21.78,37.24,tools
7363,22.46,34.6,6.84,clothing
7364,47.19,47.5,27.38,medical
7365,14.9,38.89,2.45,medical
7366,7.26,36.34,38.29,tools
7367,21.4,3.74,23.78,food
7368,29.02,30.97,18.83,clothing
7369,50.18,9.02,5.47,food
7370,74.17,28.01,8.55,food
7371,76.72,41.08,23.94,tools
7372,75.36,8.72,36.87,clothing
7373,18.94,1.12,14.15,tools
7374,50.64,8.82,36.87,tools
7375,87.26,44.99,5.91,food
7376,53.54,32.97,18.33,electronics
7377,22.27,39.19,13.31,clothing
7378,58.17,25.06,22.12,medical
7379,79.98,44.64,37.41,tools
7380,43.02,8.39,28.03,clothing
7381,83.91,37.62,2.01,tools
7382,98.18,9.2,39.07,clothing
7383,10.04,15.27,17.22,medical
7384,39.74,29.4,6.36,electronics
7385,51.65,1.64,23.15,tools
7386,66.44,44.42,38.08,medical
7387,19.78,31.75,36.76,electronics
7388,21.8,23.59,18.67,medical
7389,71.01,23.99,22.35,clothing
7390,29.78,22.63,32.61,clothing
7391,30.9,16.59,19.26,tools
7392,99.43,5.23,36.29,clothing
7393,52.51,23.23,36.93,clothing
7394,34.1,20.55,3.39,clothing
7395,17.95,40.04,6.72,medical
7396,70.27,4.49,26.11,medical
7397,29.43,22.44,1.05,food
7398,87.24,4.65,21.12,medical
7399,8.16,19.97,28.97,clothing
7400,53.95,39.95,3.9,medical
7401,40.91,49.97,38.81,clothing
7402,84.62,32.16,6.63,clothing
7403,54.75,44.98,35.32,electronics
7404,17.69,34.55,10.29,electronics
7405,68.86,14.23,33.7,tools
7406,13.05,30.59,39.11,clothing
7407,69.69,28.25,21.37,tools
7408,93.44,6.81,1.05,clothing
7409,79.05,34.57,19.95,tools
7410,39.87,2.93,19.23,tools
7411,73.83,3.69,33.25,tools
7412,32.07,12.02,39.03,clothing
7413,40.43,22.69,15.79,food
7414,66.57,15.39,4.25,tools
7415,36.11,4.3,2.36,clothing
7416,92.89,3.51,19.29,tools
7417,52.15,37.11,2.1,food
7418,6.12,3.36,14.57,electronics
7419,58.71,9.01,30.74,food
7420,71.82,31.27,2.28,tools
7421,99.03,9.44,36.15,medical
7422,39.63,31.59,24.52,electronics
7423,66.6,34.05,26.5,electronics
7424,65.8,43.54,17.47,clothing
7425,87.37,49.4,30.18,electronics
7426,83.98,9.18,6.9,clothing
7427,77.54,13.64,26.29,tools
7428,31.72,20.82,5.41,food
7429,46.88,2.93,31.94,electronics
7430,13.83,45.01,8.32,medical
7431,94.06,49.18,30.93,medical
7432,79.99,40.01,16.42,clothing
7433,78.29,34.65,18.44,clothing
7434,15.95,34.13,15.69,tools
7435,84.56,16.69,20.36,tools
7436,81.79,23.43,24.35,tools
7437,80.99,26.53,25.0,medical
7438,54.04,4.86,11.64,clothing
7439,8.31,3.86,38.28,electronics
7440,52.81,9.37,29.64,electronics
7441,47.2,14.01,2.05,clothing
7442,59.87,22.4,8.12,electronics
7443,77.66,16.55,38.99,clothing
7444,15.38,45.17,4.53,tools
7445,91.55,26.39,32.23,tools
7446,96.41,13.26,27.42,clothing
7447,62.92,33.75,29.35,clothing
7448,26.13,9.13,10.47,clothing
7449,44.14,25.5,9.18,medical
7450,73.71,10.73,11.72,clothing
7451,5.79,38.21,35.51,food
7452,67.38,21.51,7.04,clothing
7453,96.94,25.27,37.36,tools
7454,36.82,17.26,22.32,food
7455,83.15,26.34,35.49,medical
7456,92.53,27.85,4.98,clothing
7457,18.39,4.15,30.59,electronics
7458,49.7,34.47,24.75,clothing
7459,31.6,15.95,1.19,food
7460,60.47,46.84,38.38,medical
7461,73.5,46.02,27.61,food
7462,12.66,22.06,18.86,medical
7463,36.92,3.32,11.59,food
7464,64.04,44.96,17.53,medical
7465,63.87,25.67,26.31,medical
7466,61.02,27.55,18.98,medical
7467,36.41,14.66,21.0,medical
7468,77.06,48.36,10.19,tools
7469,15.98,30.91,39.81,clothing
7470,99.16,49.2,17.22,tools
7471,70.67,48.17,17.96,medical
7472,36.62,49.56,39.53,clothing
7473,24.84,19.47,10.72,clothing
7474,7.59,8.51,11.87,clothing
7475,32.2,15.44,24.56,medical
7476,73.28,33.78,16.88,tools
7477,98.21,21.07,32.33,food
7478,72.0,35.36,10.36,tools
7479,96.78,40.76,2.1,medical
7480,36.85,13.36,2.18,electronics
7481,96.94,6.0,2.37,food
7482,47.7,46.27,10.41,tools
7483,25.25,22.56,27.33,medical
7484,11.4,21.28,26.3,electronics
7485,33.33,43.74,14.73,food
7486,86.85,40.19,5.1,tools
7487,24.92,35.23,20.17,food
7488,57.97,24.93,30.57,tools
7489,91.09,21.39,13.44,electronics
7490,37.94,43.23,13.92,medical
7491,40.79,18.33,13.72,electronics
7492,12.59,46.57,7.44,clothing
7493,69.66,9.63,6.44,food
7494,91.91,26.64,22.07,medical
7495,60.48,45.66,13.33,clothing
7496,30.89,29.88,28.88,clothing
7497,77.31,9.6,20.56,food
7498,99.39,42.19,39.62,medical
7499,88.93,17.09,2.73,tools
7500,68.64,42.15,7.53,clothing
7501,56.34,43.49,18.95,food
7502,24.91,8.81,1.65,medical
7503,94.74,26.62,39.23,food
7504,79.83,46.54,30.21,clothing
7505,41.97,21.95,22.12,electronics
7506,22.68,8.06,19.05,medical
7507,98.25,36.4,6.83,clothing
7508,99.42,24.67,22.88,electronics
7509,46.57,4.92,29.99,medical
7510,22.29,27.31,33.13,electronics
7511,65.58,18.0,34.93,electronics
7512,50.63,17.76,17.59,food
7513,95.63,7.32,32.36,medical
7514,52.47,35.98,2.43,electronics
7515,36.41,17.64,14.9,clothing
7516,49.63,3.98,5.91,medical
7517,25.96,32.17,33.17,food
7518,57.32,40.97,32.59,tools
7519,34.66,9.0,10.93,food
7520,36.45,17.55,36.42,clothing
7521,62.34,39.7,27.67,clothing
7522,80.6,44.73,39.34,tools
7523,32.85,6.1,19.59,clothing
7524,56.06,47.76,15.03,clothing
7525,45.03,39.43,12.13,medical
7526,27.12,20.16,31.68,electronics
7527,41.11,1.5,38.59,electronics
7528,53.92,46.44,11.32,medical
7529,52.45,12.18,8.31,food
7530,64.24,4.46,27.9,electronics
7531,56.71,17.18,21.85,medical
7532,7.76,33.3,17.51,food
7533,27.72,31.13,37.66,clothing
7534,84.83,34.2,11.88,food
7535,45.07,2.56,17.09,clothing
7536,61.49,11.11,4.32,tools
7537,26.41,47.81,23.46,tools
7538,70.91,12.82,37.87,medical
7539,13.66,38.2,6.61,food
7540,28.54,21.79,25.36,electronics
7541,89.65,27.86,39.93,tools
7542,56.38,1.83,5.56,food
7543,24.64,14.73,32.52,electronics
7544,43.35,2.04,25.8,medical
7545,51.65,26.06,18.97,electronics
7546,92.97,18.92,17.83,clothing
7547,39.97,35.15,23.67,electronics
7548,38.58,25.24,23.17,clothing
7549,59.15,48.84,1.99,electronics
7550,35.8,32.78,27.84,medical
7551,17.73,35.79,4.24,tools
7552,33.53,18.86,35.71,electronics
7553,90.27,28.4,25.35,food
7554,70.52,7.42,34.28,electronics
7555,18.62,46.72,37.75,clothing
7556,66.3,25.53,31.22,tools
7557,42.46,16.35,35.07,clothing
7558,64.77,10.06,12.68,electronics
7559,51.69,35.82,13.47,tools
7560,81.36,2.98,32.47,food
7561,49.99,19.9,25.3,electronics
7562,49.01,2.26,29.5,clothing
7563,18.44,47.6,8.35,electronics
7564,69.9,12.86,29.22,tools
7565,79.65,37.15,12.1,electronics
7566,5.91,35.41,23.73,medical
7567,27.19,32.56,31.98,tools
7568,59.71,5.42,32.09,tools
7569,83.16,45.16,15.11,food
7570,38.59,29.01,23.74,tools
7571,72.2,14.83,32.87,clothing
7572,91.74,5.34,32.22,food
7573,90.9,16.92,16.86,tools
7574,57.6,30.12,38.24,tools
7575,24.37,15.83,38.57,food
7576,29.89,25.61,15.31,tools
7577,24.2,30.44,27.74,medical
7578,70.73,44.73,17.67,medical
7579,13.28,25.18,12.32,food
7580,16.02,6.71,2.01,food
7581,63.83,44.26,28.6,clothing
7582,12.94,11.97,4.6,clothing
7583,86.63,28.46,7.35,clothing
7584,95.32,3.49,22.26,clothing
7585,72.58,29.34,27.42,electronics
7586,81.91,8.73,5.56,clothing
7587,15.23,29.21,24.01,clothing
7588,19.64,33.86,8.5,medical
7589,96.6,36.63,28.15,tools
7590,47.02,8.43,30.65,medical
7591,51.46,49.59,38.98,tools
7592,91.57,5.17,34.47,food
7593,70.62,45.19,4.6,tools
7594,89.35,39.87,19.69,tools
7595,35.5,43.47,5.37,food
7596,79.26,2.12,35.61,food
7597,30.88,40.15,24.1,medical
7598,7.64,25.16,10.99,clothing
7599,50.1,20.15,3.26,medical
7600,48.11,37.81,6.99,medical
7601,19.44,4.69,15.72,food
7602,16.18,2.28,8.64,medical
7603,96.17,25.69,4.0,tools
7604,34.97,44.55,30.45,tools
7605,95.64,38.22,23.36,medical
7606,86.67,11.08,17.56,medical
7607,7.16,17.92,24.69,medical
7608,91.83,43.27,38.75,medical
7609,70.21,13.03,28.91,food
7610,25.73,23.6,2.14,tools
7611,75.51,16.6,32.93,tools
7612,60.1,43.47,3.56,tools
7613,58.15,10.7,8.12,electronics
7614,25.47,2.5,30.35,electronics
7615,89.51,39.14,12.43,clothing
7616,70.88,28.05,25.3,food
7617,28.12,17.42,29.56,clothing
7618,51.82,7.96,34.19,electronics
7619,91.77,42.08,6.51,electronics
7620,57.29,17.55,11.7,electronics
7621,99.9,6.52,25.19,tools
7622,89.95,47.79,31.49,food
7623,92.34,26.45,7.44,food
7624,45.69,27.59,36.45,clothing
7625,72.49,10.58,35.24,food
7626,18.81,12.79,1.66,electronics
7627,71.01,21.15,18.12,clothing
7628,34.56,21.63,32.18,clothing
7629,45.92,24.5,28.76,tools
7630,42.33,25.06,4.45,tools
7631,43.03,6.18,13.98,food
7632,59.63,24.56,2.46,electronics
7633,39.04,15.79,21.0,tools
7634,76.18,14.2,32.17,electronics
7635,46.74,27.66,28.56,food
7636,71.79,44.69,3.83,clothing
7637,41.21,6.0,16.08,tools
7638,86.68,44.0,3.97,clothing
7639,62.72,20.58,30.19,electronics
7640,37.46,35.75,11.51,electronics
7641,91.43,9.6,16.53,food
7642,41.08,37.9,37.07,food
7643,52.48,5.39,11.41,tools
7644,23.85,43.99,27.39,electronics
7645,31.68,17.56,23.1,medical
7646,79.85,2.4,10.0,tools
7647,85.87,5.54,38.26,food
7648,19.46,39.0,38.3,clothing
7649,40.76,29.77,36.38,food
7650,70.59,32.93,29.34,medical
7651,75.66,40.34,16.23,clothing
7652,27.02,19.01,31.66,tools
7653,94.52,16.92,27.49,medical
7654,7.04,39.71,8.55,tools
7655,79.18,30.62,4.32,electronics
7656,8.15,6.56,8.37,electronics
7657,86.33,37.93,37.94,food
7658,31.13,26.86,10.82,electronics
7659,22.94,37.53,19.48,medical
7660,8.22,34.86,7.74,medical
7661,93.16,17.21,26.77,electronics
7662,88.25,7.08,32.64,clothing
7663,95.69,13.5,24.91,medical
7664,45.64,17.14,6.39,tools
7665,98.19,37.83,19.56,electronics
7666,85.25,7.39,14.37,clothing
7667,5.74,1.59,17.18,tools
7668,66.59,22.89,11.57,medical
7669,60.1,39.37,28.19,electronics
7670,60.58,12.48,27.29,medical
7671,72.6,27.99,33.11,medical
7672,31.46,36.88,24.64,tools
7673,70.25,34.49,2.8,tools
7674,47.27,23.79,38.67,tools
7675,16.92,35.89,12.07,electronics
7676,47.6,47.65,29.77,food
7677,8.89,14.26,39.96,clothing
7678,33.66,14.81,28.26,electronics
7679,21.5,35.58,25.85,food
7680,34.77,18.18,6.84,clothing
7681,24.19,11.45,7.59,clothing
7682,81.92,35.93,34.52,medical
7683,59.51,28.18,26.72,tools
7684,92.24,21.31,13.7,electronics
7685,65.54,47.58,19.42,tools
7686,37.46,28.46,35.46,tools
7687,84.4,43.4,38.45,tools
7688,69.14,26.57,24.19,tools
7689,93.57,46.86,20.02,clothing
7690,16.48,49.45,5.65,electronics
7691,93.64,13.63,15.89,tools
7692,96.94,49.97,34.39,food
7693,10.73,29.25,15.17,electronics
7694,21.38,38.6,35.05,medical
7695,25.22,36.85,31.02,clothing
7696,92.14,43.04,30.85,food
7697,27.91,50.0,27.1,electronics
7698,58.16,42.1,29.39,medical
7699,5.45,23.97,22.86,tools
7700,65.09,17.69,7.73,tools
7701,19.9,37.8,29.36,clothing
7702,83.69,27.98,7.37,food
7703,43.59,29.02,23.84,clothing
7704,43.86,20.89,29.39,food
7705,56.41,18.67,29.04,food
7706,57.18,11.54,23.27,electronics
7707,48.64,21.08,16.7,clothing
7708,17.69,6.31,28.97,tools
7709,22.95,49.66,19.42,clothing
7710,85.06,2.04,2.82,food
7711,51.3,39.06,21.58,clothing
7712,76.42,21.43,28.83,medical
7713,76.39,47.02,9.77,tools
7714,52.38,42.19,30.35,tools
7715,59.21,44.58,21.08,electronics
7716,52.94,30.1,27.22,medical
7717,51.71,15.92,18.17,medical
7718,93.72,9.62,16.98,tools
7719,85.98,40.12,27.25,electronics
7720,82.15,20.35,18.22,medical
7721,49.73,18.66,11.77,clothing
7722,53.43,25.61,18.42,clothing
7723,30.79,24.35,14.65,tools
7724,23.41,17.36,6.16,food
7725,10.8,22.44,8.0,clothing
7726,99.21,12.06,9.45,medical
7727,68.01,45.3,14.47,electronics
7728,95.48,11.91,1.39,tools
7729,99.91,23.61,31.24,electronics
7730,78.68,2.92,15.86,electronics
7731,13.22,26.23,6.72,food
7732,30.82,20.59,19.67,tools
7733,16.89,35.7,8.8,clothing
7734,61.39,2.21,29.08,electronics
7735,84.85,44.11,16.58,medical
7736,62.05,11.23,6.3,medical
7737,26.9,49.65,6.05,clothing
7738,94.65,35.16,7.21,clothing
7739,26.93,7.85,31.67,food
7740,52.24,9.66,14.14,clothing
7741,24.75,2.73,32.59,medical
7742,83.33,36.93,28.86,tools
7743,5.66,34.95,13.18,food
7744,28.84,44.91,8.97,medical
7745,6.06,10.68,10.1,food
7746,69.87,31.98,21.96,clothing
7747,25.0,14.77,16.55,tools
7748,17.15,32.64,35.74,tools
7749,30.59,11.74,4.94,clothing
7750,81.09,32.44,15.5,tools
7751,50.36,21.63,26.69,clothing
7752,6.57,48.88,25.49,electronics
7753,40.11,35.6,12.98,food
7754,14.11,24.98,28.17,food
7755,49.04,33.77,17.97,tools
7756,35.7,35.95,25.54,medical
7757,23.83,48.52,38.76,medical
7758,54.63,18.77,8.96,food
7759,54.99,28.25,25.79,clothing
7760,8.61,30.56,24.93,clothing
7761,49.53,45.9,27.21,food
7762,69.38,4.93,15.52,food
7763,20.67,30.1,15.59,clothing
7764,83.31,21.61,14.47,electronics
7765,79.04,34.37,29.37,food
7766,36.5,20.41,17.94,clothing
7767,43.45,33.88,2.44,medical
7768,26.2,15.59,17.28,tools
7769,87.73,41.61,23.5,clothing
7770,45.71,7.97,23.76,clothing
7771,13.46,36.8,10.01,electronics
7772,22.59,8.19,19.32,food
7773,19.51,16.94,23.07,medical
7774,27.99,34.17,12.5,clothing
7775,69.28,21.32,24.27,electronics
7776,63.43,45.93,12.27,food
7777,57.85,18.05,31.73,electronics
7778,44.4,22.34,26.84,electronics
7779,23.85,24.03,21.03,food
7780,7.97,8.33,34.23,tools
7781,67.91,37.08,37.85,food
7782,41.12,19.43,27.63,food
7783,38.34,20.14,31.99,food
7784,73.38,41.51,7.63,food
7785,32.08,25.74,11.45,food
7786,61.85,4.2,27.03,tools
7787,80.71,29.43,2.3,tools
7788,33.72,26.45,16.46,tools
7789,76.04,11.19,34.5,food
7790,44.27,15.91,30.46,clothing
7791,89.22,31.77,8.71,medical
7792,53.84,31.09,25.57,electronics
7793,13.68,49.59,32.0,clothing
7794,68.74,30.37,20.33,medical
7795,32.8,46.95,28.58,electronics
7796,65.66,28.4,1.56,electronics
7797,76.37,40.92,28.92,medical
7798,46.36,29.16,12.71,medical
7799,80.31,34.74,38.77,clothing
7800,46.85,27.91,3.22,electronics
7801,17.42,47.23,2.17,electronics
7802,41.95,17.89,39.51,clothing
7803,23.18,27.57,35.86,medical
7804,47.04,30.08,36.97,clothing
7805,52.73,48.86,11.66,electronics
7806,38.7,30.71,16.73,electronics
7807,63.8,25.66,16.41,electronics
7808,10.49,12.75,20.95,clothing
7809,66.27,41.61,16.21,medical
7810,81.21,47.66,7.45,food
7811,33.33,43.87,14.97,clothing
7812,43.54,17.17,39.87,food
7813,82.92,34.62,16.17,food
7814,52.92,4.11,21.32,tools
7815,24.91,43.52,17.36,electronics
7816,41.27,1.03,12.69,tools
7817,25.13,20.72,18.21,medical
7818,45.88,45.79,5.78,tools
7819,45.47,10.13,5.52,electronics
7820,9.21,37.97,29.35,medical
7821,71.38,48.97,22.5,medical
7822,72.47,35.84,28.37,clothing
7823,90.78,3.18,31.73,electronics
7824,16.65,26.54,9.64,food
7825,40.42,42.41,17.22,medical
7826,5.12,40.93,21.11,electronics
7827,76.17,38.55,2.01,clothing
7828,37.18,42.87,8.53,clothing
7829,6.1,49.58,35.49,tools
7830,22.51,15.42,14.8,medical
7831,13.99,27.56,36.54,clothing
7832,10.21,37.64,26.51,tools
7833,61.79,30.77,31.06,tools
7834,23.02,20.66,31.59,electronics
7835,8.44,18.46,5.71,tools
7836,68.83,37.25,24.13,clothing
7837,44.12,22.46,20.56,medical
7838,12.3,1.38,1.45,electronics
7839,62.98,8.23,34.18,food
7840,76.37,47.44,34.13,electronics
7841,6.64,46.0,28.38,clothing
7842,45.14,8.53,24.05,food
7843,82.21,4.64,8.59,clothing
7844,38.54,48.12,2.64,electronics
7845,8.93,3.56,39.69,food
7846,50.41,34.13,37.49,medical
7847,52.12,26.59,14.6,food
7848,73.05,13.49,1.27,medical
7849,15.09,34.83,35.96,food
7850,90.99,39.66,29.89,tools
7851,66.72,45.93,39.79,clothing
7852,99.68,19.16,3.86,electronics
7853,51.59,5.57,5.3,clothing
7854,46.0,41.74,3.48,tools
7855,90.43,33.69,6.14,food
7856,88.11,31.11,24.74,food
7857,23.59,9.92,14.93,clothing
7858,78.05,29.46,36.7,tools
7859,45.77,8.38,5.49,electronics
7860,82.52,17.7,17.79,clothing
7861,71.61,49.83,32.8,tools
7862,88.74,35.49,25.7,clothing
7863,77.47,43.15,2.89,electronics
7864,39.13,17.85,4.47,food
7865,76.68,42.28,31.91,tools
7866,54.29,20.84,11.69,tools
7867,94.44,44.61,30.98,electronics
7868,29.24,40.02,16.88,tools
7869,88.26,35.37,27.98,medical
7870,91.17,13.58,32.37,clothing
7871,84.87,14.39,22.99,electronics
7872,31.65,43.89,2.16,medical
7873,6.1,34.33,34.14,electronics
7874,83.72,45.67,2.35,food
7875,70.77,23.38,14.28,medical
7876,61.44,11.8,25.11,clothing
7877,91.88,18.07,26.5,medical
7878,29.5,30.81,11.69,electronics
7879,18.59,31.31,1.63,clothing
7880,39.11,46.57,39.88,medical
7881,91.23,9.78,34.07,clothing
7882,32.33,20.91,16.23,tools
7883,88.42,40.51,8.61,tools
7884,42.12,42.98,12.14,food
7885,54.82,31.87,5.82,electronics
7886,68.87,19.39,21.23,clothing
7887,91.13,7.6,31.51,medical
7888,17.3,40.53,38.34,tools
7889,16.49,20.12,6.35,clothing
7890,42.91,1.39,8.4,clothing
7891,54.6,14.23,37.71,clothing
7892,61.48,31.94,31.66,medical
7893,50.9,3.25,16.44,medical
7894,19.95,25.38,20.15,electronics
7895,9.26,4.08,15.19,medical
7896,95.43,11.11,28.96,food
7897,35.62,14.4,38.48,electronics
7898,19.38,41.56,16.22,tools
7899,5.07,16.73,33.64,clothing
7900,34.35,20.13,3.44,food
7901,15.26,47.83,3.21,food
7902,5.78,18.64,29.55,food
7903,36.39,38.61,8.35,tools
7904,53.93,19.2,17.13,electronics
7905,63.2,41.64,9.97,food
7906,28.01,7.22,29.0,tools
7907,5.63,5.17,6.73,clothing
7908,30.73,13.65,30.02,tools
7909,80.32,14.58,28.24,tools
7910,31.7,2.52,36.23,medical
7911,53.64,14.0,36.37,food
7912,69.69,32.12,35.16,medical
7913,61.22,27.66,27.88,electronics
7914,9.29,8.28,37.19,medical
7915,93.4,8.22,4.62,medical
7916,64.16,28.73,27.58,clothing
7917,12.68,6.34,1.6,tools
7918,81.38,28.78,6.87,electronics
7919,20.45,21.01,39.74,clothing
7920,78.37,37.99,17.97,food
7921,69.53,18.72,19.47,electronics
7922,78.75,43.68,34.81,medical
7923,25.25,35.41,20.59,clothing
7924,18.65,37.7,39.69,food
7925,34.88,15.48,8.24,electronics
7926,24.25,6.72,36.06,clothing
7927,69.56,38.1,22.59,electronics
7928,9.38,13.23,14.12,food
7929,57.63,26.84,20.92,medical
7930,20.09,49.36,18.21,medical
7931,46.34,45.84,28.64,clothing
7932,17.21,27.75,20.31,electronics
7933,72.14,41.56,18.42,food
7934,10.28,24.16,9.1,food
7935,73.09,20.11,15.04,food
7936,14.76,39.08,28.66,medical
7937,17.2,33.18,2.34,electronics
7938,72.63,47.09,11.02,electronics
7939,25.89,32.14,5.75,medical
7940,12.75,46.18,14.86,clothing
7941,79.9,30.28,37.32,electronics
7942,72.24,16.28,37.33,food
7943,11.57,39.99,34.16,tools
7944,82.02,34.49,15.13,food
7945,82.78,44.47,31.63,medical
7946,20.64,22.17,25.0,tools
7947,13.76,37.75,30.11,electronics
7948,26.5,15.77,24.39,electronics
7949,75.19,27.59,14.88,clothing
7950,73.11,31.72,29.61,clothing
7951,53.13,42.06,19.57,medical
7952,10.1,35.82,37.29,food
7953,15.98,29.06,6.98,clothing
7954,29.24,23.36,39.13,food
7955,53.92,25.06,12.25,tools
7956,95.49,11.32,5.58,food
7957,22.69,43.68,13.54,clothing
7958,8.89,44.11,1.54,medical
7959,24.64,6.77,13.18,clothing
7960,25.74,20.42,19.07,medical
7961,49.8,43.07,10.98,medical
7962,6.71,20.73,17.03,electronics
7963,43.21,1.18,38.71,medical
7964,96.42,7.82,34.34,clothing
7965,85.99,6.89,38.72,clothing
7966,17.07,29.47,37.19,clothing
7967,44.46,47.96,7.44,clothing
7968,80.06,38.37,6.21,electronics
7969,72.29,11.56,9.03,tools
7970,91.1,36.37,15.05,clothing
7971,99.84,22.11,7.48,tools
7972,90.51,20.64,38.7,tools
7973,89.31,27.61,39.55,tools
7974,22.26,13.37,36.65,food
7975,99.86,26.53,29.35,clothing
7976,88.44,28.56,5.39,clothing
7977,67.49,49.09,32.14,electronics
7978,14.32,48.38,8.07,tools
7979,87.93,37.72,19.24,tools
7980,50.01,35.67,12.97,food
7981,79.98,13.37,38.04,tools
7982,12.9,21.13,14.18,electronics
7983,92.94,37.17,32.99,electronics
7984,59.41,13.64,3.86,food
7985,52.47,37.98,36.93,food
7986,77.49,21.1,36.47,medical
7987,36.96,25.33,20.07,medical
7988,45.63,25.13,20.04,clothing
7989,24.91,39.63,17.58,food
7990,84.18,16.12,19.94,clothing
7991,11.93,17.96,31.2,clothing
7992,7.23,27.84,22.23,electronics
7993,22.02,39.54,34.34,food
7994,24.05,30.74,27.5,medical
7995,85.7,6.63,34.77,tools
7996,13.93,5.02,24.78,electronics
7997,34.26,48.38,13.0,food
7998,76.19,21.22,10.79,clothing
7999,19.85,4.65,39.72,clothing
8000,6.21,1.12,29.32,medical
8001,14.24,46.75,31.32,electronics
8002,83.42,35.5,1.72,clothing
8003,59.22,5.39,39.27,medical
8004,26.3,33.41,2.04,medical
8005,63.24,29.04,19.01,food
8006,41.77,9.89,2.43,medical
8007,16.23,40.25,30.71,medical
8008,22.21,15.97,27.31,tools
8009,39.56,40.12,23.14,medical
8010,98.19,44.89,36.54,clothing
8011,98.5,6.07,33.93,electronics
8012,39.38,34.42,25.1,food
8013,77.98,24.96,1.28,tools
8014,69.72,16.1,25.12,medical
8015,69.21,11.07,32.53,medical
8016,5.44,48.35,17.54,electronics
8017,43.6,28.04,21.91,clothing
8018,44.91,4.08,37.19,clothing
8019,37.59,30.64,8.82,electronics
8020,52.59,49.33,19.68,clothing
8021,32.87,11.41,28.18,food
8022,99.32,21.13,11.59,medical
8023,9.85,19.75,6.86,medical
8024,84.77,33.23,35.52,electronics
8025,61.48,40.62,32.14,electronics
8026,54.23,33.14,16.1,clothing
8027,29.63,29.59,11.34,medical
8028,75.74,18.09,33.84,food
8029,31.13,22.72,10.86,electronics
8030,66.54,36.13,6.06,tools
8031,78.59,12.83,20.31,clothing
8032,66.51,28.4,11.64,clothing
8033,63.06,16.43,9.85,clothing
8034,29.58,44.0,10.24,electronics
8035,31.57,43.48,2.27,medical
8036,54.87,19.36,21.75,food
8037,74.29,19.22,16.71,food
8038,22.72,30.75,10.66,clothing
8039,41.08,48.82,21.47,electronics
8040,82.09,2.43,9.64,food
8041,10.26,40.34,11.72,electronics
8042,5.12,44.12,9.52,electronics
8043,84.65,16.4,2.79,food
8044,43.72,26.31,34.9,medical
8045,65.01,22.16,8.88,electronics
8046,92.83,23.9,26.26,electronics
8047,70.71,49.89,38.2,medical
8048,87.06,37.53,10.66,food
8049,90.83,10.63,31.57,clothing
8050,50.08,6.46,24.19,tools
8051,72.33,38.14,12.06,tools
8052,10.07,5.35,7.98,medical
8053,46.44,24.66,21.8,clothing
8054,36.15,20.2,39.09,electronics
8055,61.23,23.61,23.07,medical
8056,24.21,10.62,10.21,tools
8057,45.58,13.92,9.38,electronics
8058,47.48,33.11,11.51,medical
8059,55.17,11.31,14.31,electronics
8060,68.52,38.66,27.76,medical
8061,8.01,38.27,2.13,medical
8062,86.77,24.05,17.88,medical
8063,10.74,5.17,34.0,clothing
8064,69.62,6.87,7.24,food
8065,27.72,36.22,36.98,food
8066,59.15,7.24,20.19,electronics
8067,39.57,32.59,21.32,electronics
8068,96.2,6.02,29.72,food
8069,91.38,13.17,17.04,clothing
8070,47.36,17.39,28.04,tools
8071,51.48,4.24,2.75,medical
8072,85.28,18.8,35.57,medical
8073,30.4,25.3,38.66,clothing
8074,24.47,27.35,26.17,medical
8075,55.44,14.18,38.79,tools
8076,26.66,26.36,30.98,medical
8077,25.24,46.56,13.81,electronics
8078,70.56,1.35,12.35,electronics
8079,63.92,24.48,21.05,clothing
8080,5.94,6.77,18.62,clothing
8081,28.26,33.5,16.21,electronics
8082,28.34,47.46,17.69,clothing
8083,35.93,31.58,33.32,electronics
8084,99.42,44.55,22.48,clothing
8085,90.6,49.83,23.92,tools
8086,23.99,10.12,25.4,medical
8087,64.5,19.22,1.2,electronics
8088,19.68,31.35,31.47,tools
8089,75.61,8.79,33.5,tools
8090,90.4,30.75,24.33,clothing
8091,43.21,10.6,1.83,clothing
8092,83.14,9.09,10.59,medical
8093,38.5,48.48,39.16,tools
8094,46.82,32.49,5.58,electronics
8095,31.14,39.95,3.34,food
8096,69.85,11.22,7.37,tools
8097,18.87,48.76,24.76,food
8098,13.87,48.84,13.73,tools
8099,32.76,10.82,26.91,clothing
8100,18.3,2.91,39.87,medical
8101,93.66,7.19,36.43,electronics
8102,55.19,7.1,28.03,clothing
8103,27.56,48.42,36.47,electronics
8104,33.25,15.11,18.48,clothing
8105,39.1,38.07,19.93,medical
8106,89.07,29.76,21.49,food
8107,30.74,36.12,25.89,electronics
8108,27.49,41.66,15.62,tools
8109,55.9,24.81,34.52,food
8110,77.65,43.65,18.03,electronics
8111,85.94,29.76,34.85,tools
8112,52.92,10.05,15.13,medical
8113,70.13,38.93,31.55,tools
8114,36.97,17.58,2.6,tools
8115,94.0,7.07,17.51,clothing
8116,36.19,15.86,29.93,medical
8117,41.83,34.09,14.2,electronics
8118,53.69,14.8,29.84,electronics
8119,75.02,26.01,6.31,electronics
8120,32.37,35.88,2.6,electronics
8121,7.54,46.71,17.11,electronics
8122,37.93,18.26,28.21,food
8123,39.99,17.3,20.92,tools
8124,53.24,35.88,26.9,medical
8125,46.67,17.16,18.43,medical
8126,64.62,46.75,11.59,clothing
8127,88.02,19.13,35.3,tools
8128,16.99,26.2,6.79,electronics
8129,74.98,40.8,10.68,clothing
8130,49.64,2.89,20.24,electronics
8131,88.05,44.74,24.39,electronics
8132,57.0,16.22,27.83,medical
8133,48.88,13.99,29.07,tools
8134,46.46,7.5,27.43,electronics
8135,79.87,33.29,20.05,food
8136,36.34,29.72,14.4,tools
8137,93.36,39.05,17.81,electronics
8138,64.29,39.77,15.65,tools
8139,79.31,45.65,39.44,medical
8140,19.01,24.65,15.06,tools
8141,94.48,41.03,37.99,food
8142,31.25,25.33,37.23,tools
8143,10.31,14.86,15.22,clothing
8144,27.86,15.2,14.87,electronics
8145,89.33,18.81,17.97,food
8146,96.03,21.77,22.77,food
8147,24.34,39.92,37.18,medical
8148,71.44,43.17,17.17,clothing
8149,10.13,41.2,24.9,tools
8150,33.64,40.37,23.64,tools
8151,52.76,38.2,2.98,food
8152,12.55,5.35,36.52,medical
8153,58.12,38.53,4.65,clothing
8154,48.4,12.34,16.25,medical
8155,89.28,39.14,25.03,food
8156,87.68,33.74,17.39,clothing
8157,59.7,48.21,21.19,clothing
8158,56.9,32.67,1.95,tools
8159,8.17,19.22,30.74,food
8160,61.74,5.55,15.41,food
8161,21.46,8.93,12.12,tools
8162,63.05,10.3,27.44,food
8163,72.22,47.08,17.9,medical
8164,60.81,10.06,1.1,food
8165,56.62,32.18,21.23,tools
8166,58.16,31.13,21.6,electronics
8167,95.5,23.04,4.87,medical
8168,78.43,22.18,10.69,electronics
8169,88.66,40.41,29.83,clothing
8170,27.1,26.11,4.62,electronics
8171,22.7,38.53,17.96,medical
8172,31.42,36.67,17.11,electronics
8173,85.58,13.63,26.28,food
8174,77.82,38.48,30.7,clothing
8175,82.94,20.92,18.25,electronics
8176,54.24,34.47,22.44,medical
8177,83.35,15.82,24.77,food
8178,34.55,26.8,26.89,electronics
8179,93.57,13.6,32.8,food
8180,98.36,28.88,28.42,food
8181,13.73,17.02,32.52,medical
8182,34.54,8.06,24.99,tools
8183,94.45,31.7,31.9,clothing
8184,77.11,42.5,37.61,medical
8185,30.49,47.8,16.16,medical
8186,68.43,40.58,3.49,tools
8187,67.82,27.35,33.75,clothing
8188,79.24,8.15,26.93,food
8189,30.3,28.45,6.36,tools
8190,26.52,11.18,19.95,clothing
8191,78.49,3.61,16.09,tools
8192,24.36,21.27,36.88,clothing
8193,96.55,25.29,10.54,electronics
8194,79.79,17.07,16.02,electronics
8195,69.2,23.02,16.58,electronics
8196,83.44,23.56,16.03,tools
8197,10.14,18.28,3.62,food
8198,92.07,32.22,19.68,medical
8199,29.81,13.52,24.46,food
8200,96.97,45.86,7.46,tools
8201,39.93,6.26,38.52,electronics
8202,23.32,13.31,10.87,tools
8203,10.84,8.4,39.25,clothing
8204,45.97,13.25,28.9,electronics
8205,18.04,13.23,4.23,clothing
8206,13.81,48.58,14.56,tools
8207,81.42,21.03,25.47,food
8208,26.26,44.08,22.35,tools
8209,56.63,31.67,39.57,food
8210,84.13,35.77,20.53,medical
8211,90.41,21.13,39.81,food
8212,86.15,33.91,27.98,tools
8213,79.04,7.31,8.97,tools
8214,5.15,2.99,39.29,clothing
8215,63.48,4.79,33.12,tools
8216,8.63,8.4,24.52,clothing
8217,30.39,23.5,33.71,electronics
8218,60.14,38.56,15.11,clothing
8219,6.99,42.51,19.45,food
8220,38.38,31.4,4.73,tools
8221,81.17,11.56,36.24,clothing
8222,83.05,3.19,37.74,tools
8223,64.61,24.48,35.98,electronics
8224,16.73,2.97,4.0,clothing
8225,76.36,44.96,39.16,tools
8226,43.14,29.8,12.21,food
8227,83.2,6.4,39.94,food
8228,96.81,8.59,12.05,tools
8229,62.91,22.73,10.71,tools
8230,22.06,21.82,14.7,tools
8231,21.68,10.86,4.37,medical
8232,96.96,17.65,1.86,food
8233,28.8,16.97,14.2,medical
8234,48.41,7.8,3.11,food
8235,43.49,44.69,30.15,food
8236,48.2,16.39,1.3,electronics
8237,90.82,42.43,36.78,medical
8238,57.24,3.04,23.58,electronics
8239,48.92,4.72,3.77,food
8240,12.91,26.6,34.13,medical
8241,87.6,30.34,32.6,food
8242,39.67,39.99,23.4,food
8243,77.22,46.03,1.65,electronics
8244,30.9,14.81,23.73,electronics
8245,96.99,43.67,17.33,medical
8246,82.68,44.92,23.69,food
8247,18.8,6.31,21.59,tools
8248,19.05,9.66,27.65,medical
8249,76.24,39.42,25.5,electronics
8250,75.23,29.1,6.56,tools
8251,33.94,42.95,26.45,tools
8252,35.68,15.93,20.67,electronics
8253,14.36,30.73,8.42,medical
8254,78.6,36.45,9.75,medical
8255,24.29,12.67,13.31,electronics
8256,71.49,10.48,28.32,tools
8257,5.28,41.16,36.09,tools
8258,43.53,49.55,10.1,medical
8259,8.14,32.69,4.74,medical
8260,6.02,48.37,11.51,tools
8261,15.58,10.01,28.45,clothing
8262,21.11,45.03,33.55,food
8263,86.95,46.1,25.48,clothing
8264,75.76,5.53,26.04,clothing
8265,40.54,26.93,18.71,clothing
8266,47.22,2.8,24.57,medical
8267,95.42,12.6,27.89,clothing
8268,27.7,38.41,3.7,tools
8269,70.13,36.33,35.81,clothing
8270,12.98,19.54,30.99,food
8271,28.5,32.87,20.04,food
8272,99.53,19.41,26.1,tools
8273,54.32,35.96,11.05,electronics
8274,9.1,18.17,28.98,electronics
8275,93.17,43.64,33.29,electronics
8276,59.24,46.64,15.38,tools
8277,68.07,42.77,39.63,electronics
8278,5.64,13.79,8.02,tools
8279,49.55,44.16,13.49,food
8280,66.99,36.34,18.56,clothing
8281,67.86,8.85,2.02,food
8282,97.93,41.68,26.65,tools
8283,16.52,22.37,34.57,tools
8284,75.25,2.29,24.65,food
8285,46.42,1.16,26.32,clothing
8286,31.44,29.02,32.77,tools
8287,67.1,3.4,35.02,food
8288,52.46,20.9,7.56,tools
8289,37.75,42.36,27.06,clothing
8290,48.87,41.34,34.19,tools
8291,13.04,33.88,19.1,medical
8292,53.12,44.17,4.92,clothing
8293,36.91,32.73,31.14,clothing
8294,91.33,15.99,2.1,medical
8295,47.71,32.15,38.51,electronics
8296,42.08,40.11,27.75,clothing
8297,82.66,8.32,14.81,tools
8298,97.24,19.05,10.37,clothing
8299,93.71,33.48,32.09,clothing
8300,79.33,30.88,14.72,tools
8301,52.12,6.19,19.21,electronics
8302,88.53,36.4,17.23,medical
8303,22.97,27.53,22.49,tools
8304,51.56,25.34,20.87,electronics
8305,52.42,30.75,15.58,clothing
8306,93.21,33.67,37.86,clothing
8307,34.16,27.32,15.54,clothing
8308,59.98,24.01,5.84,electronics
8309,18.74,2.77,4.13,food
8310,10.85,19.62,10.91,clothing
8311,16.69,19.69,20.15,clothing
8312,13.46,21.59,23.83,food
8313,25.03,12.71,2.47,tools
8314,28.3,28.2,22.72,tools
8315,35.49,20.27,6.17,medical
8316,40.52,12.54,33.88,food
8317,45.23,9.41,6.29,electronics
8318,78.68,47.85,10.89,clothing
8319,16.77,10.13,7.15,clothing
8320,86.18,29.87,12.32,electronics
8321,16.61,12.31,38.97,food
8322,18.06,11.83,18.18,medical
8323,53.51,17.45,37.38,food
8324,58.93,14.57,29.13,medical
8325,40.48,38.14,26.29,electronics
8326,35.94,24.64,26.75,medical
8327,79.19,28.56,18.89,food
8328,12.05,7.15,12.75,electronics
8329,65.87,11.11,10.66,tools
8330,11.53,17.19,14.72,clothing
8331,18.37,48.47,7.16,clothing
8332,30.81,2.7,31.7,medical
8333,61.19,42.88,18.58,electronics
8334,99.22,10.14,24.86,food
8335,23.95,5.92,21.9,medical
8336,97.77,40.52,21.95,electronics
8337,6.57,29.06,11.62,clothing
8338,66.11,14.36,32.27,tools
8339,79.66,4.31,12.69,medical
8340,79.05,30.06,11.16,food
8341,38.14,42.23,6.86,tools
8342,15.15,26.7,3.77,clothing
8343,88.34,31.13,24.84,clothing
8344,65.94,11.49,7.07,clothing
8345,28.31,22.97,38.18,food
8346,55.22,40.03,35.62,tools
8347,14.57,16.92,20.48,food
8348,33.46,19.1,3.08,tools
8349,87.71,42.02,12.17,food
8350,41.51,15.79,37.69,electronics
8351,31.96,49.47,1.13,food
8352,96.34,41.7,14.33,electronics
8353,80.34,31.53,28.13,food
8354,68.04,28.91,1.15,tools
8355,76.32,13.06,12.51,electronics
8356,41.57,45.74,36.81,clothing
8357,92.96,41.83,11.11,tools
8358,73.47,3.48,2.98,food
8359,93.0,26.75,39.43,tools
8360,46.94,49.77,14.94,medical
8361,23.04,7.54,11.13,tools
8362,75.32,1.02,7.65,electronics
8363,65.15,24.89,16.58,medical
8364,53.89,45.37,14.16,electronics
8365,68.12,5.21,29.55,electronics
8366,30.63,10.4,27.29,medical
8367,42.25,36.81,1.48,clothing
8368,37.35,47.08,32.2,tools
8369,36.23,22.12,30.6,electronics
8370,57.43,22.52,24.89,electronics
8371,74.07,27.89,23.07,electronics
8372,21.88,40.35,24.11,food
8373,13.14,29.66,5.53,tools
8374,66.79,8.84,23.73,clothing
8375,30.68,6.53,5.3,tools
8376,76.35,11.6,21.02,electronics
8377,70.87,20.44,23.51,food
8378,60.15,14.94,7.57,electronics
8379,19.61,45.38,33.33,tools
8380,15.27,15.8,2.68,tools
8381,63.83,25.8,12.81,electronics
8382,46.4,49.0,21.03,clothing
8383,42.15,18.84,12.59,tools
8384,70.65,8.2,8.28,clothing
8385,16.84,33.44,18.83,electronics
8386,95.2,47.63,36.61,electronics
8387,95.88,35.0,23.49,electronics
8388,23.18,8.33,5.43,tools
8389,89.78,5.82,3.4,electronics
8390,88.85,11.67,15.01,clothing
8391,77.91,44.47,10.2,food
8392,56.6,46.77,38.94,food
8393,19.02,36.6,29.66,electronics
8394,42.48,47.19,19.59,tools
8395,64.82,49.95,7.17,food
8396,34.75,46.93,38.73,electronics
8397,20.1,27.31,18.2,tools
8398,82.29,24.23,2.16,food
8399,63.81,36.86,26.42,clothing
8400,76.37,25.18,28.54,medical
8401,72.29,45.59,12.79,clothing
8402,71.58,44.89,20.47,food
8403,12.13,22.99,14.18,electronics
8404,85.07,3.54,10.4,food
8405,71.4,44.24,15.44,tools
8406,6.77,33.99,32.35,clothing
8407,72.9,25.16,36.77,electronics
8408,80.84,40.41,6.37,electronics
8409,22.37,17.97,35.53,medical
8410,75.77,33.65,21.74,food
8411,61.39,24.78,33.92,food
8412,60.19,16.63,8.23,clothing
8413,67.47,40.44,7.6,clothing
8414,59.77,45.48,26.28,food
8415,78.82,23.51,26.39,clothing
8416,7.03,44.35,29.77,tools
8417,31.05,32.88,10.06,medical
8418,78.46,12.32,21.32,clothing
8419,39.89,12.53,33.0,medical
8420,69.76,30.07,27.3,food
8421,35.28,16.31,19.24,tools
8422,37.89,40.94,39.35,tools
8423,52.08,19.37,29.21,clothing
8424,92.29,45.22,23.09,clothing
8425,62.9,39.83,16.58,electronics
8426,48.33,25.72,28.47,medical
8427,16.9,4.46,22.33,tools
8428,82.13,45.69,14.98,clothing
8429,79.21,13.6,11.9,electronics
8430,31.4,9.39,36.11,clothing
8431,36.62,5.94,32.87,food
8432,72.26,37.38,24.88,electronics
8433,32.94,29.51,9.12,electronics
8434,15.42,37.64,37.03,tools
8435,7.46,21.13,13.04,tools
8436,68.89,48.89,32.46,medical
8437,26.79,38.06,29.63,tools
8438,94.56,17.42,2.19,tools
8439,51.67,25.33,36.94,food
8440,18.36,13.78,17.37,medical
8441,85.11,39.56,19.18,tools
8442,99.34,10.74,38.28,food
8443,25.57,41.45,5.37,clothing
8444,12.62,4.09,31.91,clothing
8445,82.52,33.04,23.24,food
8446,38.56,43.18,27.32,electronics
8447,88.35,47.76,5.68,food
8448,46.92,16.54,23.67,food
8449,76.95,25.4,32.85,tools
8450,13.33,30.71,38.2,food
8451,99.1,6.15,1.63,clothing
8452,52.87,8.94,10.39,medical
8453,74.54,17.38,38.87,electronics
8454,68.97,2.29,10.16,clothing
8455,14.07,40.26,10.49,medical
8456,33.29,47.64,28.9,tools
8457,92.18,7.32,20.53,electronics
8458,12.2,13.39,22.21,medical
8459,9.33,26.37,38.93,tools
8460,45.34,27.96,21.79,food
8461,22.45,4.15,23.15,clothing
8462,50.43,45.82,1.42,food
8463,96.45,14.73,26.12,medical
8464,29.3,36.49,12.96,food
8465,14.92,21.16,3.59,tools
8466,81.46,15.42,16.41,tools
8467,6.14,15.32,8.77,food
8468,36.94,17.36,30.06,clothing
8469,33.83,3.32,19.42,food
8470,70.04,7.27,10.05,electronics
8471,45.21,43.17,28.01,food
8472,67.41,24.97,32.0,tools
8473,72.52,40.24,24.4,clothing
8474,94.39,28.16,28.9,medical
8475,51.66,24.33,18.08,electronics
8476,87.15,11.67,19.73,tools
8477,17.24,11.44,21.94,clothing
8478,97.24,11.94,18.8,food
8479,8.96,25.83,9.77,electronics
8480,39.32,29.76,13.44,clothing
8481,43.94,25.98,33.33,medical
8482,83.69,11.94,5.43,clothing
8483,90.39,2.5,38.51,clothing
8484,67.45,39.16,29.39,tools
8485,28.56,32.05,5.17,medical
8486,81.46,25.99,25.17,clothing
8487,15.07,49.24,25.86,food
8488,67.86,36.29,2.29,electronics
8489,83.59,30.45,30.92,clothing
8490,22.36,4.98,22.98,electronics
8491,7.95,21.12,21.15,medical
8492,90.16,1.41,39.11,medical
8493,96.54,4.66,14.85,medical
8494,58.1,14.68,3.15,electronics
8495,39.11,32.8,29.04,food
8496,69.01,14.08,37.54,tools
8497,47.77,47.01,21.13,clothing
8498,69.37,23.35,28.24,clothing
8499,88.08,27.36,32.3,food
8500,66.21,44.98,6.28,tools
8501,77.42,2.53,2.51,food
8502,69.52,1.45,11.81,clothing
8503,34.48,38.23,3.65,tools
8504,79.32,15.46,5.12,medical
8505,39.87,25.1,28.02,electronics
8506,14.0,44.5,38.15,electronics
8507,57.44,21.03,4.19,medical
8508,29.43,14.4,38.44,food
8509,78.11,15.73,37.94,medical
8510,10.63,13.68,22.4,medical
8511,12.81,40.46,39.21,clothing
8512,49.0,39.15,10.01,food
8513,36.0,39.05,28.02,electronics
8514,26.29,37.98,19.08,food
8515,34.26,19.43,17.5,clothing
8516,58.8,31.06,19.83,electronics
8517,62.07,40.73,3.33,food
8518,65.71,3.8,32.13,food
8519,53.78,5.95,19.1,clothing
8520,61.51,37.29,37.41,clothing
8521,18.56,20.79,23.37,electronics
8522,49.38,14.84,21.57,tools
8523,93.26,34.32,3.31,clothing
8524,45.47,48.9,10.56,food
8525,12.96,13.95,14.93,medical
8526,82.48,5.75,31.7,food
8527,49.05,30.14,36.0,medical
8528,10.4,13.04,10.44,medical
8529,30.73,36.71,7.03,medical
8530,81.58,23.98,2.11,electronics
8531,24.95,7.77,4.56,food
8532,24.52,4.58,14.13,tools
8533,65.51,6.56,33.6,tools
8534,65.81,2.36,1.45,tools
8535,28.55,20.7,23.74,tools
8536,79.49,18.66,6.02,tools
8537,97.89,16.16,7.39,medical
8538,79.5,22.45,39.47,food
8539,76.08,18.91,8.81,electronics
8540,68.63,16.48,17.55,tools
8541,84.09,6.32,27.73,clothing
8542,59.23,30.94,11.54,food
8543,44.24,35.39,21.82,electronics
8544,34.89,22.49,31.19,electronics
8545,55.85,8.56,21.67,clothing
8546,40.03,27.16,11.52,clothing
8547,60.15,42.75,13.13,tools
8548,22.38,10.38,8.6,clothing
8549,40.19,12.27,14.56,tools
8550,70.9,47.5,29.74,electronics
8551,88.21,9.4,21.2,electronics
8552,7.66,40.49,13.33,medical
8553,73.03,25.92,23.85,medical
8554,81.79,18.67,31.75,electronics
8555,91.65,18.55,11.94,medical
8556,51.77,24.64,12.13,electronics
8557,58.72,13.96,23.9,tools
8558,34.08,14.83,3.06,medical
8559,5.83,28.85,35.08,food
8560,42.07,27.77,5.91,medical
8561,39.59,18.89,9.11,medical
8562,61.4,39.47,32.81,clothing
8563,38.41,32.93,12.32,medical
8564,6.97,5.93,5.73,electronics
8565,7.31,8.7,15.06,electronics
8566,74.46,30.55,2.7,medical
8567,10.74,41.86,24.97,food
8568,18.43,31.98,10.86,tools
8569,46.83,8.02,38.14,electronics
8570,68.5,44.75,5.06,medical
8571,33.18,7.09,16.38,tools
8572,25.67,19.21,26.31,food
8573,76.2,48.95,31.3,electronics
8574,28.42,32.1,20.83,clothing
8575,29.57,14.1,7.03,clothing
8576,59.45,8.61,37.06,medical
8577,13.63,42.71,24.07,electronics
8578,59.14,36.57,14.11,electronics
8579,62.43,37.67,14.82,clothing
8580,38.63,23.36,20.78,tools
8581,21.46,36.53,29.3,medical
8582,72.41,15.11,29.39,food
8583,46.75,6.22,9.91,food
8584,93.52,14.71,1.92,food
8585,61.97,11.22,34.64,food
8586,50.2,6.02,16.94,electronics
8587,72.5,38.56,11.79,tools
8588,31.43,46.23,14.12,electronics
8589,14.43,9.01,15.73,clothing
8590,12.55,7.02,1.62,tools
8591,94.08,35.66,32.38,clothing
8592,73.25,8.93,19.6,electronics
8593,69.52,17.59,14.9,clothing
8594,97.84,47.42,18.25,medical
8595,51.58,39.93,8.12,clothing
8596,24.97,35.26,9.46,food
8597,82.89,49.74,18.82,food
8598,72.97,26.48,9.42,medical
8599,78.12,29.34,4.11,electronics
8600,16.37,1.58,15.79,medical
8601,46.9,9.09,11.04,electronics
8602,95.61,35.15,16.03,clothing
8603,68.32,19.75,31.81,electronics
8604,25.57,25.34,15.09,electronics
8605,50.26,6.46,2.03,food
8606,5.41,28.82,8.59,clothing
8607,48.05,2.49,32.59,electronics
8608,9.92,31.51,33.81,medical
8609,47.68,41.65,9.88,food
8610,63.17,49.46,35.67,electronics
8611,94.43,37.36,21.17,tools
8612,89.9,38.59,27.69,medical
8613,68.63,49.89,24.65,tools
8614,54.92,21.19,28.93,tools
8615,62.71,24.13,7.74,clothing
8616,67.24,24.4,34.99,tools
8617,54.63,42.42,39.04,electronics
8618,22.1,30.21,26.08,electronics
8619,59.17,38.85,6.12,food
8620,12.16,17.06,25.21,clothing
8621,54.03,23.76,14.68,medical
8622,39.27,39.69,2.15,food
8623,23.68,41.13,22.48,clothing
8624,10.39,22.26,1.12,clothing
8625,31.89,4.28,14.11,food
8626,95.7,36.98,5.75,food
8627,93.61,3.31,21.02,clothing
8628,45.2,32.83,21.11,medical
8629,35.83,34.46,14.19,tools
8630,60.83,29.18,4.78,electronics
8631,9.09,31.31,36.44,food
8632,90.62,20.15,25.26,medical
8633,17.15,9.72,17.74,electronics
8634,14.92,45.65,12.23,food
8635,8.74,39.87,36.84,clothing
8636,30.69,33.44,36.62,electronics
8637,91.13,8.17,19.99,medical
8638,29.78,10.48,12.54,food
8639,86.54,45.31,5.16,medical
8640,47.67,48.46,18.22,clothing
8641,68.84,35.05,22.98,electronics
8642,55.63,22.88,25.2,tools
8643,10.19,32.64,37.55,medical
8644,65.91,48.94,12.3,tools
8645,52.88,31.62,26.47,medical
8646,56.11,44.75,9.45,medical
8647,9.98,48.38,11.87,food
8648,88.49,6.37,29.88,electronics
8649,69.2,30.28,39.94,electronics
8650,98.31,49.34,18.1,tools
8651,30.69,1.13,2.53,clothing
8652,24.09,17.88,32.27,medical
8653,40.46,39.53,7.96,medical
8654,90.49,45.24,6.44,tools
8655,84.2,38.9,37.68,food
8656,68.48,47.48,7.2,food
8657,96.57,39.04,5.59,electronics
8658,41.99,24.7,8.2,tools
8659,19.66,13.21,2.05,electronics
8660,48.49,25.79,23.47,clothing
8661,15.94,12.47,28.52,food
8662,37.34,20.03,1.77,clothing
8663,56.27,36.47,1.03,electronics
8664,92.1,40.75,9.3,clothing
8665,9.39,47.73,2.2,electronics
8666,11.95,45.6,10.59,medical
8667,37.15,10.26,23.94,electronics
8668,46.2,46.87,11.41,clothing
8669,99.81,22.75,29.08,medical
8670,82.55,2.35,20.44,tools
8671,45.49,2.22,11.62,medical
8672,14.43,14.62,10.34,medical
8673,7.98,3.49,11.83,clothing
8674,12.54,43.52,20.04,electronics
8675,89.72,14.9,16.11,medical
8676,12.83,36.68,33.21,medical
8677,27.64,45.61,18.88,food
8678,88.12,45.42,35.79,medical
8679,81.0,41.79,29.82,electronics
8680,97.36,41.83,18.05,tools
8681,54.73,15.23,22.03,medical
8682,34.22,14.43,20.07,electronics
8683,88.83,31.76,10.78,clothing
8684,52.8,24.04,17.31,electronics
8685,70.17,9.43,25.69,food
8686,24.47,11.72,34.91,clothing
8687,90.22,41.04,7.21,electronics
8688,58.5,2.17,18.98,tools
8689,25.1,48.52,26.81,tools
8690,32.5,14.38,20.95,electronics
8691,44.89,46.26,19.84,electronics
8692,83.85,33.67,5.31,medical
8693,66.74,19.61,1.28,electronics
8694,44.68,29.87,10.0,tools
8695,89.73,20.69,32.93,electronics
8696,40.21,32.99,20.17,medical
8697,76.42,20.58,15.53,medical
8698,73.36,19.86,34.59,medical
8699,97.4,3.3,14.76,tools
8700,52.51,37.13,14.34,food
8701,60.68,16.23,35.34,food
8702,11.71,18.82,12.21,clothing
8703,56.04,25.26,6.24,clothing
8704,52.62,49.81,19.25,electronics
8705,75.34,7.95,1.19,tools
8706,70.26,28.15,28.0,medical
8707,89.59,9.34,33.25,medical
8708,79.45,12.38,21.52,electronics
8709,8.3,19.62,19.68,electronics
8710,44.41,48.04,8.88,tools
8711,28.35,40.2,4.42,food
8712,10.28,5.36,28.16,clothing
8713,82.97,12.71,33.01,tools
8714,15.31,6.49,34.89,electronics
8715,68.52,20.62,10.81,clothing
8716,35.72,26.63,13.47,food
8717,71.17,18.42,23.21,tools
8718,37.64,14.55,17.07,medical
8719,93.96,17.98,28.59,clothing
8720,25.06,4.57,18.67,clothing
8721,88.57,10.79,20.57,tools
8722,67.39,17.08,38.79,medical
8723,91.82,22.17,35.19,food
8724,81.75,27.59,32.42,electronics
8725,72.51,37.48,18.06,electronics
8726,11.49,33.01,37.01,electronics
8727,94.73,19.97,2.79,tools
8728,62.0,37.75,39.73,medical
8729,17.25,43.17,37.44,electronics
8730,65.21,21.62,38.01,clothing
8731,23.61,40.28,27.68,clothing
8732,31.98,22.15,34.54,tools
8733,51.1,29.9,8.46,medical
8734,58.64,42.08,35.57,tools
8735,13.59,44.01,6.11,medical
8736,82.25,30.73,3.27,clothing
8737,34.72,36.29,27.37,food
8738,84.49,10.21,38.25,medical
8739,20.09,45.84,5.84,electronics
8740,65.51,29.03,25.72,electronics
8741,74.45,19.75,33.22,electronics
8742,44.62,9.96,2.39,medical
8743,36.98,20.99,25.65,food
8744,62.15,49.29,14.76,clothing
8745,19.79,10.24,6.13,food
8746,35.69,34.01,4.56,electronics
8747,6.38,3.63,20.29,electronics
8748,94.72,30.17,21.56,electronics
8749,11.23,14.41,7.23,food
8750,88.99,26.93,8.4,electronics
8751,9.68,14.72,1.56,clothing
8752,25.17,43.49,37.72,clothing
8753,10.14,29.63,37.67,clothing
8754,62.77,23.82,6.45,electronics
8755,5.37,46.47,8.89,tools
8756,91.19,1.59,19.88,clothing
8757,21.52,34.21,28.4,food
8758,94.18,7.33,34.92,medical
8759,64.81,11.81,18.01,electronics
8760,29.44,20.49,18.07,medical
8761,38.91,47.4,14.16,electronics
8762,57.95,6.23,19.26,tools
8763,22.07,20.09,17.69,electronics
8764,89.67,13.11,9.47,clothing
8765,75.77,7.25,11.38,medical
8766,72.24,41.78,38.51,electronics
8767,10.59,32.44,9.1,electronics
8768,83.9,11.91,10.73,tools
8769,46.48,24.15,34.33,clothing
8770,97.38,32.56,13.89,food
8771,89.71,40.81,19.45,food
8772,71.96,41.78,3.72,food
8773,62.29,30.58,2.69,medical
8774,92.3,34.74,5.28,medical
8775,37.93,12.88,28.18,electronics
8776,34.93,33.73,4.41,electronics
8777,81.19,5.13,29.84,medical
8778,94.34,10.16,7.91,medical
8779,86.36,36.36,13.68,tools
8780,9.36,36.14,33.53,food
8781,42.42,43.95,16.3,electronics
8782,28.84,41.36,30.2,clothing
8783,81.79,21.5,4.62,food
8784,19.85,38.25,37.01,tools
8785,65.0,23.71,6.86,medical
8786,42.81,25.51,13.45,medical
8787,53.32,42.51,20.78,medical
8788,92.57,16.66,19.81,tools
8789,62.15,11.7,22.08,electronics
8790,25.71,1.7,23.93,tools
8791,68.23,11.37,39.04,electronics
8792,53.88,43.16,26.17,medical
8793,93.52,44.35,12.06,electronics
8794,57.4,6.91,7.46,electronics
8795,96.57,33.06,10.41,electronics
8796,81.33,32.25,9.59,electronics
8797,82.9,18.33,31.77,medical
8798,86.29,26.89,37.59,tools
8799,36.75,37.68,29.66,electronics
8800,16.5,16.32,8.96,tools
8801,82.67,26.22,5.22,medical
8802,42.61,34.06,15.0,clothing
8803,39.29,29.42,13.76,medical
8804,6.2,39.5,25.98,food
8805,72.01,22.94,13.28,food
8806,59.09,20.36,11.61,electronics
8807,65.56,5.33,22.99,food
8808,97.22,7.27,4.61,electronics
8809,37.16,24.52,23.93,electronics
8810,84.72,10.7,26.01,food
8811,51.04,21.25,11.65,electronics
8812,18.67,22.05,9.35,food
8813,63.79,24.12,22.26,food
8814,80.06,8.61,24.02,food
8815,16.58,31.38,8.81,food
8816,34.58,48.97,8.42,food
8817,20.79,32.26,2.28,electronics
8818,58.94,44.99,22.72,tools
8819,48.78,22.19,26.21,clothing
8820,81.95,10.71,3.12,clothing
8821,49.44,46.76,26.71,electronics
8822,76.39,20.74,27.79,tools
8823,9.78,48.87,20.73,electronics
8824,33.83,22.12,16.29,clothing
8825,34.32,28.54,17.83,tools
8826,69.6,28.69,13.06,clothing
8827,43.81,8.78,27.61,electronics
8828,91.02,1.8,13.75,clothing
8829,22.17,39.57,17.66,clothing
8830,50.29,10.03,15.83,food
8831,25.02,45.74,6.57,medical
8832,74.77,8.78,10.56,electronics
8833,73.19,44.22,36.95,clothing
8834,72.6,24.21,3.14,electronics
8835,49.41,10.43,27.21,food
8836,29.06,13.32,35.23,medical
8837,44.54,6.16,14.78,electronics
8838,61.95,37.44,4.39,tools
8839,98.13,43.63,16.44,clothing
8840,82.31,19.92,29.81,clothing
8841,71.06,47.83,37.76,clothing
8842,96.86,14.32,10.77,electronics
8843,89.5,37.94,27.53,clothing
8844,39.22,26.49,17.66,electronics
8845,44.62,5.25,27.02,electronics
8846,9.47,28.51,22.07,food
8847,87.54,27.68,22.23,tools
8848,42.53,37.32,11.45,medical
8849,60.63,40.42,26.17,food
8850,51.93,25.2,38.81,food
8851,65.01,30.89,32.48,tools
8852,78.71,43.96,7.24,tools
8853,12.29,11.54,20.55,electronics
8854,22.14,1.29,6.98,clothing
8855,14.44,8.44,3.85,food
8856,28.02,41.47,25.85,food
8857,69.49,15.26,1.19,clothing
8858,21.86,9.23,2.77,food
8859,16.61,30.15,17.63,food
8860,8.32,6.51,25.27,clothing
8861,6.73,42.56,10.55,medical
8862,51.17,16.69,36.26,tools
8863,5.74,1.28,5.1,clothing
8864,65.69,37.84,4.09,medical
8865,40.74,17.79,38.42,food
8866,82.98,9.53,12.47,electronics
8867,55.31,13.6,9.53,clothing
8868,91.42,24.57,15.54,tools
8869,34.7,36.22,12.87,clothing
8870,15.95,23.79,25.43,clothing
8871,47.96,7.54,6.48,food
8872,91.08,42.34,3.08,clothing
8873,27.55,49.57,29.04,tools
8874,86.8,27.72,29.36,electronics
8875,64.57,28.83,5.45,food
8876,20.93,19.64,27.57,tools
8877,40.59,30.41,28.7,food
8878,30.2,4.73,10.1,electronics
8879,22.76,23.09,7.25,food
8880,67.28,3.1,7.4,food
8881,15.61,22.4,23.0,electronics
8882,20.73,47.77,30.06,food
8883,89.6,25.21,2.04,tools
8884,43.08,25.77,5.4,medical
8885,98.79,23.95,33.34,clothing
8886,44.09,7.65,24.31,food
8887,35.39,17.32,20.78,electronics
8888,76.63,22.18,10.12,tools
8889,21.21,3.0,23.36,tools
8890,50.92,40.54,37.77,food
8891,65.87,2.13,37.87,tools
8892,39.3,10.67,24.73,electronics
8893,79.03,3.97,14.37,medical
8894,35.62,16.67,21.58,clothing
8895,35.39,27.84,17.1,medical
8896,47.43,12.4,20.37,electronics
8897,46.44,30.89,2.93,tools
8898,58.12,36.58,39.85,medical
8899,42.31,33.33,33.4,electronics
8900,93.71,12.38,13.78,tools
8901,13.0,45.24,18.23,medical
8902,65.92,49.11,10.45,food
8903,57.11,28.67,5.59,clothing
8904,91.24,7.39,15.08,tools
8905,76.38,4.1,8.54,tools
8906,45.58,10.58,15.95,tools
8907,11.93,31.28,2.54,tools
8908,21.98,3.03,13.28,tools
8909,69.07,32.26,33.44,medical
8910,81.19,36.23,18.97,medical
8911,30.79,18.23,32.67,medical
8912,58.84,45.71,22.69,food
8913,64.92,5.39,35.88,electronics
8914,83.8,22.94,26.75,tools
8915,34.25,15.59,27.7,food
8916,56.53,33.22,5.7,tools
8917,91.82,5.89,30.37,electronics
8918,82.99,17.43,16.87,medical
8919,49.15,21.39,3.78,electronics
8920,17.28,28.66,29.77,tools
8921,50.97,28.84,31.82,medical
8922,45.11,17.22,37.35,medical
8923,87.65,23.87,32.14,food
8924,89.01,33.61,22.65,electronics
8925,71.88,18.15,9.97,medical
8926,52.96,8.95,18.96,food
8927,35.65,10.29,6.8,clothing
8928,92.15,32.17,26.13,food
8929,55.55,26.68,22.67,food
8930,39.27,25.6,7.81,medical
8931,95.95,31.35,35.18,food
8932,25.42,36.51,28.32,tools
8933,20.52,45.16,2.17,clothing
8934,28.05,25.65,26.97,food
8935,72.82,40.2,13.03,medical
8936,32.19,15.01,6.28,medical
8937,28.6,28.3,13.44,medical
8938,80.63,17.99,28.69,clothing
8939,12.36,36.92,17.24,medical
8940,43.5,39.66,7.07,food
8941,36.68,49.05,9.8,food
8942,86.4,44.85,37.62,food
8943,10.37,6.11,17.54,food
8944,30.67,3.9,11.21,food
8945,13.73,20.52,8.65,electronics
8946,21.82,43.81,9.26,food
8947,80.97,26.88,17.36,food
8948,23.52,23.51,12.05,electronics
8949,39.56,40.16,5.57,electronics
8950,24.32,43.69,37.43,tools
8951,12.36,23.89,11.34,clothing
8952,30.17,49.59,13.97,electronics
8953,20.84,40.83,25.64,clothing
8954,73.27,9.8,25.39,electronics
8955,40.96,25.78,36.07,tools
8956,20.33,6.45,39.17,medical
8957,30.95,25.06,24.81,electronics
8958,67.76,15.13,23.88,clothing
8959,99.12,9.5,18.2,food
8960,35.7,32.94,25.25,clothing
8961,88.8,19.36,26.16,tools
8962,39.21,42.85,3.39,electronics
8963,81.9,13.79,39.28,tools
8964,80.71,11.79,11.84,clothing
8965,21.86,34.68,10.15,electronics
8966,96.0,40.83,22.75,electronics
8967,35.81,10.63,3.97,clothing
8968,13.72,13.3,39.21,food
8969,75.56,27.22,27.54,medical
8970,94.28,16.12,30.05,tools
8971,92.49,31.96,1.52,medical
8972,74.96,29.93,5.46,tools
8973,40.87,43.38,25.44,food
8974,76.25,45.74,24.68,food
8975,80.9,39.99,21.24,medical
8976,61.78,35.3,2.44,electronics
8977,5.85,4.8,31.14,medical
8978,12.93,29.48,4.99,food
8979,35.25,7.8,39.65,tools
8980,44.45,1.08,10.92,tools
8981,22.79,49.16,7.44,clothing
8982,56.41,39.67,38.53,clothing
8983,96.38,32.3,5.4,food
8984,10.71,20.16,4.12,clothing
8985,57.06,7.91,2.43,medical
8986,63.76,38.38,25.1,medical
8987,53.0,13.8,2.26,tools
8988,66.5,15.01,11.85,electronics
8989,17.96,20.22,26.02,food
8990,85.01,9.31,28.52,clothing
8991,92.15,4.32,39.21,clothing
8992,39.98,26.42,37.14,electronics
8993,75.29,35.73,24.39,medical
8994,97.65,33.33,28.2,food
8995,90.06,44.99,28.39,clothing
8996,52.87,30.06,2.12,electronics
8997,52.4,29.16,26.74,clothing
8998,65.92,42.58,9.15,medical
8999,46.28,23.98,29.08,tools
9000,8.83,29.74,24.6,clothing
9001,14.82,1.22,11.95,food
9002,59.13,48.79,14.3,medical
9003,75.5,43.85,21.7,clothing
9004,65.1,31.33,38.59,medical
9005,73.09,42.88,17.35,electronics
9006,34.19,23.93,36.77,tools
9007,91.14,17.01,4.19,food
9008,13.27,5.34,12.35,medical
9009,20.69,7.7,13.12,electronics
9010,91.91,26.79,35.18,food
9011,86.19,17.92,12.44,clothing
9012,38.16,39.52,25.69,electronics
9013,43.5,12.78,7.14,electronics
9014,65.89,24.06,18.67,clothing
9015,36.43,41.32,29.19,medical
9016,92.51,46.4,31.16,electronics
9017,48.58,11.95,35.14,electronics
9018,58.21,37.72,29.34,food
9019,36.37,9.35,37.78,clothing
9020,83.8,21.55,31.93,tools
9021,12.82,25.1,13.66,food
9022,85.95,42.74,23.97,food
9023,64.01,28.57,30.67,medical
9024,36.14,8.94,31.67,medical
9025,52.15,34.25,23.81,clothing
9026,63.57,7.97,32.98,clothing
9027,37.24,2.86,1.04,clothing
9028,29.91,5.39,23.24,tools
9029,94.43,14.86,17.18,electronics
9030,49.63,16.69,33.65,clothing
9031,37.37,35.65,8.87,clothing
9032,87.72,19.38,10.66,food
9033,63.43,21.44,13.18,medical
9034,76.04,2.07,3.32,electronics
9035,18.37,20.5,10.6,electronics
9036,89.09,4.74,21.56,medical
9037,54.93,10.25,6.61,food
9038,66.82,45.19,39.87,food
9039,67.61,34.89,2.6,tools
9040,72.63,31.04,19.76,medical
9041,9.59,13.02,39.43,food
9042,10.81,40.94,12.38,tools
9043,55.27,15.77,17.37,medical
9044,10.15,9.86,1.62,clothing
9045,92.21,5.27,19.38,clothing
9046,56.33,36.83,27.68,tools
9047,7.98,12.77,17.2,medical
9048,52.37,23.43,19.09,food
9049,86.06,17.76,38.21,medical
9050,34.56,18.08,13.9,tools
9051,24.76,45.08,20.67,clothing
9052,36.43,43.18,10.75,electronics
9053,78.29,36.37,5.21,tools
9054,18.27,31.59,23.39,electronics
9055,24.52,41.31,21.96,food
9056,23.25,13.22,26.46,tools
9057,24.55,34.26,39.35,electronics
9058,97.51,26.48,14.12,tools
9059,49.13,8.02,10.77,medical
9060,18.17,39.99,1.55,medical
9061,31.74,6.2,25.66,tools
9062,75.9,15.55,32.78,medical
9063,46.51,6.26,37.51,medical
9064,96.12,28.56,10.54,electronics
9065,67.79,23.21,35.27,clothing
9066,48.09,3.67,23.74,tools
9067,46.49,17.03,19.64,food
9068,37.76,33.67,7.15,electronics
9069,53.19,11.11,19.02,tools
9070,20.28,27.76,21.94,clothing
9071,98.7,28.41,35.87,clothing
9072,68.64,41.54,23.99,electronics
9073,83.86,18.55,4.22,electronics
9074,64.37,4.29,28.57,clothing
9075,31.25,41.97,16.35,electronics
9076,99.85,22.2,30.93,food
9077,27.63,29.62,2.18,tools
9078,97.01,9.32,35.05,clothing
9079,40.69,27.38,13.88,medical
9080,89.61,39.59,20.58,medical
9081,77.4,30.36,14.52,tools
9082,16.87,34.56,15.65,tools
9083,76.12,31.19,30.38,medical
9084,51.56,38.18,38.17,tools
9085,75.58,45.47,28.21,tools
9086,80.76,16.17,3.99,medical
9087,90.53,2.59,25.77,food
9088,30.64,42.68,2.67,food
9089,15.06,5.79,26.88,tools
9090,75.92,29.78,5.97,tools
9091,41.61,14.14,19.78,food
9092,51.34,15.14,7.99,clothing
9093,72.6,33.67,8.85,food
9094,77.23,37.97,20.11,clothing
9095,37.15,5.43,14.85,tools
9096,45.18,44.34,21.32,clothing
9097,11.67,18.57,19.26,electronics
9098,39.66,21.38,17.24,medical
9099,44.39,49.3,35.77,tools
9100,58.74,21.61,30.1,medical
9101,28.83,32.32,14.32,electronics
9102,34.79,35.08,5.55,tools
9103,25.81,29.76,17.2,food
9104,22.8,13.78,15.49,tools
9105,53.52,19.29,24.67,tools
9106,61.38,4.99,6.67,medical
9107,90.84,23.1,29.82,electronics
9108,58.01,38.23,35.22,clothing
9109,51.18,15.9,19.79,clothing
9110,64.61,49.53,29.84,tools
9111,59.31,46.56,3.28,food
9112,51.99,3.5,28.64,medical
9113,59.22,41.71,8.14,electronics
9114,82.3,36.86,17.46,food
9115,27.33,47.12,6.23,electronics
9116,43.51,45.92,30.88,tools
9117,51.35,10.99,5.21,clothing
9118,13.6,41.45,34.63,food
9119,49.34,34.43,1.66,clothing
9120,39.47,17.95,32.68,tools
9121,44.91,8.35,8.51,medical
9122,22.91,21.44,9.04,electronics
9123,51.58,19.31,25.19,electronics
9124,20.79,30.79,13.07,tools
9125,5.18,15.6,1.33,tools
9126,25.62,37.48,19.28,tools
9127,25.71,7.25,30.91,food
9128,72.4,15.93,28.1,medical
9129,24.67,39.9,5.97,food
9130,79.77,42.11,4.15,clothing
9131,53.91,37.89,1.5,food
9132,84.31,27.46,27.78,medical
9133,86.41,33.96,29.08,electronics
9134,53.03,49.26,38.7,tools
9135,58.41,10.79,26.33,tools
9136,72.47,5.6,37.27,clothing
9137,77.4,23.87,32.01,tools
9138,81.91,11.25,16.26,medical
9139,42.36,20.22,29.08,clothing
9140,33.85,9.58,3.87,food
9141,20.04,47.63,13.73,clothing
9142,31.59,1.5,8.84,medical
9143,63.06,36.14,27.05,clothing
9144,31.42,49.67,33.47,medical
9145,39.32,17.91,27.85,tools
9146,67.71,8.61,10.79,electronics
9147,16.98,34.77,38.16,electronics
9148,44.38,41.69,23.7,electronics
9149,9.51,40.51,31.56,food
9150,10.18,20.74,18.74,tools
9151,48.33,4.29,28.34,medical
9152,36.33,14.92,34.32,electronics
9153,80.57,30.58,20.52,food
9154,80.94,30.37,20.71,clothing
9155,52.76,9.29,1.16,tools
9156,36.16,14.55,19.21,medical
9157,44.3,29.14,10.6,tools
9158,43.78,18.25,17.14,electronics
9159,18.08,45.21,7.49,food
9160,71.8,40.44,16.08,clothing
9161,67.27,33.17,28.63,clothing
9162,68.31,2.16,34.44,food
9163,58.46,28.53,11.28,electronics
9164,23.02,42.77,32.76,electronics
9165,48.51,41.85,39.48,medical
9166,12.3,44.19,36.82,clothing
9167,85.2,17.82,14.26,tools
9168,72.17,29.55,4.53,electronics
9169,61.46,36.29,30.05,clothing
9170,22.81,47.36,23.01,electronics
9171,96.13,38.08,30.51,medical
9172,81.67,46.26,23.59,electronics
9173,13.26,32.22,2.2,medical
9174,15.08,38.98,27.18,medical
9175,8.26,27.02,21.86,medical
9176,17.9,33.78,2.13,food
9177,93.01,35.89,22.47,clothing
9178,14.52,4.27,1.44,clothing
9179,63.69,20.4,19.59,food
9180,47.07,47.27,8.77,medical
9181,26.24,38.94,20.63,medical
9182,39.35,24.67,18.94,tools
9183,60.03,35.13,14.55,electronics
9184,51.59,15.06,34.62,food
9185,60.95,24.97,2.32,electronics
9186,42.15,23.08,24.44,tools
9187,42.28,36.56,1.22,electronics
9188,30.7,21.86,22.44,clothing
9189,52.04,48.38,29.03,tools
9190,76.73,26.36,20.6,clothing
9191,16.83,42.64,13.89,tools
9192,17.98,29.9,7.87,medical
9193,17.14,14.33,20.32,clothing
9194,89.99,34.63,22.98,clothing
9195,9.92,1.69,4.53,electronics
9196,41.68,41.77,24.73,medical
9197,78.01,1.64,2.0,clothing
9198,68.79,48.34,37.08,medical
9199,24.92,25.82,13.49,medical
9200,46.9,38.16,10.04,electronics
9201,74.2,14.87,33.94,clothing
9202,27.04,29.11,38.81,clothing
9203,62.42,6.13,5.19,clothing
9204,35.21,29.19,20.41,clothing
9205,25.81,6.35,38.4,electronics
9206,32.91,46.69,22.12,electronics
9207,67.2,35.78,14.98,tools
9208,14.84,48.36,23.73,tools
9209,23.65,18.32,12.71,tools
9210,59.89,9.14,23.52,tools
9211,83.44,16.36,18.49,clothing
9212,75.14,29.89,29.42,food
9213,77.23,7.84,22.76,medical
9214,69.54,49.38,16.18,medical
9215,8.45,32.01,33.42,clothing
9216,59.84,16.69,39.82,tools
9217,89.95,39.27,33.43,tools
9218,66.53,28.64,32.91,medical
9219,57.26,27.15,12.18,food
9220,7.03,5.9,8.67,food
9221,20.3,38.06,26.92,clothing
9222,87.9,41.13,28.52,food
9223,41.56,19.71,20.88,tools
9224,49.83,18.06,13.05,tools
9225,57.34,6.74,9.71,tools
9226,12.38,24.03,17.18,electronics
9227,46.58,23.0,33.85,medical
9228,11.79,7.69,28.47,clothing
9229,57.5,7.6,2.3,food
9230,10.61,8.65,38.83,medical
9231,35.36,22.45,2.31,clothing
9232,64.3,45.5,10.29,tools
9233,24.88,1.64,18.08,clothing
9234,50.81,30.14,26.09,electronics
9235,77.16,24.14,37.22,medical
9236,35.74,37.78,19.15,food
9237,92.73,14.81,33.82,medical
9238,95.06,35.2,4.7,electronics
9239,35.05,23.18,30.86,electronics
9240,47.12,15.72,32.46,clothing
9241,55.53,49.17,13.6,medical
9242,67.2,47.46,23.36,tools
9243,72.18,41.0,15.25,tools
9244,77.38,6.05,5.38,medical
9245,50.25,13.23,10.06,electronics
9246,12.08,23.54,12.19,medical
9247,51.97,2.82,15.36,medical
9248,76.34,42.47,21.75,clothing
9249,56.74,25.7,9.17,tools
9250,86.65,11.94,17.92,tools
9251,21.86,24.76,20.86,medical
9252,9.9,46.17,12.67,electronics
9253,40.8,34.72,34.31,clothing
9254,59.92,12.97,25.32,electronics
9255,18.15,38.7,18.63,electronics
9256,12.33,43.32,35.08,medical
9257,86.06,46.99,25.88,medical
9258,23.28,27.65,33.13,food
9259,81.39,48.11,39.82,food
9260,49.08,19.5,26.94,medical
9261,78.43,36.05,27.83,medical
9262,60.1,23.67,29.7,medical
9263,44.71,40.47,38.15,food
9264,65.1,2.2,27.7,electronics
9265,66.89,14.68,22.85,medical
9266,76.45,35.06,17.12,tools
9267,59.23,43.52,36.8,clothing
9268,19.73,36.47,38.11,tools
9269,78.33,35.92,7.85,food
9270,18.25,37.93,1.04,medical
9271,22.62,12.79,23.61,tools
9272,91.59,18.67,14.33,electronics
9273,11.12,27.42,7.4,clothing
9274,90.27,44.5,36.74,tools
9275,29.82,1.18,35.73,electronics
9276,43.22,2.37,36.28,food
9277,52.98,22.12,8.44,electronics
9278,87.75,1.44,39.37,clothing
9279,82.27,27.79,15.83,medical
9280,14.52,41.59,20.65,medical
9281,67.15,5.53,6.76,electronics
9282,10.67,21.47,34.17,medical
9283,91.19,16.37,12.39,food
9284,33.32,19.94,27.72,clothing
9285,83.28,47.21,7.82,tools
9286,59.78,42.7,22.23,food
9287,54.46,39.78,25.95,medical
9288,49.35,43.88,9.33,food
9289,12.41,10.92,1.64,clothing
9290,32.88,3.05,19.29,medical
9291,96.91,8.46,31.01,food
9292,94.74,35.35,16.8,clothing
9293,9.66,41.44,12.08,medical
9294,31.72,4.96,4.52,food
9295,29.14,32.95,9.68,tools
9296,26.73,5.66,28.82,tools
9297,41.88,12.51,15.64,food
9298,98.55,48.58,21.44,electronics
9299,84.52,16.0,12.31,tools
9300,55.68,17.23,25.0,medical
9301,19.47,44.86,14.73,tools
9302,65.22,26.06,21.55,tools
9303,8.46,36.82,31.19,tools
9304,75.28,39.73,8.12,medical
9305,89.65,15.51,24.05,tools
9306,47.01,31.01,14.08,clothing
9307,83.78,31.59,36.45,medical
9308,89.66,7.57,13.18,tools
9309,96.62,21.4,25.43,clothing
9310,56.71,16.65,19.35,food
9311,85.6,8.23,3.97,electronics
9312,10.32,9.71,27.65,food
9313,90.21,38.94,23.32,electronics
9314,30.28,13.46,33.58,medical
9315,12.25,4.32,37.08,medical
9316,76.82,31.21,15.62,food
9317,28.17,33.28,39.63,tools
9318,84.85,22.25,4.68,clothing
9319,37.28,46.57,26.63,tools
9320,52.46,4.95,18.75,electronics
9321,38.9,37.04,3.57,clothing
9322,92.32,43.45,28.11,electronics
9323,76.61,29.37,7.11,food
9324,53.23,33.9,22.41,electronics
9325,79.68,9.87,20.85,electronics
9326,18.18,42.39,35.04,clothing
9327,5.34,48.64,7.16,clothing
9328,45.86,17.37,2.77,electronics
9329,77.13,24.38,9.89,food
9330,31.46,45.98,3.47,clothing
9331,33.06,3.65,32.92,food
9332,39.71,37.35,7.57,electronics
9333,62.03,40.89,31.74,food
9334,58.31,25.79,11.99,tools
9335,77.07,46.65,38.94,food
9336,50.77,20.26,11.02,clothing
9337,60.48,14.03,33.88,clothing
9338,76.96,37.13,1.75,food
9339,98.61,26.61,25.98,tools
9340,32.31,21.16,10.59,food
9341,61.12,3.29,13.45,tools
9342,36.61,3.8,33.37,clothing
9343,86.22,33.38,14.05,tools
9344,84.45,6.78,5.89,food
9345,49.33,9.35,3.31,tools
9346,50.91,15.16,19.35,food
9347,58.96,34.9,19.39,medical
9348,94.27,42.85,1.39,food
9349,72.45,18.47,21.59,clothing
9350,70.34,45.85,21.67,electronics
9351,69.05,24.85,9.12,electronics
9352,79.17,30.34,16.79,tools
9353,47.04,11.74,15.76,tools
9354,77.91,42.71,32.0,electronics
9355,14.84,1.33,5.12,tools
9356,23.33,26.32,9.22,food
9357,38.78,43.02,31.83,clothing
9358,64.39,1.23,9.42,food
9359,78.5,6.73,1.71,medical
9360,62.73,35.72,19.84,medical
9361,40.48,34.81,17.79,clothing
9362,32.52,28.39,3.0,tools
9363,45.6,20.62,21.41,medical
9364,34.93,13.82,26.25,tools
9365,28.61,12.96,16.03,electronics
9366,19.89,41.67,37.93,food
9367,76.81,11.79,9.16,clothing
9368,77.47,18.54,24.38,food
9369,75.35,44.24,16.49,clothing
9370,67.08,49.1,8.34,clothing
9371,81.55,42.0,35.31,electronics
9372,71.96,2.48,4.28,clothing
9373,81.92,24.95,29.07,medical
9374,97.94,14.34,20.09,medical
9375,86.34,2.81,30.67,clothing
9376,8.79,49.16,18.89,tools
9377,62.3,18.87,31.88,electronics
9378,59.62,47.34,10.09,medical
9379,13.94,46.54,26.87,electronics
9380,7.02,24.04,36.43,medical
9381,56.44,42.6,23.64,tools
9382,54.29,37.55,12.44,tools
9383,72.05,25.35,35.46,medical
9384,64.37,14.62,9.37,medical
9385,86.27,45.68,32.4,clothing
9386,67.72,25.81,26.81,tools
9387,69.36,21.79,37.0,clothing
9388,14.58,16.69,19.04,food
9389,43.97,16.1,3.74,tools
9390,30.05,43.09,18.15,clothing
9391,92.13,21.56,37.39,tools
9392,94.38,19.87,32.56,food
9393,57.18,4.27,38.78,clothing
9394,84.81,9.15,20.13,clothing
9395,64.26,42.55,20.85,food
9396,29.53,47.81,23.72,clothing
9397,88.52,2.27,21.66,tools
9398,73.31,18.04,39.98,electronics
9399,88.19,10.47,28.82,tools
9400,72.08,14.63,18.77,medical
9401,24.3,26.95,15.37,medical
9402,97.24,2.07,33.04,medical
9403,76.38,41.9,10.96,tools
9404,30.74,15.97,1.19,electronics
9405,8.44,22.78,17.0,food
9406,27.65,43.21,5.8,medical
9407,34.67,39.0,18.34,clothing
9408,51.2,29.63,21.44,food
9409,21.76,28.53,26.81,electronics
9410,76.17,15.97,18.68,food
9411,75.55,13.67,23.96,medical
9412,59.69,37.3,6.82,electronics
9413,15.92,42.78,36.87,medical
9414,70.52,40.81,16.91,electronics
9415,99.22,22.82,37.65,clothing
9416,90.63,23.61,22.85,food
9417,95.7,24.73,3.61,tools
9418,84.75,16.81,38.98,food
9419,38.69,35.98,3.15,medical
9420,70.85,25.28,5.69,electronics
9421,23.53,20.66,30.95,tools
9422,50.17,46.49,28.32,electronics
9423,10.82,46.31,14.66,tools
9424,9.44,6.92,36.11,medical
9425,69.8,42.49,19.13,food
9426,50.63,49.98,18.07,food
9427,88.73,29.21,28.56,medical
9428,14.75,22.07,29.91,electronics
9429,5.88,43.79,30.68,food
9430,99.96,23.47,23.21,clothing
9431,92.09,34.69,9.22,clothing
9432,64.76,24.87,29.05,medical
9433,42.78,46.71,7.55,medical
9434,8.29,37.17,13.17,tools
9435,42.65,49.22,10.05,tools
9436,35.26,16.14,17.42,medical
9437,16.98,21.51,33.22,medical
9438,81.66,49.45,20.98,tools
9439,69.8,22.36,1.84,tools
9440,35.43,39.98,14.69,food
9441,42.32,4.17,11.04,clothing
9442,87.73,24.09,4.65,food
9443,19.7,38.77,3.16,medical
9444,41.47,22.34,38.84,electronics
9445,67.32,16.89,29.7,food
9446,31.38,31.73,26.43,medical
9447,97.89,14.6,14.06,food
9448,94.78,25.53,17.94,tools
9449,49.3,33.61,15.26,tools
9450,27.78,48.38,2.25,electronics
9451,48.04,10.15,9.72,medical
9452,86.44,38.1,36.59,clothing
9453,41.56,18.49,33.45,food
9454,43.83,16.45,2.18,tools
9455,99.33,18.04,15.25,medical
9456,5.8,48.24,7.1,electronics
9457,8.43,20.53,20.22,electronics
9458,32.48,7.21,8.45,clothing
9459,60.34,42.69,28.25,clothing
9460,46.23,9.49,37.41,clothing
9461,42.73,8.37,16.57,electronics
9462,45.93,2.71,26.28,electronics
9463,68.22,4.08,4.41,clothing
9464,87.89,22.89,38.13,tools
9465,87.27,10.84,35.22,electronics
9466,60.86,11.68,33.57,food
9467,48.16,10.7,30.84,electronics
9468,81.69,17.38,26.21,tools
9469,64.32,25.13,27.82,tools
9470,23.75,14.17,30.77,medical
9471,31.34,19.46,13.47,medical
9472,78.15,13.16,32.68,food
9473,85.45,39.75,36.21,medical
9474,8.72,34.15,4.7,tools
9475,15.19,26.87,5.22,clothing
9476,73.45,4.54,22.78,electronics
9477,9.14,42.16,24.44,electronics
9478,28.39,38.63,37.99,clothing
9479,68.27,45.95,26.27,tools
9480,81.9,44.82,21.1,medical
9481,76.64,30.47,1.32,tools
9482,54.51,1.89,21.08,clothing
9483,62.76,1.58,34.26,clothing
9484,8.97,6.92,1.63,food
9485,31.85,42.13,14.26,tools
9486,57.52,37.31,28.1,tools
9487,37.21,49.07,28.7,electronics
9488,95.93,26.39,33.12,medical
9489,81.98,29.97,2.48,food
9490,96.34,39.12,39.99,tools
9491,44.04,21.33,12.83,tools
9492,89.52,48.08,3.93,electronics
9493,91.04,48.18,33.35,electronics
9494,18.7,6.62,28.52,electronics
9495,58.77,43.33,16.47,food
9496,9.9,41.09,11.43,clothing
9497,83.24,39.39,11.27,electronics
9498,61.89,42.51,16.16,clothing
9499,19.12,12.99,4.08,electronics
9500,75.78,19.1,38.78,electronics
9501,52.07,45.17,5.68,medical
9502,42.12,25.06,34.56,clothing
9503,65.01,11.34,12.13,clothing
9504,64.24,42.62,12.83,clothing
9505,59.13,37.94,12.34,tools
9506,42.8,18.23,21.61,food
9507,88.19,35.62,22.98,electronics
9508,23.05,44.5,30.99,food
9509,7.18,49.81,39.74,clothing
9510,92.16,19.89,4.67,food
9511,44.26,44.74,27.11,clothing
9512,39.59,42.15,31.39,medical
9513,28.87,27.66,5.62,tools
9514,70.34,42.91,8.8,food
9515,34.67,48.25,21.21,electronics
9516,30.77,40.96,11.89,food
9517,69.16,24.22,21.69,clothing
9518,56.84,25.99,23.99,tools
9519,46.17,19.77,15.85,food
9520,21.89,33.55,24.32,food
9521,95.43,22.34,7.37,food
9522,44.36,12.56,32.44,medical
9523,37.34,45.38,5.79,food
9524,63.24,30.76,30.35,electronics
9525,96.7,32.1,19.34,clothing
9526,83.01,39.17,2.28,food
9527,89.93,1.87,34.57,medical
9528,12.66,48.68,17.4,clothing
9529,33.14,43.51,1.69,medical
9530,67.75,29.0,11.43,food
9531,78.81,33.68,11.83,electronics
9532,71.17,31.44,2.2,food
9533,22.7,12.68,28.31,clothing
9534,45.96,33.49,17.65,medical
9535,86.39,32.22,35.65,medical
9536,65.77,48.03,11.02,medical
9537,66.36,7.65,3.02,tools
9538,12.55,43.75,12.52,clothing
9539,26.89,13.27,29.93,clothing
9540,21.47,1.87,4.31,clothing
9541,47.46,35.87,31.65,electronics
9542,66.21,10.23,37.39,electronics
9543,18.53,16.9,24.07,clothing
9544,17.32,13.92,15.04,medical
9545,50.3,38.73,18.78,electronics
9546,39.4,34.05,2.87,tools
9547,67.55,26.54,35.21,food
9548,13.86,46.85,12.0,electronics
9549,46.04,2.71,28.73,food
9550,55.47,29.54,16.45,clothing
9551,51.47,41.78,35.05,food
9552,82.08,1.77,30.18,electronics
9553,48.9,45.11,25.41,clothing
9554,78.33,13.08,26.87,clothing
9555,34.55,37.89,3.18,medical
9556,59.74,47.66,33.35,clothing
9557,21.88,17.68,6.1,tools
9558,19.27,48.69,13.37,medical
9559,12.72,21.56,26.94,medical
9560,61.25,15.2,30.1,medical
9561,66.26,26.74,31.93,clothing
9562,99.4,28.91,31.71,food
9563,73.17,37.57,4.06,food
9564,87.62,16.95,29.03,electronics
9565,97.92,29.7,28.47,tools
9566,15.9,28.45,30.18,food
9567,26.82,32.0,38.49,tools
9568,13.3,14.76,9.34,medical
9569,59.24,7.74,27.31,clothing
9570,91.95,29.59,35.45,electronics
9571,32.75,48.04,37.8,medical
9572,69.5,28.94,28.61,clothing
9573,64.57,8.53,34.74,food
9574,6.93,27.96,26.15,tools
9575,79.95,5.77,10.97,clothing
9576,82.61,33.72,24.25,medical
9577,22.31,5.2,20.05,clothing
9578,37.32,13.41,23.72,tools
9579,58.68,20.48,4.83,tools
9580,68.06,1.39,28.81,electronics
9581,53.91,24.7,8.15,food
9582,67.6,24.7,27.26,electronics
9583,88.27,36.31,23.98,medical
9584,45.24,35.48,6.01,electronics
9585,82.53,10.72,2.75,electronics
9586,15.92,7.09,19.13,electronics
9587,11.07,32.97,34.72,electronics
9588,24.54,47.21,13.77,medical
9589,49.01,34.1,27.51,medical
9590,47.21,13.28,29.17,food
9591,41.86,41.82,14.06,medical
9592,35.65,11.13,3.71,electronics
9593,72.34,29.92,24.37,electronics
9594,5.1,45.71,3.93,food
9595,87.41,2.46,31.75,tools
9596,94.34,49.57,24.26,medical
9597,85.03,49.83,16.33,medical
9598,62.4,25.38,27.07,medical
9599,19.4,42.39,36.75,tools
9600,48.65,37.78,7.64,food
9601,39.98,21.74,26.6,food
9602,79.35,37.03,9.5,electronics
9603,76.93,19.96,39.57,clothing
9604,40.31,8.08,15.13,clothing
9605,47.32,37.06,15.81,food
9606,35.42,1.52,38.81,tools
9607,75.88,33.4,7.86,food
9608,66.98,15.58,18.99,medical
9609,30.46,36.58,30.22,tools
9610,22.42,19.56,11.15,clothing
9611,24.44,20.84,37.35,tools
9612,78.24,20.35,34.56,medical
9613,36.71,35.2,10.97,clothing
9614,87.41,2.87,13.42,clothing
9615,84.5,20.27,39.69,food
9616,99.89,4.02,16.36,medical
9617,18.78,46.35,31.91,tools
9618,39.08,4.78,11.1,medical
9619,53.49,43.64,38.64,tools
9620,87.75,42.12,20.56,tools
9621,24.43,33.05,30.84,food
9622,88.0,34.7,19.58,food
9623,62.41,18.88,7.24,food
9624,77.72,30.19,23.65,clothing
9625,42.29,23.58,28.18,electronics
9626,39.25,26.32,23.81,tools
9627,50.05,49.3,28.04,clothing
9628,41.5,38.51,37.29,electronics
9629,32.78,27.91,38.98,medical
9630,5.9,33.19,23.38,food
9631,78.71,41.44,9.27,food
9632,42.15,29.02,19.37,electronics
9633,44.97,8.67,10.74,clothing
9634,85.21,15.07,15.03,medical
9635,12.94,7.63,24.69,tools
9636,55.0,9.47,25.39,electronics
9637,11.0,29.93,32.06,tools
9638,49.93,33.66,36.38,electronics
9639,58.01,8.67,9.58,electronics
9640,39.35,7.35,22.33,clothing
9641,51.57,2.27,39.54,medical
9642,23.52,39.41,6.9,food
9643,56.96,43.62,7.92,food
9644,80.75,18.48,6.61,medical
9645,55.08,25.39,15.61,food
9646,38.32,45.37,26.31,electronics
9647,51.02,8.68,21.52,electronics
9648,85.8,25.44,17.08,electronics
9649,35.49,23.29,6.88,clothing
9650,28.31,38.15,37.01,tools
9651,99.88,47.51,29.31,tools
9652,55.0,3.41,22.05,electronics
9653,43.3,16.21,37.49,electronics
9654,76.27,37.61,14.2,tools
9655,66.8,16.68,1.41,tools
9656,58.39,32.45,35.7,medical
9657,51.22,25.1,38.68,electronics
9658,52.46,4.89,9.27,clothing
9659,82.08,36.76,38.24,medical
9660,23.42,19.82,25.73,medical
9661,77.47,12.87,9.55,electronics
9662,82.64,22.69,30.01,medical
9663,97.54,10.73,19.7,food
9664,19.84,43.4,28.0,food
9665,52.69,31.19,3.9,tools
9666,22.23,24.76,9.06,medical
9667,28.26,49.36,2.96,food
9668,15.95,15.2,13.46,tools
9669,28.99,7.4,17.25,clothing
9670,50.43,45.55,22.98,food
9671,61.54,14.21,38.03,medical
9672,47.84,48.85,16.98,tools
9673,59.35,37.8,37.5,clothing
9674,15.91,28.28,18.12,electronics
9675,51.05,36.31,16.17,electronics
9676,24.47,22.62,21.62,electronics
9677,54.78,40.51,20.73,clothing
9678,69.89,17.97,26.53,electronics
9679,48.0,12.99,32.19,clothing
9680,55.85,48.0,11.29,clothing
9681,93.61,4.16,17.97,clothing
9682,35.41,17.61,10.79,medical
9683,50.92,12.61,25.97,tools
9684,18.45,25.87,21.09,medical
9685,40.07,45.22,3.84,clothing
9686,12.73,27.87,22.95,clothing
9687,49.56,19.29,24.11,clothing
9688,85.59,11.83,29.49,clothing
9689,8.85,39.17,36.81,electronics
9690,60.97,16.66,14.68,tools
9691,46.62,19.61,22.47,electronics
9692,8.08,36.74,3.62,food
9693,31.34,46.35,12.33,food
9694,86.67,37.23,19.3,food
9695,22.9,12.48,37.57,tools
9696,78.6,38.39,14.11,food
9697,40.33,39.78,35.19,electronics
9698,63.19,24.14,37.38,clothing
9699,68.7,1.99,16.44,food
9700,52.86,36.78,5.68,medical
9701,92.04,26.74,22.85,electronics
9702,65.12,25.71,34.52,food
9703,78.94,39.55,39.39,medical
9704,85.93,21.82,2.85,medical
9705,48.29,29.47,32.71,food
9706,87.43,42.43,17.06,clothing
9707,52.45,28.9,20.45,electronics
9708,93.34,48.83,31.85,tools
9709,70.18,15.32,39.84,tools
9710,47.15,7.88,16.59,clothing
9711,90.0,36.74,38.86,tools
9712,70.2,1.84,18.22,food
9713,72.51,34.8,6.76,electronics
9714,19.03,26.32,14.48,medical
9715,27.57,17.3,12.87,tools
9716,75.09,21.84,5.72,medical
9717,47.0,10.96,22.49,medical
9718,20.64,40.28,13.31,tools
9719,73.08,29.93,34.01,clothing
9720,48.73,2.68,20.73,clothing
9721,33.9,25.25,28.76,food
9722,70.61,40.51,15.22,medical
9723,37.18,31.71,6.54,clothing
9724,25.61,31.34,15.47,medical
9725,75.37,48.71,14.62,food
9726,85.95,21.03,17.2,food
9727,11.16,7.3,5.16,medical
9728,57.01,28.09,31.47,food
9729,50.93,47.27,37.54,food
9730,47.73,43.99,22.71,food
9731,15.61,48.95,29.28,food
9732,34.47,11.91,5.03,food
9733,5.24,44.43,27.85,clothing
9734,8.36,47.91,15.51,food
9735,8.17,28.4,27.66,clothing
9736,24.4,43.16,31.36,clothing
9737,93.24,21.75,7.31,clothing
9738,42.49,17.46,17.14,medical
9739,50.11,19.2,37.43,clothing
9740,38.79,39.45,29.67,electronics
9741,32.61,40.73,13.42,medical
9742,50.73,33.29,14.8,tools
9743,32.9,9.76,27.85,clothing
9744,66.84,37.13,22.38,tools
9745,64.68,45.69,32.43,clothing
9746,47.52,11.35,19.89,electronics
9747,76.83,39.43,25.54,tools
9748,55.01,8.49,37.71,tools
9749,80.33,5.2,3.31,medical
9750,74.84,46.88,12.82,food
9751,16.11,19.57,21.4,tools
9752,45.67,34.35,5.47,electronics
9753,65.35,31.85,38.8,tools
9754,26.94,14.94,28.48,medical
9755,68.04,18.46,2.64,electronics
9756,36.89,15.74,38.01,clothing
9757,60.78,7.38,19.62,medical
9758,88.04,28.96,27.59,medical
9759,34.47,39.69,25.33,electronics
9760,46.52,18.07,28.14,clothing
9761,94.82,46.1,9.79,medical
9762,25.06,11.66,12.42,food
9763,87.73,15.92,13.68,clothing
9764,92.05,5.77,2.5,food
9765,27.39,4.17,30.76,electronics
9766,87.76,33.73,11.16,clothing
9767,64.91,35.8,16.65,food
9768,68.76,2.73,2.58,tools
9769,29.69,11.37,36.38,clothing
9770,6.73,35.37,35.05,clothing
9771,87.44,27.64,29.73,medical
9772,65.04,42.27,5.08,tools
9773,70.31,19.45,29.81,tools
9774,58.64,25.6,18.46,tools
9775,52.29,1.68,24.01,tools
9776,89.32,48.51,38.41,clothing
9777,14.75,44.77,9.96,clothing
9778,32.94,30.53,27.5,clothing
9779,14.11,3.68,15.86,electronics
9780,29.81,21.03,39.82,electronics
9781,46.72,6.47,34.78,food
9782,45.06,7.23,16.69,clothing
9783,47.98,9.44,34.81,clothing
9784,38.69,25.41,30.08,clothing
9785,94.47,24.93,15.19,clothing
9786,10.69,28.64,20.72,medical
9787,16.37,45.28,26.43,tools
9788,77.05,38.93,4.67,medical
9789,8.5,14.61,15.92,tools
9790,30.18,45.5,10.85,tools
9791,90.18,17.32,34.08,electronics
9792,77.78,19.13,17.78,electronics
9793,97.01,34.43,20.51,food
9794,61.96,39.79,29.8,electronics
9795,74.2,19.09,4.37,clothing
9796,80.83,6.61,9.55,medical
9797,57.98,13.46,20.73,medical
9798,17.83,30.54,32.61,food
9799,47.2,30.12,37.31,food
9800,34.68,9.51,19.53,medical
9801,5.23,40.28,11.97,tools
9802,34.54,13.81,30.75,electronics
9803,5.32,9.35,28.06,food
9804,38.47,14.84,13.7,electronics
9805,41.61,28.29,6.59,medical
9806,73.39,41.72,9.11,electronics
9807,94.19,43.29,15.04,tools
9808,85.03,29.21,14.71,food
9809,87.72,31.79,31.14,medical
9810,37.23,19.02,36.2,clothing
9811,65.67,26.02,11.68,clothing
9812,92.65,35.16,18.11,medical
9813,11.82,20.17,9.02,tools
9814,70.77,10.03,25.11,medical
9815,55.3,6.16,31.54,food
9816,43.64,8.76,10.65,food
9817,88.45,7.14,18.44,medical
9818,46.7,22.29,24.96,clothing
9819,80.38,43.14,23.64,electronics
9820,77.42,27.33,18.41,medical
9821,76.49,29.59,6.89,clothing
9822,32.51,30.75,8.56,tools
9823,24.12,24.96,25.85,medical
9824,19.91,43.45,29.38,medical
9825,43.84,13.77,32.78,tools
9826,91.43,17.19,16.77,medical
9827,90.27,32.66,9.16,food
9828,8.02,4.71,5.81,food
9829,88.06,24.7,24.28,electronics
9830,28.12,3.02,9.09,clothing
9831,26.05,10.79,26.51,tools
9832,53.65,6.16,16.71,clothing
9833,82.69,8.72,17.51,clothing
9834,10.54,6.84,24.28,clothing
9835,55.21,34.96,36.66,electronics
9836,95.73,4.53,14.79,food
9837,58.52,27.66,4.68,medical
9838,28.38,40.65,34.55,clothing
9839,81.33,2.05,15.73,medical
9840,6.17,21.59,8.15,medical
9841,38.56,15.2,2.48,food
9842,43.99,49.45,7.81,food
9843,34.54,47.64,22.54,clothing
9844,17.52,46.72,38.41,tools
9845,65.64,27.96,28.16,medical
9846,96.36,5.87,31.89,food
9847,37.05,47.82,5.89,tools
9848,55.29,2.63,13.6,medical
9849,85.21,44.61,20.36,tools
9850,42.49,35.75,35.49,tools
9851,8.53,49.94,19.63,electronics
9852,22.47,47.84,21.71,medical
9853,93.61,3.43,21.8,medical
9854,57.47,38.38,22.73,food
9855,15.8,3.06,38.2,medical
9856,98.64,3.64,27.75,medical
9857,12.86,14.75,8.71,tools
9858,23.53,1.49,35.85,food
9859,7.49,3.55,33.98,medical
9860,21.82,40.01,19.81,food
9861,98.57,46.85,20.21,clothing
9862,83.41,44.75,18.51,clothing
9863,73.05,42.31,25.03,tools
9864,26.95,23.63,21.79,electronics
9865,94.23,8.48,31.6,food
9866,21.43,29.17,27.15,food
9867,96.59,17.07,2.45,electronics
9868,61.3,42.82,10.7,electronics
9869,51.48,44.28,12.37,tools
9870,53.06,20.69,13.14,clothing
9871,30.49,27.76,3.24,clothing
9872,21.5,49.13,30.39,food
9873,42.98,49.36,33.6,food
9874,50.41,18.17,39.14,electronics
9875,66.59,14.73,36.81,clothing
9876,28.18,25.15,2.51,medical
9877,76.03,48.5,25.07,tools
9878,74.52,6.66,31.79,tools
9879,64.86,4.81,9.85,electronics
9880,99.18,35.62,1.09,food
9881,24.9,6.39,30.54,medical
9882,60.17,13.97,5.51,tools
9883,34.68,2.52,35.58,food
9884,98.95,46.01,13.75,tools
9885,85.67,22.3,39.46,medical
9886,10.18,28.79,4.01,medical
9887,75.61,7.39,16.07,food
9888,26.95,19.58,12.42,clothing
9889,95.58,10.32,1.3,medical
9890,13.14,23.0,24.48,clothing
9891,33.03,23.79,29.8,tools
9892,36.77,6.4,26.97,clothing
9893,39.39,28.15,24.32,tools
9894,5.54,41.67,32.74,medical
9895,78.28,40.1,10.08,electronics
9896,19.94,21.44,9.81,clothing
9897,40.06,24.12,17.86,electronics
9898,22.3,6.36,26.43,tools
9899,19.26,10.1,37.21,clothing
9900,79.42,19.44,39.78,tools
9901,42.7,17.0,17.51,food
9902,33.01,9.21,8.54,medical
9903,46.83,15.09,26.91,clothing
9904,9.17,24.07,20.44,food
9905,19.36,35.95,34.69,clothing
9906,93.35,42.5,20.23,electronics
9907,20.51,49.27,13.32,medical
9908,94.67,26.61,28.42,clothing
9909,61.5,36.0,16.64,clothing
9910,86.88,5.83,38.86,electronics
9911,87.25,6.55,3.6,food
9912,73.72,6.68,12.42,clothing
9913,34.62,18.85,12.91,medical
9914,46.76,4.64,27.24,food
9915,47.15,46.23,19.33,electronics
9916,13.78,44.68,1.02,medical
9917,43.22,16.74,36.28,electronics
9918,67.19,27.59,19.55,tools
9919,23.25,1.36,5.77,tools
9920,93.65,20.76,36.35,medical
9921,7.75,6.11,26.36,tools
9922,15.77,33.93,18.63,clothing
9923,26.06,5.43,38.14,tools
9924,48.23,2.45,10.53,electronics
9925,49.66,19.65,38.25,medical
9926,29.66,2.5,23.22,electronics
9927,32.62,7.36,16.55,tools
9928,72.41,43.78,22.57,food
9929,85.92,4.68,17.42,electronics
9930,24.55,38.35,7.73,tools
9931,84.44,13.42,39.94,electronics
9932,88.38,33.29,37.76,food
9933,31.1,37.89,6.69,food
9934,95.47,4.06,17.59,electronics
9935,17.0,4.59,4.09,clothing
9936,29.86,3.69,21.22,clothing
9937,81.85,5.79,28.37,clothing
9938,19.14,14.67,27.89,medical
9939,35.27,4.17,30.39,electronics
9940,45.35,16.91,30.69,food
9941,14.36,22.22,34.78,clothing
9942,80.29,1.47,2.32,electronics
9943,66.33,15.11,4.75,food
9944,50.2,49.97,26.48,food
9945,65.98,15.24,17.59,food
9946,65.11,38.09,1.46,medical
9947,56.62,42.54,2.78,medical
9948,55.88,29.25,27.7,electronics
9949,48.02,19.41,5.35,clothing
9950,26.61,1.67,5.15,electronics
9951,65.23,48.38,25.91,medical
9952,34.11,25.42,10.29,food
9953,40.26,33.07,26.47,clothing
9954,49.54,22.17,24.52,tools
9955,13.91,21.9,31.1,food
9956,84.43,18.78,10.42,medical
9957,80.72,16.67,10.91,tools
9958,80.54,11.5,1.72,tools
9959,54.24,31.45,22.72,medical
9960,30.52,1.87,25.19,food
9961,58.64,17.05,31.73,electronics
9962,8.09,18.15,36.95,food
9963,52.71,27.0,18.43,food
9964,42.1,25.76,16.47,food
9965,75.4,30.71,25.77,food
9966,32.36,21.88,25.78,tools
9967,61.7,43.23,2.37,medical
9968,21.86,24.91,26.2,clothing
9969,7.46,48.88,39.88,tools
9970,42.41,40.15,4.47,tools
9971,19.26,33.72,5.59,clothing
9972,36.56,7.84,22.62,food
9973,24.92,47.82,8.23,medical
9974,51.17,7.71,1.09,food
9975,54.31,17.86,30.51,medical
9976,16.71,9.57,18.96,tools
9977,96.01,13.8,8.39,food
9978,52.2,35.71,8.36,food
9979,34.98,25.1,28.28,electronics
9980,22.09,39.43,27.37,electronics
9981,73.63,1.58,10.85,tools
9982,46.73,12.68,19.76,tools
9983,40.11,25.9,3.55,clothing
9984,32.31,17.78,39.12,electronics
9985,99.66,7.66,38.41,electronics
9986,26.49,43.63,26.0,tools
9987,87.03,29.16,15.0,clothing
9988,51.71,30.78,38.74,clothing
9989,26.26,15.47,31.56,medical
9990,25.03,29.66,18.7,food
9991,54.45,31.72,17.47,tools
9992,17.13,8.28,10.33,tools
9993,14.69,44.52,3.87,food
9994,9.82,2.44,13.8,electronics
9995,94.83,34.14,7.95,electronics
9996,43.48,29.26,38.23,electronics
9997,72.59,43.97,7.65,food
9998,83.16,7.18,9.9,food
9999,91.1,28.33,31.63,clothing
10000,76.5,44.44,34.54,medical
